Track URI,Track Name,Album Name,Artist Name(s),Release Date,Duration (ms),Popularity,Explicit,Added By,Added At,Genres,Record Label,Danceability,Energy,Key,Loudness,Mode,Speechiness,Acousticness,Instrumentalness,Liveness,Valence,Tempo,Time Signature
spotify:track:2wH2ZanAfGj9REJSbC4nIQ,¿Qué Vas A Hacer Tan Sola Hoy?,Especial,Viejas Locas,1999-01-01,248693,64,False,,2025-12-26T12:48:06Z,,,,,,,,,,,,,,
spotify:track:75dqA2rQHnUtP7XjvkmKh2,Todo Sigue Igual,Especial,Viejas Locas,1999-01-01,214600,65,False,,2025-12-26T12:44:26Z,,,,,,,,,,,,,,
spotify:track:2kB1rqoTaZ3j6ChtIWGurm,Me Gustas Mucho,Especial,Viejas Locas,1999-01-01,199933,67,False,,2025-12-26T12:41:07Z,,,,,,,,,,,,,,
spotify:track:0ZAJ660VP57lLK4U7NlGOy,Nunca quise,Otro Día en el Planeta Tierra,Intoxicados,2005,260371,70,False,,2025-12-26T12:40:03Z,,,,,,,,,,,,,,
spotify:track:6Yu1OL8I0D4vjOzYdsXYGK,12:51,Room On Fire,The Strokes,2003-10-28,153133,65,True,,2025-12-26T12:39:51Z,,,,,,,,,,,,,,
spotify:track:4bJygwUKrRgq1stlNXcgMg,All The Things She Said,200 KM/H In The Wrong Lane (10th Anniversary Edition),t.A.T.u.,2002,214440,84,True,,2025-12-23T14:48:10Z,,,,,,,,,,,,,,
spotify:track:5ac3D4hNLW7NFhYFCThXgh,Careless Whisper - Remastered,Careless Whisper EP,George Michael,2024-10-18,303494,80,False,,2025-12-23T13:54:04Z,,,,,,,,,,,,,,
spotify:track:7oOOI85fVQvVnK5ynNMdW7,Rock with You - Single Version,Off the Wall,Michael Jackson,1979-08-10,219926,82,False,,2025-12-22T18:56:47Z,,,,,,,,,,,,,,
spotify:track:2aGw77pZqli064JiPuXYRi,I'm Like A Bird,"Whoa, Nelly! (Expanded Edition)",Nelly Furtado,2000,243160,75,False,,2025-12-18T13:20:12Z,,,,,,,,,,,,,,
spotify:track:0qcjuYtMWhBjXg0Xwt5SzS,Just Lose It,Encore (Deluxe Version),Eminem,2004-11-12,248680,71,True,,2025-12-18T13:19:32Z,,,,,,,,,,,,,,
spotify:track:2tUBqZG2AbRi7Q0BIrVrEj,I Wanna Dance with Somebody (Who Loves Me),Whitney,Whitney Houston,1987-06-02,292875,83,False,,2025-12-18T13:15:21Z,,,,,,,,,,,,,,
spotify:track:7ySUcLPVX7KudhnmNcgY2D,S&M,Loud,Rihanna,2010-01-01,243600,85,True,,2025-12-18T13:03:17Z,,,,,,,,,,,,,,
spotify:track:0MXosG7BdA9uukm88V7zAD,In The Clear,Sonic Highways,Foo Fighters,2014-11-09,243843,42,False,,2025-12-18T12:59:16Z,,,,,,,,,,,,,,
spotify:track:7upAH0ezzsThyvr33YKn4u,Pasos Al Costado,Para Mi para Vos,Turf,2004-01-01,256555,69,False,,2025-12-18T12:58:39Z,,,,,,,,,,,,,,
spotify:track:2LHNTC9QZxsL3nWpt8iaSR,Abracadabra,MAYHEM,Lady Gaga,2025-03-07,223398,82,False,,2025-12-16T16:41:17Z,,,,,,,,,,,,,,
spotify:track:0u8J52fqQhQXKvAC23ICvO,That's the Way I Wanna Rock 'N' Roll,Blow Up Your Video,AC/DC,1988-02-01,225390,49,False,,2025-12-16T16:39:37Z,,,,,,,,,,,,,,
spotify:track:09CtPGIpYB4BrO8qb1RGsF,Sorry,Purpose (Deluxe),Justin Bieber,2015-11-13,200786,87,False,,2025-12-16T16:34:24Z,,,,,,,,,,,,,,
spotify:track:1LbwMX3159t6QxG3u7DRWe,I Only Lie When I Love You,How Did We Get So Dark?,Royal Blood,2017-06-16,169720,56,False,,2025-12-16T15:39:48Z,,,,,,,,,,,,,,
spotify:track:0cLvKgKkqlaJ9UajbitH4l,Fire Your Guns,The Razors Edge,AC/DC,1990-09-24,173753,57,False,,2025-12-16T15:39:22Z,,,,,,,,,,,,,,
spotify:track:7DSAEUvxU8FajXtRloy8M0,Flowers,Endless Summer Vacation,Miley Cyrus,2023-08-18,200600,86,False,,2025-12-16T15:35:58Z,,,,,,,,,,,,,,
spotify:track:2TKtQAy9VKwq3Kh234uE85,Stone Free,Are You Experienced,Jimi Hendrix,1967-05-12,215706,44,False,,2025-12-16T15:08:02Z,,,,,,,,,,,,,,
spotify:track:577mOFb1LAvSANIUZ4mbQ7,Revenga,Mezmerize,System Of A Down,2005-05-17,228026,63,False,,2025-12-16T14:59:47Z,,,,,,,,,,,,,,
spotify:track:5Ei9o2fHEnfHb84YrPuz4v,China Girl - 2018 Remaster,Let's Dance (2018 Remaster),David Bowie,1983-04-14,333816,64,False,,2025-12-15T15:46:07Z,,,,,,,,,,,,,,
spotify:track:7Gpr3kKk4BMgItz6UbI73q,Road Trippin',Californication,Red Hot Chili Peppers,1999-06-08,204960,66,False,,2025-12-15T13:53:23Z,,,,,,,,,,,,,,
spotify:track:3koCCeSaVUyrRo3N2gHrd8,Let's Groove,Raise!,"Earth, Wind & Fire",1981-11-14,339018,81,False,,2025-12-15T13:45:14Z,,,,,,,,,,,,,,
spotify:track:7zscdQe9CjzXnqT3P1Ey7K,If You Want Blood (You've Got It),Highway to Hell,AC/DC,1979-07-27,277078,67,False,,2025-12-15T13:44:59Z,,,,,,,,,,,,,,
spotify:track:08yhz3ei8jgCmwcsHZTSAa,Tied Up,Hollow Bones,Rival Sons,2016-06-10,207359,46,False,,2025-12-11T01:18:07Z,,,,,,,,,,,,,,
spotify:track:0KpTFH1SzexN8SGc0GPILC,Don't Let Me Be Misunderstood,The Singles Plus,The Animals,1987-10-19,145693,64,False,,2025-12-10T22:08:57Z,,,,,,,,,,,,,,
spotify:track:1ot6jEe4w4hYnsOPjd3xKQ,I'm So Excited,So Excited! (Expanded Edition),The Pointer Sisters,1982-02-01,230640,73,False,,2025-12-10T21:53:02Z,,,,,,,,,,,,,,
spotify:track:7fBv7CLKzipRk6EC6TWHOB,The Hills,Beauty Behind The Madness,The Weeknd,2015-08-28,242253,88,True,,2025-12-10T21:52:20Z,,,,,,,,,,,,,,
spotify:track:2LBqCSwhJGcFQeTHMVGwy3,Die For You,Starboy,The Weeknd,2016-11-24,260253,87,False,,2025-12-10T14:57:16Z,,,,,,,,,,,,,,
spotify:track:6gY6HikW4HpczY2aJzLAO8,Beyond,Random Access Memories,Daft Punk,2013,290214,34,False,,2025-12-09T16:25:06Z,,,,,,,,,,,,,,
spotify:track:25KybV9BOUlvcnv7nN3Pyo,In The Night,Beauty Behind The Madness,The Weeknd,2015-08-28,235653,72,True,,2025-12-09T16:21:23Z,,,,,,,,,,,,,,
spotify:track:7pYfyrMNPn3wtoCyqcTVoI,"Moves Like Jagger - Studio Recording From ""The Voice"" Performance",Hands All Over (Revised International Standard version),"Maroon 5, Christina Aguilera",2010,201493,82,False,,2025-12-09T16:15:21Z,,,,,,,,,,,,,,
spotify:track:7szuecWAPwGoV1e5vGu8tl,In Your Eyes,After Hours,The Weeknd,2020-03-20,237520,77,True,,2025-12-09T16:14:43Z,,,,,,,,,,,,,,
spotify:track:2goLsvvODILDzeeiT4dAoR,Believe,Believe,Cher,1998,239026,81,False,,2025-12-09T16:11:15Z,,,,,,,,,,,,,,
spotify:track:2bo1tTjK87OHKKUDFthqHx,I Like Dirt,Californication (Deluxe Edition),Red Hot Chili Peppers,1999-06-08,157626,50,False,,2025-12-09T16:10:55Z,,,,,,,,,,,,,,
spotify:track:02RDt0n6EXpYemu5mhMxjh,Days Are Forgotten,Velociraptor!,Kasabian,2011-09-19,302613,48,True,,2025-12-09T16:06:05Z,,,,,,,,,,,,,,
spotify:track:6vLwOFz5BYeEJPyvgUea2D,Factory of Faith,I'm with You,Red Hot Chili Peppers,2011-08-29,259946,54,False,,2025-12-09T16:05:39Z,,,,,,,,,,,,,,
spotify:track:0h3A3hdDq762DzIOKUoF21,Heatseeker,Blow Up Your Video,AC/DC,1988-02-01,230422,55,False,,2025-12-09T15:53:11Z,,,,,,,,,,,,,,
spotify:track:4RU7rnJBOXCzWmsLDqUaFC,Look Around,I'm with You,Red Hot Chili Peppers,2011-08-29,208000,58,False,,2025-12-04T21:22:42Z,,,,,,,,,,,,,,
spotify:track:3LqWKbOdMK4jB3NPcMIvJt,The River Is Rising (feat. Myles Kennedy and The Conspirators),4 (feat. Myles Kennedy and The Conspirators),"Slash, Myles Kennedy And The Conspirators",2022-02-11,222817,37,False,,2025-12-04T19:03:01Z,,,,,,,,,,,,,,
spotify:track:3Am4yxuwBTorY6kaqX31zE,40',Franz Ferdinand,Franz Ferdinand,2004-02-16,204266,50,False,,2025-12-04T18:07:58Z,,,,,,,,,,,,,,
spotify:track:7bv9wNXN3FHKMRTMdi48fL,For A Brother,Libertad,Velvet Revolver,2007-07-03,206440,23,False,,2025-12-04T18:03:10Z,,,,,,,,,,,,,,
spotify:track:6QyBIZEvs11K9lKjyLYtv6,Take It Off,Spend The Night (U.S. Version),The Donnas,2003-04-01,161999,50,False,,2025-12-04T02:09:58Z,,,,,,,,,,,,,,
spotify:track:2o22GHXR1z4Q0dojvRUkk7,Shadow on the Sun,Audioslave,Audioslave,2002,343400,56,False,,2025-11-28T22:01:48Z,,,,,,,,,,,,,,
spotify:track:3RZauEkvORMeP06npyaIYa,Famous,Day/Night,Parcels,2021-11-05,289653,47,False,,2025-11-28T02:25:34Z,,,,,,,,,,,,,,
spotify:track:5YBRbCkuzxkxA3e5BfetdI,Can I Play with Madness - 2015 Remaster,Seventh Son of a Seventh Son (2015 Remaster),Iron Maiden,1988,211253,59,False,,2025-11-28T02:24:48Z,,,,,,,,,,,,,,
spotify:track:5ahPl557niKxia8Kquw1yh,Evil Walks,For Those About to Rock (We Salute You),AC/DC,1981-11-23,264071,43,False,,2025-11-28T02:24:35Z,,,,,,,,,,,,,,
spotify:track:2YtVzmZzew1ILUdNueyWd7,Wait Until Tomorrow,Axis: Bold As Love,Jimi Hendrix,1967-12-01,182546,47,False,,2025-11-27T02:16:46Z,,,,,,,,,,,,,,
spotify:track:7qk4uPeLpaKhp8lwas1sBb,There's No Other Way - 2012 Remaster,Leisure (Special Edition),Blur,1991-08-26,204866,54,False,,2025-11-26T03:40:57Z,,,,,,,,,,,,,,
spotify:track:7A1odihHBrI8n9k0Fefh2j,Are You Ready,The Razors Edge,AC/DC,1990-09-24,250327,62,False,,2025-11-26T03:36:07Z,,,,,,,,,,,,,,
spotify:track:30XU4suKzCeoCK9YFzdufg,Born This Way,Born This Way (International Special Edition Version),Lady Gaga,2011-05-23,260252,75,False,,2025-11-26T03:28:06Z,,,,,,,,,,,,,,
spotify:track:337kipThk7s7nHJ8POg1jK,Why Go,Ten,Pearl Jam,1991-08-27,199985,57,True,,2025-11-26T03:27:55Z,,,,,,,,,,,,,,
spotify:track:1Avnd5xLg7HmaNofmYk7RQ,Withorwithout,Parcels,Parcels,2018-10-12,205048,58,False,,2025-11-26T03:27:15Z,,,,,,,,,,,,,,
spotify:track:0d0Z9qFbTIgDSZtImluTAy,Houses of the Holy - Remaster,Physical Graffiti (Deluxe Edition),Led Zeppelin,1975-02-24,244686,57,False,,2025-11-26T03:26:50Z,,,,,,,,,,,,,,
spotify:track:3bXhtg6H8lOMWaLZttQF6F,Sunday Morning - Acoustic,1.22.03 Acoustic,Maroon 5,2004,254853,63,False,,2025-11-26T03:23:32Z,,,,,,,,,,,,,,
spotify:track:7w04gIWA7mIbqR03Ghyrkl,Night Prowler,Highway to Hell,AC/DC,1979-07-27,378268,52,False,,2025-11-26T03:23:14Z,,,,,,,,,,,,,,
spotify:track:2K6vUau7bnZUamjbRSOOvJ,777,An Evening With Silk Sonic,"Bruno Mars, Anderson .Paak, Silk Sonic",2021-11-12,165000,60,True,,2025-11-26T03:23:01Z,,,,,,,,,,,,,,
spotify:track:06ypiqmILMdVeaiErMFA91,Drive My Car - Remastered 2009,Rubber Soul (Remastered 2009),The Beatles,1965-12-03,148893,65,False,,2025-11-26T03:22:34Z,,,,,,,,,,,,,,
spotify:track:5xquYn2sr3uEcyuKU9BmCJ,Walk All Over You,Highway to Hell,AC/DC,1979-07-27,310135,59,False,,2025-11-26T03:16:28Z,,,,,,,,,,,,,,
spotify:track:5zWUPmxHV2SlneROGBg651,Ride,Winning Days,The Vines,2004-01-01,156213,42,False,,2025-11-26T03:13:36Z,,,,,,,,,,,,,,
spotify:track:61MZN0yyMWSEwrLPUUGfgJ,Sheena Is a Punk Rocker - 2017 Remaster,Rocket to Russia (40th Anniversary Deluxe Edition),Ramones,1977-11-04,169920,58,False,,2025-11-26T03:13:27Z,,,,,,,,,,,,,,
spotify:track:5tLacvgGxftjiWhddXuUn5,The Wanton Song - Remaster,Physical Graffiti (Deluxe Edition),Led Zeppelin,1975-02-24,248720,51,False,,2025-11-26T03:11:52Z,,,,,,,,,,,,,,
spotify:track:1CgmY8fVN7kstVDZmsdM5k,P.Y.T. (Pretty Young Thing),Thriller,Michael Jackson,1982-11-30,238333,77,False,,2025-11-25T19:33:34Z,,,,,,,,,,,,,,
spotify:track:6uZtMNTfU5u8w6fsnXeOdb,The Jean Genie - 2013 Remaster,Aladdin Sane (2013 Remaster),David Bowie,1973-04-13,248013,57,False,,2025-11-25T19:28:55Z,,,,,,,,,,,,,,
spotify:track:4H78HR8fBjJRWRueFVKo79,Comedown,Parcels,Parcels,2018-10-12,188724,50,False,,2025-11-25T19:28:46Z,,,,,,,,,,,,,,
spotify:track:79KUOd1p6yNjh2Jkr9IQHk,Hell Ain't a Bad Place to Be,Let There Be Rock,AC/DC,1977-03-21,254437,57,False,,2025-11-22T18:17:58Z,,,,,,,,,,,,,,
spotify:track:5UKeFkVeUfvP6S43I8s9mt,Jailbreak,'74 Jailbreak,AC/DC,1984-10-15,281046,62,False,,2025-11-22T18:00:12Z,,,,,,,,,,,,,,
spotify:track:6rlLQPXSkhTlcDgUkCfqOr,"My Hero - Live at Studio 606 West, Northridge, CA - September 2007",00070725 Live At Studio 606,Foo Fighters,2019-09-13,279453,41,False,,2025-11-22T17:55:40Z,,,,,,,,,,,,,,
spotify:track:5By7Pzgl6TMuVJG168VWzS,Michelle - Remastered 2009,Rubber Soul (Remastered 2009),The Beatles,1965-12-03,162373,68,False,,2025-11-22T17:50:39Z,,,,,,,,,,,,,,
spotify:track:3uMYq07Kj5m564OQwdSCrD,Cuando Pase El Temblor - Remasterizado 2007,Nada Personal (Remastered),Soda Stereo,1985-10-09,229160,75,False,,2025-11-22T17:43:25Z,,,,,,,,,,,,,,
spotify:track:6J17MkMmuzBiIOjRH6MOBZ,Rock and Roll Ain't Noise Pollution,Back In Black,AC/DC,1980-07-25,255648,63,False,,2025-11-22T17:43:04Z,,,,,,,,,,,,,,
spotify:track:35mvY5S1H3J2QZyna3TFe0,positions,Positions,Ariana Grande,2020-10-30,172324,80,True,,2025-11-21T15:10:21Z,,,,,,,,,,,,,,
spotify:track:1rxD34LAtkafrMUHqHIV76,Bring It on Home - Remaster,Led Zeppelin II (Remaster),Led Zeppelin,1969-10-22,259741,56,False,,2025-11-21T14:57:39Z,,,,,,,,,,,,,,
spotify:track:0V7Wn8Fry7KBO5stYqpFvM,Every Time I Look For You,Take Off Your Pants And Jacket,blink-182,2001,185466,65,False,,2025-11-20T14:31:38Z,,,,,,,,,,,,,,
spotify:track:1Mqfdem6pgGVoULjSkkcc9,Cae el Sol,Voragine,Airbag,2011-05-01,281386,70,False,,2025-11-20T14:04:05Z,,,,,,,,,,,,,,
spotify:track:6Th6ND8RQPywiyelecP5Lf,What Do You Do for Money Honey,Back In Black,AC/DC,1980-07-25,215675,57,False,,2025-11-20T13:59:45Z,,,,,,,,,,,,,,
spotify:track:5qbVkwfy0RYGFA6hAiIL90,The Lemon Song - 1993 Remaster,Led Zeppelin II (1994 Remaster),Led Zeppelin,1969-10-22,379626,49,False,,2025-11-20T13:59:37Z,,,,,,,,,,,,,,
spotify:track:7ecVrUYlhj6OrKTAK0oDzo,The Girl I Love She Got Long Black Wavy Hair - Live on Tasty Pop Sundae from BBC Sessions;Remaster,The Complete BBC Sessions (Remastered),Led Zeppelin,2016-09-16,183226,50,False,,2025-11-18T17:02:57Z,,,,,,,,,,,,,,
spotify:track:0L0x35hQnmCLtHeSGQlEZj,Dog Eat Dog,Let There Be Rock,AC/DC,1977-03-21,215152,55,False,,2025-11-18T16:35:41Z,,,,,,,,,,,,,,
spotify:track:2308VPPaMh7Q3AX1Zap99A,Rock 'N' Roll Damnation,Powerage,AC/DC,1978-05-05,217511,54,False,,2025-11-18T16:23:02Z,,,,,,,,,,,,,,
spotify:track:5LYMamLv12UPbemOaTPyeV,Music For a Sushi Restaurant,Harry's House,Harry Styles,2022-05-20,193813,69,False,,2025-11-18T15:54:18Z,,,,,,,,,,,,,,
spotify:track:4mPiTSD96K4Dha1irhqpW3,Bend & Break,Hopes And Fears,Keane,2004-05-10,220133,62,False,,2025-11-17T21:30:43Z,,,,,,,,,,,,,,
spotify:track:17xGX76BVzLRSbpYteAGR4,Bedshaped,Hopes And Fears,Keane,2004-05-10,278000,60,False,,2025-11-17T21:26:04Z,,,,,,,,,,,,,,
spotify:track:5fXRPS1tp70DbqsBZVyG4e,Happy,Exile On Main Street (Deluxe Version),The Rolling Stones,1972-05-12,184626,52,False,,2025-11-17T20:17:15Z,,,,,,,,,,,,,,
spotify:track:6OuwrRwl7q5VVpPREsx4j7,Free Me,In Your Honor,Foo Fighters,2005-06-14,278252,40,False,,2025-11-17T14:29:34Z,,,,,,,,,,,,,,
spotify:track:02VBYrHfVwfEWXk5DXyf0T,Leave The Door Open,An Evening With Silk Sonic,"Bruno Mars, Anderson .Paak, Silk Sonic",2021-11-11,242096,82,False,,2025-11-16T19:27:27Z,,,,,,,,,,,,,,
spotify:track:2M5WTwqnkyz7bW6P1CiD6q,I'm Broken,Far Beyond Driven,Pantera,1994,264800,68,True,,2025-11-15T00:25:34Z,,,,,,,,,,,,,,
spotify:track:2JoZzpdeP2G6Csfdq5aLXP,How Deep Is Your Love,Greatest,Bee Gees,1979-01-01,245200,81,False,,2025-11-14T23:52:09Z,,,,,,,,,,,,,,
spotify:track:5jgFfDIR6FR0gvlA56Nakr,Blackbird - Remastered 2009,The Beatles (Remastered),The Beatles,1968-11-22,138386,78,False,,2025-11-14T23:51:46Z,,,,,,,,,,,,,,
spotify:track:7zaZlzl0XhthNwH3GQcyZ0,Stranger Things Have Happened,"Echoes, Silence, Patience & Grace",Foo Fighters,2007-09-25,320937,55,False,,2025-11-14T23:51:08Z,,,,,,,,,,,,,,
spotify:track:4GMQOjbWshf4Mzphkjg0DJ,Tornado Of Souls,Rust In Peace,Megadeth,1990-01-01,322933,62,False,,2025-11-14T23:50:58Z,,,,,,,,,,,,,,
spotify:track:0VjIjW4GlUZAMYd2vXMi3b,Blinding Lights,After Hours,The Weeknd,2020-03-20,200040,91,False,,2025-11-14T23:50:34Z,,,,,,,,,,,,,,
spotify:track:7EsjkelQuoUlJXEw7SeVV4,Black or White,Dangerous,Michael Jackson,1991-11-13,256017,74,False,,2025-11-14T23:50:23Z,,,,,,,,,,,,,,
spotify:track:5VBzIn9cBH4BNa1c6Zilba,How Many More Times - 1993 Remaster,Led Zeppelin,Led Zeppelin,1969-01-12,508000,54,False,,2025-11-14T23:50:12Z,,,,,,,,,,,,,,
spotify:track:6Slvi85s1hIaeykjvDe1xk,Perhaps Vampires Is A Bit Strong But…,"Whatever People Say I Am, That's What I'm Not",Arctic Monkeys,2006-01-29,268626,57,False,,2025-11-14T23:49:53Z,,,,,,,,,,,,,,
spotify:track:4wYq5wugZDzQiMZQYG4wVB,Whole Lotta Rosie,Let There Be Rock,AC/DC,1977-03-21,324584,68,False,,2025-11-14T23:49:43Z,,,,,,,,,,,,,,
spotify:track:1ZozJfi8u9cO2Ob8KwiwNT,Higher,Human Clay,Creed,1999-01-01,316733,79,False,,2025-11-14T14:18:02Z,,,,,,,,,,,,,,
spotify:track:0GrHWVTDsaWcD4nrCGr7VE,Lost In Hollywood,Mezmerize,System Of A Down,2005-05-17,320693,68,False,,2025-11-14T14:11:11Z,,,,,,,,,,,,,,
spotify:track:4N9fFHRxns1B86F8YTneBz,Reckless Abandon,Take Off Your Pants And Jacket,blink-182,2001,186173,56,True,,2025-11-14T14:10:35Z,,,,,,,,,,,,,,
spotify:track:402sXCQikR6VV2x2265Jsm,My Lovely Man,Blood Sugar Sex Magik (Deluxe Edition),Red Hot Chili Peppers,1991-09-24,279066,46,False,,2025-11-14T14:06:00Z,,,,,,,,,,,,,,
spotify:track:3rxqTIzSZGHpjG0NBleFjH,I've Got Dreams To Remember,Bring 'Em In,"Buddy Guy, John Mayer",2005-09-01,296280,34,False,,2025-11-14T14:05:34Z,,,,,,,,,,,,,,
spotify:track:2oaK4JLVnmRGIO9ytBE1bt,Dark Necessities,The Getaway,Red Hot Chili Peppers,2016-06-17,302000,78,False,,2025-11-13T18:13:54Z,,,,,,,,,,,,,,
spotify:track:2vyae4DvSU2gs8OMOGwXF2,Rock or Bust,Rock or Bust,AC/DC,2014-11-28,183058,63,False,,2025-11-13T17:09:27Z,,,,,,,,,,,,,,
spotify:track:0eDQj41kzBhMKQIkTt6OJR,A Certain Romance,"Whatever People Say I Am, That's What I'm Not",Arctic Monkeys,2006-01-29,331200,64,False,,2025-11-12T14:29:47Z,,,,,,,,,,,,,,
spotify:track:7dbNC7CvnkAxrMOFDwdqn8,The Garden,Use Your Illusion I,Guns N' Roses,1991-09-17,319373,49,False,,2025-11-12T14:20:45Z,,,,,,,,,,,,,,
spotify:track:2DcxTfOm8y2UgeP81qdidR,Online Songs,Take Off Your Pants And Jacket,blink-182,2001,145733,60,False,,2025-11-11T23:57:16Z,,,,,,,,,,,,,,
spotify:track:2HZGsnMByx3V8KmNW6LqWF,Rockaway Beach - 2017 Remaster,Rocket to Russia (40th Anniversary Deluxe Edition),Ramones,1977-11-04,126453,53,False,,2025-11-11T23:56:44Z,,,,,,,,,,,,,,
spotify:track:41pOIT2t1rvr2Trg1HQChZ,Radio/Video,Mezmerize,System Of A Down,2005-05-17,249226,74,False,,2025-11-11T23:46:32Z,,,,,,,,,,,,,,
spotify:track:6PUeRHhaxl66nRbY9dPuOP,Heroes - Single Version; 2002 Remaster,Best of Bowie,David Bowie,2002-10-21,217360,58,False,,2025-11-11T23:42:30Z,,,,,,,,,,,,,,
spotify:track:6HSXNV0b4M4cLJ7ljgVVeh,Knockin' On Heaven's Door,Pat Garrett & Billy The Kid (Soundtrack From The Motion Picture),Bob Dylan,1973-07-13,149880,83,False,,2025-11-11T23:42:03Z,,,,,,,,,,,,,,
spotify:track:4UF1eupXP9Zz5GpYepyOxI,Razorblade,First Impressions Of Earth,The Strokes,2006-01-03,208133,58,False,,2025-11-11T23:30:47Z,,,,,,,,,,,,,,
spotify:track:3b2b0XQe08z0fjk6V8V0j2,Spectacle,Contraband,Velvet Revolver,2004,221266,32,True,,2025-11-11T23:29:49Z,,,,,,,,,,,,,,
spotify:track:4RS9PmtHQe7I0o5fEeweOY,Dance the Night Away - 2015 Remaster,Van Halen II (Remastered),Van Halen,1979-03-23,188083,64,False,,2025-11-11T23:29:33Z,,,,,,,,,,,,,,
spotify:track:648BMGrt98kUbLo24A4vgj,Hip To Be Square,Fore!,Huey Lewis & The News,1986-01-01,245466,64,False,,2025-11-11T23:28:55Z,,,,,,,,,,,,,,
spotify:track:6MumccCPd4N6qBVdl0gSeM,Jamie's Cryin' - 2015 Remaster,Van Halen (Remastered),Van Halen,1978-02-10,209586,59,False,,2025-11-11T23:21:44Z,,,,,,,,,,,,,,
spotify:track:3dY1DlC1nDUDtiIKaQ0Ynu,Kangaroo Court,In A Tidal Wave of Mystery,Capital Cities,2013-06-04,223186,68,False,,2025-11-11T23:20:39Z,,,,,,,,,,,,,,
spotify:track:3gBiC50QtRYGuo9pL4fQfI,Know Your Enemy,21st Century Breakdown,Green Day,2009-05-09,191786,50,False,,2025-11-11T23:20:00Z,,,,,,,,,,,,,,
spotify:track:2TjdnqlpwOjhijHCwHCP2d,The Great Gig in the Sky,The Dark Side of the Moon,Pink Floyd,1973-03-01,284413,78,False,,2025-11-11T23:19:33Z,,,,,,,,,,,,,,
spotify:track:7FblcKgEyo6zZjSMAnYpOX,Wicked Garden - 2017 Remaster,Core (Super Deluxe Edition),Stone Temple Pilots,1992-09-29,245266,64,False,,2025-11-11T23:19:02Z,,,,,,,,,,,,,,
spotify:track:7cJ8yUXYVKJ9vSr0kSD75b,Can't Get It Out Of My Head,Libertad,Velvet Revolver,2007-07-03,237920,32,False,,2025-11-11T23:18:24Z,,,,,,,,,,,,,,
spotify:track:2FY7b99s15jUprqC0M5NCT,Natural,Origins (Deluxe),Imagine Dragons,2018-11-09,189466,82,False,,2025-11-11T23:10:44Z,,,,,,,,,,,,,,
spotify:track:02O71P5xudugRmFCFsQe9E,Cold Day In The Sun,In Your Honor,Foo Fighters,2005-06-14,200303,44,False,,2025-11-11T23:10:28Z,,,,,,,,,,,,,,
spotify:track:7G8hUONVhvJnkD3Ak8mNF1,Soma,Is This It,The Strokes,2001-07-30,153933,56,False,,2025-11-11T23:10:19Z,,,,,,,,,,,,,,
spotify:track:2TVxnKdb3tqe1nhQWwwZCO,Tiny Dancer,Madman Across The Water,Elton John,1971-11-05,377093,78,False,,2025-11-11T23:09:56Z,,,,,,,,,,,,,,
spotify:track:59ZTxQo8rBycIXPLUIKvE2,Dirrty (feat. Redman),Stripped,"Christina Aguilera, Redman",2002-07-19,298853,67,False,,2025-11-11T13:51:01Z,,,,,,,,,,,,,,
spotify:track:6r6ARqXEyXaoQjVZ1Mb1pV,Highway Chile,Are You Experienced,Jimi Hendrix,1967-05-12,212586,43,False,,2025-11-11T13:48:54Z,,,,,,,,,,,,,,
spotify:track:1vcxF91pWs9uNwDROuiCPB,Savior,Appeal To Reason,Rise Against,2008-01-01,242280,78,False,,2025-11-10T14:35:17Z,,,,,,,,,,,,,,
spotify:track:3ftHrCjsTUPLgI48m67byk,Plush - Acoustic,Thank You,Stone Temple Pilots,2003-11-10,230293,69,False,,2025-11-10T14:27:00Z,,,,,,,,,,,,,,
spotify:track:01JYvQ6udfhUw9Jed9EzoK,Bitch - 2009 Mix,Sticky Fingers (Remastered),The Rolling Stones,1971-04-23,217093,54,False,,2025-11-10T12:46:27Z,,,,,,,,,,,,,,
spotify:track:1vP2JEXRsGrFbwOZ0foOQ5,Sound and Vision - 2017 Remaster,Low (2017 Remaster),David Bowie,1977,184381,64,False,,2025-11-10T12:45:46Z,,,,,,,,,,,,,,
spotify:track:0aJrYfARfCKzv6gXjhs4SZ,Upside Down,Upside Down,Jack Johnson,2006-02-24,209546,75,False,,2025-11-09T19:05:22Z,,,,,,,,,,,,,,
spotify:track:249Z7XT6mf8B2zuI0RaeS0,Violent Pornography,Mezmerize,System Of A Down,2005-05-17,211333,72,True,,2025-11-09T18:52:07Z,,,,,,,,,,,,,,
spotify:track:0mBKv9DkYfQHjdMcw2jdyI,Chunky,24K Magic,Bruno Mars,2016-11-17,186973,71,False,,2025-11-09T18:48:48Z,,,,,,,,,,,,,,
spotify:track:3w9zHVKI28aUPZTxq8oDC6,Electric Eye,Screaming For Vengeance (Expanded Edition),Judas Priest,1982,222440,60,False,,2025-11-07T23:34:36Z,,,,,,,,,,,,,,
spotify:track:1MqGKtY9L5qjPi8s7gX645,I Can't Drive 55,Voa,Sammy Hagar,1984-01-01,254466,57,False,,2025-11-07T13:25:45Z,,,,,,,,,,,,,,
spotify:track:2Ms33RTRCT6gArrpcrPxmo,Feel,Escapology,Robbie Williams,2002,263866,78,False,,2025-11-05T17:27:48Z,,,,,,,,,,,,,,
spotify:track:4kXbOjC3XfBpFR3zbWbHZv,The General,The General,Guns N' Roses,2023-12-08,262776,49,False,,2025-11-05T17:23:38Z,,,,,,,,,,,,,,
spotify:track:1pHP4JeQV9wDx87D6qH9hD,Here It Goes Again,Oh No,OK Go,2005-01-01,179813,64,False,,2025-11-04T16:23:54Z,,,,,,,,,,,,,,
spotify:track:1DIXPcTDzTj8ZMHt3PDt8p,Gangsta's Paradise,Gangsta's Paradise,"Coolio, L.V.",1995-11-07,240693,87,False,,2025-11-04T16:19:44Z,,,,,,,,,,,,,,
spotify:track:1pXrR5Y9OgcIV2JEAl2lCB,I Kissed A Girl,One Of The Boys,Katy Perry,2008-06-17,179640,71,False,,2025-11-04T16:13:18Z,,,,,,,,,,,,,,
spotify:track:02XnQdf7sipaKBBHixz3Zp,Paparazzi,The Fame,Lady Gaga,2008-01-01,208306,81,True,,2025-11-04T16:04:32Z,,,,,,,,,,,,,,
spotify:track:6FIJGWyovgbmDkjMp6a5x7,Come Back,One By One (Expanded Edition),Foo Fighters,2002-10-22,467626,43,False,,2025-11-04T15:56:02Z,,,,,,,,,,,,,,
spotify:track:6ADSaE87h8Y3lccZlBJdXH,With Or Without You,The Joshua Tree (Super Deluxe),U2,1987-03-03,295515,83,False,,2025-11-04T15:51:32Z,,,,,,,,,,,,,,
spotify:track:3UmaczJpikHgJFyBTAJVoz,Stan,The Marshall Mathers LP,"Eminem, Dido",2000-05-23,404106,82,True,,2025-11-04T15:21:15Z,,,,,,,,,,,,,,
spotify:track:7F25roCtYi55JouckaayPC,Judas,Born This Way (International Special Edition Version),Lady Gaga,2011-05-23,249066,83,False,,2025-11-04T15:04:37Z,,,,,,,,,,,,,,
spotify:track:4xkOaSrkexMciUUogZKVTS,Till I Collapse,The Eminem Show,"Eminem, Nate Dogg",2002-05-26,297786,85,True,,2025-11-04T14:59:48Z,,,,,,,,,,,,,,
spotify:track:6VObnIkLVruX4UVyxWhlqm,Skyfall,Skyfall,Adele,2012-10-04,286081,87,False,,2025-11-04T14:50:48Z,,,,,,,,,,,,,,
spotify:track:73CMRj62VK8nUS4ezD2wvi,Set Fire to the Rain,21,Adele,2011-01-24,242973,79,False,,2025-11-04T14:46:33Z,,,,,,,,,,,,,,
spotify:track:6ocbgoVGwYJhOv1GgI9NsF,7 rings,"thank u, next",Ariana Grande,2019-02-08,178626,86,True,,2025-11-04T14:43:22Z,,,,,,,,,,,,,,
spotify:track:3XxBSvDZKH5YvZZjTpn6eR,Red House,Are You Experienced,Jimi Hendrix,1967-05-12,230360,59,False,,2025-11-04T14:43:03Z,,,,,,,,,,,,,,
spotify:track:1pKYYY0dkg23sQQXi0Q5zN,Around the World,Homework,Daft Punk,1997-01-17,429533,77,False,,2025-11-04T14:40:32Z,,,,,,,,,,,,,,
spotify:track:05CNnC9ugYgnJgg6fIgyeQ,Roll with It - Remastered,(What's The Story) Morning Glory? [Remastered],Oasis,1995-10-02,240093,62,False,,2025-11-04T14:38:26Z,,,,,,,,,,,,,,
spotify:track:592nTDJAy8AucV4KKIDCmA,Generator,There Is Nothing Left To Lose,Foo Fighters,1999-11-02,227560,55,False,,2025-11-04T14:38:26Z,,,,,,,,,,,,,,
spotify:track:5JCZHWdFLg2rXtg684rTHt,Psycho Holiday,Cowboys from Hell,Pantera,1990-07-20,319133,57,True,,2025-11-03T16:40:14Z,,,,,,,,,,,,,,
spotify:track:4KC2Z9dL4jL61Ys35N6srg,Barely Legal,Is This It,The Strokes,2001-07-30,234733,57,True,,2025-11-03T16:40:00Z,,,,,,,,,,,,,,
spotify:track:74tLlkN3rgVzRqQJgPfink,Money Trees,"good kid, m.A.A.d city","Kendrick Lamar, Jay Rock",2012,386906,81,True,,2025-11-03T16:28:59Z,,,,,,,,,,,,,,
spotify:track:60eVCXFCuw1WYswBuNZc4H,Jenny Was A Friend Of Mine,Hot Fuss,The Killers,2004,243933,64,False,,2025-11-03T16:19:37Z,,,,,,,,,,,,,,
spotify:track:05yiiw2F3XXoighyveZTDs,"Heaven Is a Place on Earth - Promo 7"" Edit",Heaven on Earth (Deluxe Edition),Belinda Carlisle,1987-10-05,233666,76,False,,2025-11-03T15:27:50Z,,,,,,,,,,,,,,
spotify:track:5LI7PoHEolR8plrf3I16sq,Fire,Are You Experienced,Jimi Hendrix,1967-05-12,163800,55,False,,2025-11-02T20:16:04Z,,,,,,,,,,,,,,
spotify:track:0Mxo6w8hWMwDN2C0eygceO,Let's Spend the Night Together - 2013 Remaster,Aladdin Sane (2013 Remaster),David Bowie,1973-04-13,190751,41,False,,2025-11-02T20:09:13Z,,,,,,,,,,,,,,
spotify:track:3QxKpdTB8ZSFn8MGeCCpsQ,Crazy,Get A Grip,Aerosmith,1993-01-01,316826,76,False,,2025-11-02T20:08:19Z,,,,,,,,,,,,,,
spotify:track:69YCkfZS0aOjEUPwQ4zCZ9,Gratisfaction,Angles,The Strokes,2011-03-21,179200,51,False,,2025-11-02T20:07:47Z,,,,,,,,,,,,,,
spotify:track:6JY1IdkZGeIcPegKxjSKeb,Since U Been Gone,Breakaway,Kelly Clarkson,2004,188960,74,False,,2025-11-02T20:03:32Z,,,,,,,,,,,,,,
spotify:track:7MXVkk9YMctZqd1Srtv4MB,Starboy,Starboy,"The Weeknd, Daft Punk",2016-11-25,230453,91,True,,2025-11-02T20:02:18Z,,,,,,,,,,,,,,
spotify:track:6QgjcU0zLnzq5OrUoSZ3OK,Feel It Still,Woodstock,Portugal. The Man,2017-06-16,163253,83,False,,2025-11-02T19:59:27Z,,,,,,,,,,,,,,
spotify:track:3evG0BIqEFMMP7lVJh1cSf,Don't Let Me Down - Remastered 2009,The Beatles 1967 - 1970 (Remastered),The Beatles,1973-04-02,215733,74,False,,2025-11-02T19:58:57Z,,,,,,,,,,,,,,
spotify:track:4ouIWkFspNZYFO87Gdufxb,Where Are We Runnin'?,Baptism,Lenny Kravitz,2004-05-17,161293,49,False,,2025-11-02T19:57:43Z,,,,,,,,,,,,,,
spotify:track:679cJkCqSk3wrr0vKvazBt,Diamond in the Rough,Runnin' Wild (Special Edition),Airbourne,2007,177960,46,False,,2025-11-02T19:56:56Z,,,,,,,,,,,,,,
spotify:track:7CZiDzGVjUssMSOXrDNYHL,Ticket To Ride - Remastered 2009,Help! (Remastered),The Beatles,1965-08-06,189680,67,False,,2025-11-02T19:55:10Z,,,,,,,,,,,,,,
spotify:track:4BYmnYGNVBVm2JHVxFNMXj,The House Is Rockin',In Step,Stevie Ray Vaughan,1989-06-06,144571,51,False,,2025-11-02T19:54:43Z,,,,,,,,,,,,,,
spotify:track:61gWgIkR2YtkIet9XjUc7X,Travelin' Band,Cosmo's Factory,Creedence Clearwater Revival,1970-07-24,128798,62,False,,2025-11-02T19:54:31Z,,,,,,,,,,,,,,
spotify:track:5NQQyIX2DVsiBKwRBBUfNW,Michael,Franz Ferdinand,Franz Ferdinand,2004-02-16,204080,49,False,,2025-11-02T19:47:49Z,,,,,,,,,,,,,,
spotify:track:7wuJGgpTNzbUyn26IOY6rj,Total Eclipse of the Heart,The Very Best of Bonnie Tyler,Bonnie Tyler,2009-03-26,267360,81,False,,2025-11-02T19:42:10Z,,,,,,,,,,,,,,
spotify:track:1aOxOpH4AkGAd8OMrKjyNY,Why Are Sundays So Depressing,The New Abnormal,The Strokes,2020-04-10,275666,70,False,,2025-11-02T19:41:15Z,,,,,,,,,,,,,,
spotify:track:3gxEZXUjrNbl3TlSrTGbR5,Modern Love - 2018 Remaster,Let's Dance (2018 Remaster),David Bowie,1983-04-14,288339,72,False,,2025-10-31T15:21:35Z,,,,,,,,,,,,,,
spotify:track:6GyFP1nfCDB8lbD2bG0Hq9,Midnight City,"Hurry up, We're Dreaming",M83,2011-10-17,243960,80,False,,2025-10-31T15:21:01Z,,,,,,,,,,,,,,
spotify:track:6RGk4ooM4yLouf6Lqe4pTR,Elephants,Them Crooked Vultures,Them Crooked Vultures,2009-11-17,409778,48,False,,2025-10-31T15:20:31Z,,,,,,,,,,,,,,
spotify:track:37sSud1ZrTpwXPGJP0dbXI,Fortune Faded,Greatest Hits,Red Hot Chili Peppers,2003-11-18,201266,61,False,,2025-10-31T13:18:07Z,,,,,,,,,,,,,,
spotify:track:10gtVK2wMCv1HzjhHKnFnw,The Last Song,In Your Honor,Foo Fighters,2005-06-14,201783,41,False,,2025-10-31T13:13:43Z,,,,,,,,,,,,,,
spotify:track:6b6uLZsoGhObYexIxnRbIb,Hangar 18 - 2004 Remix,Rust In Peace (2004 Remix / Expanded Edition),Megadeth,1990-10-04,311200,62,False,,2025-10-30T16:21:19Z,,,,,,,,,,,,,,
spotify:track:1KBuhAHzia2qoD4u6YhvER,Stiff Upper Lip,Stiff Upper Lip,AC/DC,2000-02-25,214724,66,False,,2025-10-30T03:49:00Z,,,,,,,,,,,,,,
spotify:track:2pC4aF8VvXFapppROIALIW,Tieduprightnow,Parcels,Parcels,2018-10-12,181492,50,False,,2025-10-30T03:43:56Z,,,,,,,,,,,,,,
spotify:track:3tc0yir2NHwhzVWZnmukhS,Jacqueline,Franz Ferdinand,Franz Ferdinand,2004-02-16,229026,49,False,,2025-10-30T03:43:25Z,,,,,,,,,,,,,,
spotify:track:0V0oDdGkkCTLodcuiwQLXm,Cracked Actor - 2013 Remaster,Aladdin Sane (2013 Remaster),David Bowie,1973-04-13,181536,45,False,,2025-10-30T03:37:05Z,,,,,,,,,,,,,,
spotify:track:6cpk00i5TxCqSeqNi2HuIe,One More Night,Overexposed Track By Track,Maroon 5,2012-01-01,219546,81,False,,2025-10-30T03:36:18Z,,,,,,,,,,,,,,
spotify:track:5MzjQ95rdB2xt9DNa2IzaC,Don't Phunk With My Heart,Monkey Business,Black Eyed Peas,2005-01-01,239773,70,False,,2025-10-30T03:35:54Z,,,,,,,,,,,,,,
spotify:track:5D2mYZuzcgjpchVY1pmTPh,Candy Shop,The Massacre,"50 Cent, Olivia",2005-03-03,209106,82,True,,2025-10-30T03:34:15Z,,,,,,,,,,,,,,
spotify:track:3E7ZwUMJFqpsDOJzEkBrQ7,Can't Get You out of My Head,Fever,Kylie Minogue,2001-10-01,230640,81,False,,2025-10-30T03:30:23Z,,,,,,,,,,,,,,
spotify:track:6ObpR8ek44tvWefQRcSo8K,Calling All My Lovelies,24K Magic,Bruno Mars,2016-11-17,250080,65,False,,2025-10-30T03:21:30Z,,,,,,,,,,,,,,
spotify:track:0tgBtQ0ISnMQOKorrN9HLX,Last Train Home,Sob Rock,John Mayer,2021-07-16,187306,61,False,,2025-10-30T03:12:57Z,,,,,,,,,,,,,,
spotify:track:11mwFrKvLXCbcVGNxffGyP,Genie In a Bottle,Christina Aguilera (Expanded Edition),Christina Aguilera,1999,217573,82,False,,2025-10-30T03:08:46Z,,,,,,,,,,,,,,
spotify:track:56ucsSaTrjiQaokbbDASOR,Wind Up,The Colour And The Shape,Foo Fighters,1997-05-20,150653,46,False,,2025-10-29T23:02:42Z,,,,,,,,,,,,,,
spotify:track:3X0K6fII7VIwL1URPrp8Ko,Ich will,Mutter,Rammstein,2001-04-02,217106,70,False,,2025-10-29T22:34:25Z,,,,,,,,,,,,,,
spotify:track:56sk7jBpZV0CD31G9hEU3b,Animal I Have Become,One-X,Three Days Grace,2006-06-25,231400,82,False,,2025-10-29T22:20:49Z,,,,,,,,,,,,,,
spotify:track:2opkTo5GwixTydOWOtWsgQ,Better Off,Wasting Light (Bonus Tracks),Foo Fighters,2011-04-12,252426,28,False,,2025-10-29T22:11:06Z,,,,,,,,,,,,,,
spotify:track:2VSbEXqs6NbNiZSTcHlIDR,My Sacrifice,Weathered,Creed,2001-01-01,294600,78,False,,2025-10-29T22:01:10Z,,,,,,,,,,,,,,
spotify:track:2XvrMHbSO077Ajg7QTTNdY,Let It Die,"Echoes, Silence, Patience & Grace",Foo Fighters,2007-09-25,245269,55,False,,2025-10-29T21:43:20Z,,,,,,,,,,,,,,
spotify:track:6holGuk1jKHTdWyWBOZi8l,My Generation,Chocolate Starfish And The Hot Dog Flavored Water,Limp Bizkit,2000-10-17,221000,77,True,,2025-10-29T21:43:07Z,,,,,,,,,,,,,,
spotify:track:6wmAHw1szh5RCKSRjiXhPe,How Long,Voicenotes,Charlie Puth,2018-05-11,200853,79,False,,2025-10-29T21:03:30Z,,,,,,,,,,,,,,
spotify:track:7vFv0yFGMJW3qVXbAd9BK9,Your Body Is a Wonderland,Room For Squares,John Mayer,2001-08-16,249626,72,False,,2025-10-29T20:20:44Z,,,,,,,,,,,,,,
spotify:track:754kgU5rWscRTfvlsuEwFp,Kiss Me,Sixpence None The Richer,Sixpence None The Richer,1997-11-22,208680,84,False,,2025-10-29T20:04:54Z,,,,,,,,,,,,,,
spotify:track:6D8y7Bck8h11byRY88Pt2z,Houdini,Radical Optimism,Dua Lipa,2024-05-03,185917,82,False,,2025-10-29T19:15:58Z,,,,,,,,,,,,,,
spotify:track:6SdAztAqklk1zAmUHhU4N7,Taken for a Fool,Angles,The Strokes,2011-03-21,203240,58,False,,2025-10-29T18:56:07Z,,,,,,,,,,,,,,
spotify:track:19XpFsce28aByvCC4g89tJ,Too Sweet,Unreal Unearth: Unaired,Hozier,2024-08-19,251424,83,False,,2025-10-29T18:52:54Z,,,,,,,,,,,,,,
spotify:track:5f2ZVFERwwh3asebmurZEf,Hump de Bump,Stadium Arcadium,Red Hot Chili Peppers,2006-05-09,213093,57,False,,2025-10-29T18:32:37Z,,,,,,,,,,,,,,
spotify:track:1BR1AEQSLXDNL9t7nP3xRp,Roller Coaster,Take Off Your Pants And Jacket,blink-182,2001,167560,55,True,,2025-10-29T18:32:22Z,,,,,,,,,,,,,,
spotify:track:1zB4vmk8tFRmM9UULNzbLB,Thunder,Evolve,Imagine Dragons,2017-06-23,187146,85,False,,2025-10-29T18:19:12Z,,,,,,,,,,,,,,
spotify:track:0xMgRt36DpWa7QKNYZy0e4,Back & Forth,Wasting Light,Foo Fighters,2011-04-12,231919,45,False,,2025-10-29T17:51:48Z,,,,,,,,,,,,,,
spotify:track:36CafXgaveP84VsMirkyQd,American Man,Libertad,Velvet Revolver,2007-07-03,236293,24,False,,2025-10-29T17:51:32Z,,,,,,,,,,,,,,
spotify:track:4bEb3KE4mSKlTFjtWJQBqO,Don't Stop - 2004 Remaster,Rumours,Fleetwood Mac,1977-02-04,193346,76,False,,2025-10-29T16:06:12Z,,,,,,,,,,,,,,
spotify:track:2t0wwvR15fc3K1ey8OiOaN,Selfless,The New Abnormal,The Strokes,2020-04-10,222093,78,False,,2025-10-29T16:02:24Z,,,,,,,,,,,,,,
spotify:track:7lmeHLHBe4nmXzuXc0HDjk,Testify,The Battle Of Los Angeles,Rage Against The Machine,1999-11-02,210133,64,False,,2025-10-29T16:00:50Z,,,,,,,,,,,,,,
spotify:track:2LD2gT7gwAurzdQDQtILds,Veridis Quo,Discovery,Daft Punk,2001-03-12,345186,76,False,,2025-10-29T13:58:53Z,,,,,,,,,,,,,,
spotify:track:1mv4lh1rW1K6xhxhJmEezy,Music Sounds Better With You - Radio Edit,Music Sounds Better With You,"Stardust, Benjamin Diamond, Alan Braxe, Thomas Bangalter",1998-07-20,260906,72,False,,2025-10-29T13:56:21Z,,,,,,,,,,,,,,
spotify:track:24CRDgNOgA72JLL7PHFjgB,Anthem Part Two,Take Off Your Pants And Jacket,blink-182,2001,227200,68,True,,2025-10-29T13:50:32Z,,,,,,,,,,,,,,
spotify:track:1SsDbcjGHregkNfEjogXpm,Re-Wired,Velociraptor!,Kasabian,2011-09-19,284186,50,False,,2025-10-29T13:50:17Z,,,,,,,,,,,,,,
spotify:track:3sJgsnM4yJTBvoIPAwBprX,Illegal i Song,Contraband,Velvet Revolver,2004,256853,34,True,,2025-10-27T14:17:15Z,,,,,,,,,,,,,,
spotify:track:6Wn3pdFtAcnYJyJVITwt7N,Girls Got Rhythm,Highway to Hell,AC/DC,1979-07-27,203918,66,False,,2025-10-27T14:16:00Z,,,,,,,,,,,,,,
spotify:track:1M4Wy6jRce1x17qyE7yQAB,The Feast and The Famine,Sonic Highways,Foo Fighters,2014-11-09,229566,44,True,,2025-10-27T14:15:34Z,,,,,,,,,,,,,,
spotify:track:4qNijbGeHqlcFWrGrATFOX,Cheers (feat. Q-Tip),Oxnard,"Anderson .Paak, Q-Tip",2018-11-16,334733,45,True,,2025-10-25T15:42:27Z,,,,,,,,,,,,,,
spotify:track:4Im6GRj17qa7NW76OsJh1s,I Guess I Just Feel Like,Sob Rock,John Mayer,2021-07-16,286386,64,False,,2025-10-25T13:47:34Z,,,,,,,,,,,,,,
spotify:track:0I3q5fE6wg7LIfHGngUTnV,Ms. Jackson,Stankonia,Outkast,2000-10-31,270506,84,True,,2025-10-24T02:46:32Z,,,,,,,,,,,,,,
spotify:track:6pivm7pNF4GyBkHNGseHCS,Shot Down in Flames,Highway to Hell,AC/DC,1979-07-27,202954,62,False,,2025-10-24T02:45:37Z,,,,,,,,,,,,,,
spotify:track:2dLLR6qlu5UJ5gk0dKz0h3,Royals,Pure Heroine,Lorde,2013-09-27,190185,80,False,,2025-10-24T02:43:27Z,,,,,,,,,,,,,,
spotify:track:587bVBCHYW5Q2VNRLig4AS,Born On The Bayou,Bayou Country (Expanded Edition),Creedence Clearwater Revival,1969-01-05,315200,69,False,,2025-10-24T02:41:16Z,,,,,,,,,,,,,,
spotify:track:5xT8JXJSyHYNfC11OFqzFL,Is It Any Wonder?,Under The Iron Sea,Keane,2006-06-12,186173,62,False,,2025-10-24T02:36:58Z,,,,,,,,,,,,,,
spotify:track:0pqnGHJpmpxLKifKRmU6WP,Believer,Evolve,Imagine Dragons,2017-06-23,204346,88,False,,2025-10-24T02:36:47Z,,,,,,,,,,,,,,
spotify:track:5ka2ajep9OAvU5Sgduhiex,Applause,ARTPOP,Lady Gaga,2013-11-11,212333,79,False,,2025-10-24T02:33:06Z,,,,,,,,,,,,,,
spotify:track:2u5OWZVjfuS85zTX3t4lbe,Miss The Misery,Wasting Light,Foo Fighters,2011-04-12,273074,43,False,,2025-10-24T02:20:06Z,,,,,,,,,,,,,,
spotify:track:5cF0dROlMOK5uNZtivgu50,Attention,Voicenotes,Charlie Puth,2018-05-11,208786,88,False,,2025-10-24T02:19:58Z,,,,,,,,,,,,,,
spotify:track:2oxtQ84p1j5GmyzmD50Lq0,Rich Girl,Love. Angel. Music. Baby.,"Gwen Stefani, Eve",2004-11-12,236213,74,False,,2025-10-24T02:18:58Z,,,,,,,,,,,,,,
spotify:track:1jvzmNw7sVTSDnprPuEi0D,Do You Wanna Dance? - 2017 Remaster,Rocket to Russia (40th Anniversary Deluxe Edition),Ramones,1977-11-04,115706,47,False,,2025-10-24T02:18:44Z,,,,,,,,,,,,,,
spotify:track:0DiWol3AO6WpXZgp0goxAV,One More Time,Discovery,Daft Punk,2001-03-12,320357,82,False,,2025-10-24T02:15:26Z,,,,,,,,,,,,,,
spotify:track:2PLo8T3kGE9URFvBy3tUdt,It Was Always You,V,Maroon 5,2014-09-02,239920,59,False,,2025-10-23T14:54:54Z,,,,,,,,,,,,,,
spotify:track:4Szq4dulKN9bOvLRW6uMdZ,Carry Me Away,Sob Rock,John Mayer,2021-07-16,159133,60,False,,2025-10-23T14:51:33Z,,,,,,,,,,,,,,
spotify:track:3Is1ugfPG3hdFWTq15nNBV,Love Is Strong - Remastered 2009,Voodoo Lounge (Remastered 2009),The Rolling Stones,1994-07-11,228866,54,False,,2025-10-23T14:50:44Z,,,,,,,,,,,,,,
spotify:track:6ZIwZmQ2ph6QK13sItmDEx,No Podras,Agua Nueva,Cristian Castro,1992-06-30,240480,76,False,,2025-10-23T02:26:57Z,,,,,,,,,,,,,,
spotify:track:6pHCJmx9FXnMwEqB0LWUEH,Azul,Grandes Hits,Cristian Castro,2002-08-30,259440,68,False,,2025-10-23T02:22:33Z,,,,,,,,,,,,,,
spotify:track:1Tja3miBbbENpqIOAqGWXa,Prófugos - Remasterizado 2007,Signos (Remastered),Soda Stereo,1986-10-09,317613,66,False,,2025-10-22T04:26:28Z,,,,,,,,,,,,,,
spotify:track:4iPA2yB8bK7T770EkkOi7s,Persiana Americana,Obras Cumbres,Soda Stereo,2001-01-29,295000,59,False,,2025-10-22T04:17:38Z,,,,,,,,,,,,,,
spotify:track:2Y5ngAobMcspRywfmb77k5,Readymade,Stadium Arcadium,Red Hot Chili Peppers,2006-05-09,270466,49,False,,2025-10-22T03:58:36Z,,,,,,,,,,,,,,
spotify:track:45S5WTQEGOB1VHr1Q4FuPl,Golden,Fine Line,Harry Styles,2019-12-13,208917,74,False,,2025-10-22T03:57:12Z,,,,,,,,,,,,,,
spotify:track:3JU7GqkbT5S51rgCbYJ20t,Funkytown,Shrek 2 (Original Motion Picture Soundtrack),Lipps Inc.,2004-05-19,239826,72,False,,2025-10-22T03:56:50Z,,,,,,,,,,,,,,
spotify:track:2dyyOwe0KxTZTJjjXDeLmU,Feelings,V,Maroon 5,2014-09-02,194773,55,True,,2025-10-22T03:45:14Z,,,,,,,,,,,,,,
spotify:track:3bnVBN67NBEzedqQuWrpP4,Tear in My Heart,Blurryface,Twenty One Pilots,2015-05-15,188493,76,False,,2025-10-22T03:41:35Z,,,,,,,,,,,,,,
spotify:track:0G3fbPbE1vGeABDEZF0jeG,Good Times,Risqué,CHIC,1979-07-30,495400,68,False,,2025-10-20T02:54:26Z,,,,,,,,,,,,,,
spotify:track:49OMJ1prsRA7ZYgrAjz70c,More Than A Woman,Greatest,Bee Gees,1979-01-01,197213,77,False,,2025-10-20T02:46:00Z,,,,,,,,,,,,,,
spotify:track:6PgVDY8GTkxF3GmhVGPzoB,"Hold On, I'm Comin'","Hold On, I'm Comin'",Sam & Dave,1966,155706,71,False,,2025-10-20T02:45:51Z,,,,,,,,,,,,,,
spotify:track:3a6FcTyvSf0ED3VXeH3PJ5,Fly As Me,An Evening With Silk Sonic,"Bruno Mars, Anderson .Paak, Silk Sonic",2021-11-11,219389,65,False,,2025-10-20T02:45:21Z,,,,,,,,,,,,,,
spotify:track:7Kszjzps0xbQXyo1pO4KfE,Le Freak - 2018 Remaster,C'est Chic (2018 Remaster),CHIC,1978-08-11,331360,69,False,,2025-10-20T02:44:46Z,,,,,,,,,,,,,,
spotify:track:3jiKUMXqwEodB7gVv1RMZU,After Last Night (with Thundercat & Bootsy Collins),An Evening With Silk Sonic,"Bruno Mars, Anderson .Paak, Silk Sonic, Thundercat, Bootsy Collins",2021-11-11,249444,73,False,,2025-10-20T02:37:47Z,,,,,,,,,,,,,,
spotify:track:5RrHzXKmwVd5BCq4UzyJPd,D is for Dangerous,Favourite Worst Nightmare,Arctic Monkeys,2007-04-22,138106,60,False,,2025-10-20T02:25:27Z,,,,,,,,,,,,,,
spotify:track:5KgbyD2lQQlIupAaPjgiXg,"Night Fever - From ""Saturday Night Fever"" Soundtrack",Greatest,Bee Gees,1979-01-01,212253,76,False,,2025-10-20T02:25:07Z,,,,,,,,,,,,,,
spotify:track:1dzQoRqT5ucxXVaAhTcT0J,Just Dance,The Fame,"Lady Gaga, Colby O'Donis",2008-01-01,241933,84,False,,2025-10-20T02:19:59Z,,,,,,,,,,,,,,
spotify:track:7jvCeWOSnJs2N3spqobWnO,Skate,An Evening With Silk Sonic,"Bruno Mars, Anderson .Paak, Silk Sonic",2021-11-11,203122,70,False,,2025-10-18T22:23:41Z,,,,,,,,,,,,,,
spotify:track:0PgNhIg5n0UAOBVn43b8b6,The Adventures of Rain Dance Maggie,I'm with You,Red Hot Chili Peppers,2011-08-29,282400,69,True,,2025-10-17T19:19:59Z,,,,,,,,,,,,,,
spotify:track:6HAIJiZ3FGzWs5qREm9viG,Main Offender,Veni Vidi Vicious,The Hives,2000-09-12,153160,51,False,,2025-10-15T13:51:51Z,,,,,,,,,,,,,,
spotify:track:6BfBUfjOgd586Tu31zzqYl,Just Sixteen,Libertad,Velvet Revolver,2007-07-03,238906,31,False,,2025-10-15T13:48:18Z,,,,,,,,,,,,,,
spotify:track:1Ym3JWJG8HFJU2NbXavZ6a,Sugar,System Of A Down,System Of A Down,1998-06-30,153800,70,True,,2025-10-14T11:24:29Z,,,,,,,,,,,,,,
spotify:track:1vziI0NCJKrqKiG94COHBa,Stacked Actors,There Is Nothing Left To Lose,Foo Fighters,1999-11-02,256440,52,False,,2025-10-13T16:00:07Z,,,,,,,,,,,,,,
spotify:track:6cYKLG1FR25PiATHDaxQbZ,Mary Mary,Libertad,Velvet Revolver,2007-07-03,273440,25,False,,2025-10-12T14:35:55Z,,,,,,,,,,,,,,
spotify:track:1PehfITh0TTRx3LkDdV4h3,Fame - 2016 Remaster,Young Americans (2016 Remaster),David Bowie,1975-03-07,261373,64,False,,2025-10-08T14:23:35Z,,,,,,,,,,,,,,
spotify:track:4SMbJ6BAY9LdudY8v7HJpH,"But, Honestly","Echoes, Silence, Patience & Grace",Foo Fighters,2007-09-25,275624,45,False,,2025-10-07T15:53:16Z,,,,,,,,,,,,,,
spotify:track:4P4s2KHOw0uISbLI3zkHtD,Come Alive,"Echoes, Silence, Patience & Grace",Foo Fighters,2007-09-25,310470,51,False,,2025-10-07T15:10:27Z,,,,,,,,,,,,,,
spotify:track:1iFIZUVDBCCkWe705FLXto,Dosed,By the Way (Deluxe Edition),Red Hot Chili Peppers,2002-07-09,311866,71,False,,2025-10-07T14:58:00Z,,,,,,,,,,,,,,
spotify:track:2M43xSBpUsOS5nyaGhveGO,Il Postino - Trio Version,Il Postino (Original Motion Picture Soundtrack),Luis Bacalov,1994,156760,34,False,,2025-10-07T14:13:13Z,,,,,,,,,,,,,,
spotify:track:7LFqeLJX9K2zGAR485p7yN,Il Postino (Titoli),Il Postino (Original Motion Picture Soundtrack),Luis Bacalov,1994,164093,43,False,,2025-10-07T14:10:05Z,,,,,,,,,,,,,,
spotify:track:1foMv2HQwfQ2vntFf9HFeG,Rhinestone Eyes,Plastic Beach,Gorillaz,2010-03-03,200173,79,False,,2025-10-04T18:45:38Z,,,,,,,,,,,,,,
spotify:track:0KKkJNfGyhkQ5aFogxQAPU,That's What I Like,24K Magic,Bruno Mars,2016-11-17,206693,90,False,,2025-10-01T23:29:00Z,,,,,,,,,,,,,,
spotify:track:4wMR4fRKMTyUJG6VAsmccv,Riot Van,"Whatever People Say I Am, That's What I'm Not",Arctic Monkeys,2006-01-29,134933,61,False,,2025-10-01T23:27:04Z,,,,,,,,,,,,,,
spotify:track:6AI3ezQ4o3HUoP6Dhudph3,Not Like Us,Not Like Us,Kendrick Lamar,2024-05-04,274192,88,True,,2025-09-30T13:57:41Z,,,,,,,,,,,,,,
spotify:track:0HPD5WQqrq7wPWR7P7Dw1i,TiK ToK,Animal (Expanded Edition),Kesha,2010-01-01,199693,84,False,,2025-09-30T13:45:44Z,,,,,,,,,,,,,,
spotify:track:5W3cjX2J3tjhG8zb6u0qHn,"Harder, Better, Faster, Stronger",Discovery,Daft Punk,2001-03-12,226413,74,False,,2025-09-30T13:34:58Z,,,,,,,,,,,,,,
spotify:track:17Y2K7uNxMkaTDBtf1Tcv3,Let A Woman Be A Woman - Let A Man Be A Man,Dyke's Greatest Hits - The Complete Singles,Dyke & The Blazers,2013-01-01,193680,48,False,,2025-09-30T13:31:28Z,,,,,,,,,,,,,,
spotify:track:3dxiWIBVJRlqh9xk144rf4,Breaking the Habit,Meteora (Bonus Edition),Linkin Park,2003-03-25,196133,77,False,,2025-09-30T13:28:00Z,,,,,,,,,,,,,,
spotify:track:1QV6tiMFM6fSOKOGLMHYYg,Poker Face,The Fame,Lady Gaga,2008-01-01,237200,85,True,,2025-09-30T13:21:27Z,,,,,,,,,,,,,,
spotify:track:2xiOdusRnZezQok1RgLNeS,You Should Be Dancing,Children Of The World,Bee Gees,1976-01-01,256493,72,False,,2025-09-30T13:16:48Z,,,,,,,,,,,,,,
spotify:track:3fcJX31CLvMOzcWR0HFn8B,Temptation Greets You Like Your Naughty Friend,Brianstorm,Arctic Monkeys,2007-04-15,209226,48,False,,2025-09-29T15:28:26Z,,,,,,,,,,,,,,
spotify:track:1GhbQDYGEOjyFwfT8lojcx,California Gurls,Teenage Dream,"Katy Perry, Snoop Dogg",2010-01-01,234653,73,False,,2025-09-29T15:06:50Z,,,,,,,,,,,,,,
spotify:track:4VwPsMcRt1HPVKIdcwY9Uj,Outshined - Remastered 2016,Badmotorfinger (25th Anniversary Remaster),Soundgarden,1991-10-08,311000,65,False,,2025-09-29T15:06:09Z,,,,,,,,,,,,,,
spotify:track:0VFfZVCFNe1I2IIChVBR5m,Metal Gods,British Steel,Judas Priest,1980,238293,52,False,,2025-09-29T14:51:14Z,,,,,,,,,,,,,,
spotify:track:0YJ9FWWHn9EfnN0lHwbzvV,Jigsaw Falling Into Place,In Rainbows,Radiohead,2007-12-28,248893,81,False,,2025-09-29T02:03:46Z,,,,,,,,,,,,,,
spotify:track:0z1o5L7HJx562xZSATcIpY,Exit Music (For A Film),OK Computer,Radiohead,1997-05-28,267186,81,False,,2025-09-29T02:03:35Z,,,,,,,,,,,,,,
spotify:track:2fuYa3Lx06QQJAm0MjztKr,Let Down,OK Computer,Radiohead,1997-05-28,299560,90,False,,2025-09-29T02:03:29Z,,,,,,,,,,,,,,
spotify:track:75n7mraeMycQOl2sDGYaTe,Mad Sounds,AM,Arctic Monkeys,2013-09-09,215011,64,False,,2025-09-25T17:52:22Z,,,,,,,,,,,,,,
spotify:track:0GcWf1Cc4ixN35D3O9VdcP,Get on Top,Californication (Deluxe Edition),Red Hot Chili Peppers,1999-06-08,198066,54,True,,2025-09-25T15:53:10Z,,,,,,,,,,,,,,
spotify:track:0x60P5taxdI5pcGbqbap6S,Business,The Eminem Show,Eminem,2002-05-26,251720,72,True,,2025-09-24T00:34:28Z,,,,,,,,,,,,,,
spotify:track:3T76zPJz3tWL27FrjJe2ot,Lazaretto,Lazaretto,Jack White,2014-06-10,219400,55,False,,2025-09-23T13:20:24Z,,,,,,,,,,,,,,
spotify:track:4vO9dmzNRqDhFY3jD1a3P7,Mississippi Queen,Climbing!,Mountain,1970,151293,67,False,,2025-09-23T13:08:33Z,,,,,,,,,,,,,,
spotify:track:47BBI51FKFwOMlIiX6m8ya,I Want It That Way,Millennium,Backstreet Boys,1999-05-18,213306,84,False,,2025-09-23T12:55:32Z,,,,,,,,,,,,,,
spotify:track:47oS7xB31QQUyPCgHpM3VZ,Canned Heat,Synkronized,Jamiroquai,1999-06-08,331760,71,False,,2025-09-21T20:22:24Z,,,,,,,,,,,,,,
spotify:track:2RAKwOzLiXA8AgA1pFIuFe,#TETAS,PAPOTA,CA7RIEL & Paco Amoroso,2025-03-06,149394,66,True,,2025-09-19T09:59:45Z,,,,,,,,,,,,,,
spotify:track:2wuZ3kg5ChBjRKqBYfJ9H7,EL ÚNICO,BAÑO MARÍA,CA7RIEL & Paco Amoroso,2024-04-17,152022,68,True,,2025-09-19T09:59:40Z,,,,,,,,,,,,,,
spotify:track:1oOD1pV43cV9sHg97aBdLs,Dean Town,The Beautiful Game,Vulfpeck,2016-10-17,213302,55,False,,2025-09-11T15:23:42Z,,,,,,,,,,,,,,
spotify:track:3Axmw41lmMoXih3NJYzbXb,Black Ice,Black Ice,AC/DC,2008-10-20,205056,56,False,,2025-09-09T18:55:53Z,,,,,,,,,,,,,,
spotify:track:1OfOS5ZTxgH3kK2xSM78bo,Maybe I'm A Leo - Remastered 2012,Machine Head (Remastered),Deep Purple,1972-03-25,290898,43,False,,2025-09-09T18:55:49Z,,,,,,,,,,,,,,
spotify:track:77bCgbwirSDVeBGHxg00A7,Breakdown,Use Your Illusion II,Guns N' Roses,1991-09-18,424493,51,False,,2025-09-09T18:54:46Z,,,,,,,,,,,,,,
spotify:track:34x6hEJgGAOQvmlMql5Ige,"Danger Zone - From ""Top Gun"" Original Soundtrack","Yesterday, Today, Tomorrow - The Greatest Hits Of Kenny Loggins",Kenny Loggins,1997-03-25,215133,74,False,,2025-09-09T18:54:43Z,,,,,,,,,,,,,,
spotify:track:4E5xVW505akJX0wcKj8Mpd,Tornado Of Souls - 2004 Remix,Rust In Peace (2004 Remix / Expanded Edition),Megadeth,1990-10-04,319266,66,False,,2025-09-09T18:54:18Z,,,,,,,,,,,,,,
spotify:track:7HKxTNVlkHsfMLhigmhC0I,Call Me,Call Me,Blondie,2004-01-01,212226,78,False,,2025-09-09T18:53:58Z,,,,,,,,,,,,,,
spotify:track:5Y8Rj0s6wuM5DlQdllYiWl,Don't You (Forget About Me),Once Upon A Time,Simple Minds,2025-01-27,261239,75,False,,2025-09-09T18:49:32Z,,,,,,,,,,,,,,
spotify:track:020X55mawvXGASoewg14Dj,God Gave Me Everything,Goddess In The Doorway,Mick Jagger,2001-11-19,214200,53,False,,2025-09-09T18:45:10Z,,,,,,,,,,,,,,
spotify:track:21tuvt3CXIsNquc32v8jpc,Show Me How to Live,Audioslave,Audioslave,2002,277840,72,False,,2025-09-09T18:44:51Z,,,,,,,,,,,,,,
spotify:track:46eu3SBuFCXWsPT39Yg3tJ,Don't Stop 'Til You Get Enough,Off the Wall,Michael Jackson,1979-08-10,364441,80,False,,2025-09-09T17:31:02Z,,,,,,,,,,,,,,
spotify:track:3hVaK0zn3sVWWY8TvN1Te5,Cuando Calienta El Sol,Soy Como Quiero Ser,Luis Miguel,1987-07-15,236413,68,False,,2025-09-08T13:31:08Z,,,,,,,,,,,,,,
spotify:track:6DXZiYUbrYgrVIhfX3U9Z2,Pretty Please,Future Nostalgia,Dua Lipa,2020-03-27,194607,69,True,,2025-09-06T23:45:22Z,,,,,,,,,,,,,,
spotify:track:4dDurgTN3eGyU0ghzFJ0T1,Have a Drink on Me,Back In Black,AC/DC,1980-07-25,239104,65,False,,2025-09-06T00:42:48Z,,,,,,,,,,,,,,
spotify:track:3MjUtNVVq3C8Fn0MP3zhXa,...Baby One More Time,...Baby One More Time (Digital Deluxe Version),Britney Spears,1999-01-12,211066,84,False,,2025-09-06T00:41:10Z,,,,,,,,,,,,,,
spotify:track:7KA4W4McWYRpgf0fWsJZWB,See You Again (feat. Kali Uchis),Flower Boy,"Tyler, The Creator, Kali Uchis",2017-07-21,180386,90,True,,2025-09-05T15:42:54Z,,,,,,,,,,,,,,
spotify:track:4UQDZlZhGUDoYMohwrY28v,Virtual Insanity - Remastered 2006,Driving Songs,Jamiroquai,2005-01-01,229360,77,False,,2025-09-05T15:35:23Z,,,,,,,,,,,,,,
spotify:track:1otG6j1WHNvl9WgXLWkHTo,"After The Storm (feat. Tyler, The Creator & Bootsy Collins)",Isolation,"Kali Uchis, Tyler, The Creator, Bootsy Collins",2018-04-06,207454,81,False,,2025-09-05T14:07:57Z,,,,,,,,,,,,,,
spotify:track:2BHj31ufdEqVK5CkYDp9mA,Mayonaka no Door / Stay With Me,Miki Matsubara Best Collection,Miki Matsubara,2008,312293,77,False,,2025-09-03T14:07:34Z,,,,,,,,,,,,,,
spotify:track:69uxyAqqPIsUyTO8txoP2M,Adventure of a Lifetime,A Head Full of Dreams,Coldplay,2015-12-04,263786,85,False,,2025-09-03T13:44:10Z,,,,,,,,,,,,,,
spotify:track:39LLxExYz6ewLAcYrzQQyP,Levitating,Future Nostalgia,Dua Lipa,2020-03-27,203807,81,False,,2025-09-03T13:42:09Z,,,,,,,,,,,,,,
spotify:track:76cy1WJvNGJTj78UqeA5zr,IDGAF,Dua Lipa (Deluxe),Dua Lipa,2017-06-02,217946,79,True,,2025-09-03T13:35:45Z,,,,,,,,,,,,,,
spotify:track:4atMrAadB7dS8xn9vfk9PQ,Fireside,AM,Arctic Monkeys,2013-09-09,181049,68,False,,2025-09-03T13:04:36Z,,,,,,,,,,,,,,
spotify:track:7EXgO1bRnEArE58rtrgMWB,Street Fighting Man - 50th Anniversary Edition,Beggars Banquet (50th Anniversary Edition),The Rolling Stones,1968-12-06,195146,55,False,,2025-09-02T16:05:04Z,,,,,,,,,,,,,,
spotify:track:1xl3tncP1hSU9EPkIY535i,Perhaps,Perhaps,Guns N' Roses,2023-08-18,228406,53,False,,2025-09-02T16:00:12Z,,,,,,,,,,,,,,
spotify:track:2wNEcJHnFxoKZIrxjxF5jL,Changes - 2009 Remaster,Vol. 4,Black Sabbath,1972-09-25,284666,67,False,,2025-09-02T15:59:33Z,,,,,,,,,,,,,,
spotify:track:4feXJ5IC3avXsVW9WNFSag,Rock N Roll Train,Black Ice,AC/DC,2008-10-20,260124,71,False,,2025-09-02T15:38:10Z,,,,,,,,,,,,,,
spotify:track:2d6m2F4I7wCuAKtSsdhh83,Famous Last Words,The Black Parade,My Chemical Romance,2006-10-20,299226,76,False,,2025-09-02T15:28:50Z,,,,,,,,,,,,,,
spotify:track:2LGdO5MtFdyphi2EihANZG,Knee Socks,AM,Arctic Monkeys,2013-09-09,257563,77,False,,2025-09-02T15:27:29Z,,,,,,,,,,,,,,
spotify:track:5ruzrDWcT0vuJIOMW7gMnW,The Adults Are Talking,The New Abnormal,The Strokes,2020-04-10,309053,81,False,,2025-09-02T15:03:38Z,,,,,,,,,,,,,,
spotify:track:6SXy02aTZU3ysoGUixYCz0,Maybe Tomorrow,You Gotta Go There To Come Back,Stereophonics,2003-01-01,272946,74,False,,2025-09-02T14:58:22Z,,,,,,,,,,,,,,
spotify:track:3XBPCbTU9rSGuyuK7Xbj4B,Sixteen Saltines,Blunderbuss,Jack White,2012-04-20,157213,51,False,,2025-09-02T14:56:26Z,,,,,,,,,,,,,,
spotify:track:2amJsWuU8ohAth78f2QOLD,The Bakery,Fluorescent Adolescent,Arctic Monkeys,2007-07-08,176520,56,False,,2025-09-02T14:51:24Z,,,,,,,,,,,,,,
spotify:track:1ChulFMnwxoD74Me8eX2TU,You Spin Me Round (Like a Record),Evolution: The Hits,Dead Or Alive,2003-05-19,195146,71,False,,2025-09-01T16:13:16Z,,,,,,,,,,,,,,
spotify:track:6REiraH7Pe3akd0mkFA4l9,Something from Nothing,Sonic Highways,Foo Fighters,2014-11-09,288459,54,True,,2025-09-01T16:12:54Z,,,,,,,,,,,,,,
spotify:track:7Im5F8fliiF16D2te5rYNv,Hammer To Fall - Remastered 2011,The Works (2011 Remaster),Queen,1984-02-27,265440,50,False,,2025-09-01T16:08:12Z,,,,,,,,,,,,,,
spotify:track:2MKEQhvPb2VaJXjx5X8Yg6,No Way Back,In Your Honor,Foo Fighters,2005-06-14,196334,54,False,,2025-09-01T16:07:59Z,,,,,,,,,,,,,,
spotify:track:2kMjk14RmYyYhhSbipoa9U,The Sharpest Lives,The Black Parade,My Chemical Romance,2006-10-20,200880,70,False,,2025-09-01T15:57:30Z,,,,,,,,,,,,,,
spotify:track:3MrRksHupTVEQ7YbA0FsZK,The Final Countdown,The Final Countdown (Expanded Edition),Europe,1986,310333,78,False,,2025-09-01T15:08:54Z,,,,,,,,,,,,,,
spotify:track:0R8P9KfGJCDULmlEoBagcO,Trouble,Parachutes,Coldplay,2000-07-10,273426,76,False,,2025-08-31T22:31:33Z,,,,,,,,,,,,,,
spotify:track:1AWQoqb9bSvzTjaLralEkT,Rock Your Body,Justified,Justin Timberlake,2002-11-04,267266,83,False,,2025-08-31T19:55:16Z,,,,,,,,,,,,,,
spotify:track:5QO79kh1waicV47BqGRL3g,Save Your Tears,After Hours,The Weeknd,2020-03-20,215626,87,True,,2025-08-31T19:53:39Z,,,,,,,,,,,,,,
spotify:track:1060gzllf4b0UETAXisR5l,Lights Out,How Did We Get So Dark?,Royal Blood,2017-06-16,236426,59,False,,2025-08-31T19:41:57Z,,,,,,,,,,,,,,
spotify:track:5b5cPscqVEMChvDqscVw26,Training Season,Radical Optimism,Dua Lipa,2024-05-03,209487,82,False,,2025-08-31T17:51:38Z,,,,,,,,,,,,,,
spotify:track:4IvZLDtwBHmBmwgDIUbuwa,Here Comes Your Man,Doolittle,Pixies,1989-04-17,201186,71,False,,2025-08-31T15:55:34Z,,,,,,,,,,,,,,
spotify:track:0BRETWVsgLUOyuw1GQdhiG,Fire on the Bayou,Fire on the Bayou,The Meters,1975,250066,43,False,,2025-08-31T00:05:22Z,,,,,,,,,,,,,,
spotify:track:746CCMLis8SK64lLVXMF1d,People Say,Rejuvenation,The Meters,1974,318800,46,False,,2025-08-30T23:55:27Z,,,,,,,,,,,,,,
spotify:track:3f7OyfSoDbQC0LRDQiytPp,Mountain at My Gates,What Went Down,Foals,2015-08-28,244293,67,False,,2025-08-29T15:51:58Z,,,,,,,,,,,,,,
spotify:track:5Nuxdf0f5PpaeaPm4jrhiE,Breakthru - Remastered 2011,The Miracle (2011 Remaster),Queen,1989-05-22,248386,57,False,,2025-08-29T15:51:17Z,,,,,,,,,,,,,,
spotify:track:5GXAXm5YOmYT0kL5jHvYBt,I Feel It Coming,Starboy,"The Weeknd, Daft Punk",2016-11-24,269186,80,False,,2025-08-29T15:43:49Z,,,,,,,,,,,,,,
spotify:track:6tZdL3Zp8JgrfDbsSeSV1S,You Really Got Me,Kinks (Deluxe Edition),The Kinks,1964-02-02,133933,72,False,,2025-08-29T15:41:24Z,,,,,,,,,,,,,,
spotify:track:4NbIVvQ4uggxBXY3uTdZN8,She Mine,Libertad,Velvet Revolver,2007-07-03,204600,27,False,,2025-08-29T15:40:24Z,,,,,,,,,,,,,,
spotify:track:65E62rOSbm7SZbAMYjNTJq,Pride (In The Name Of Love) - Remastered 2009,The Unforgettable Fire (Deluxe Edition Remastered),U2,1984-10-01,228426,69,False,,2025-08-29T15:40:03Z,,,,,,,,,,,,,,
spotify:track:2KFE98Iw0X23sf4vJYcbLH,Spanish Castle Magic,Axis: Bold As Love,Jimi Hendrix,1967-12-01,183320,51,False,,2025-08-29T15:39:55Z,,,,,,,,,,,,,,
spotify:track:3o7TMr6RmIusYH7Kkg7ujR,Coming Undone,See You On the Other Side,Korn,2005-12-06,199773,77,False,,2025-08-28T22:50:09Z,,,,,,,,,,,,,,
spotify:track:5197UB43ROsPPM8IX2jifJ,"Come On, Come In",Fantastic 4 - The Album,Velvet Revolver,2005-01-01,239120,40,False,,2025-08-28T15:00:21Z,,,,,,,,,,,,,,
spotify:track:7uT1gmdO1Zm4wvSJxrp8kv,Give A Little More,Hands All Over (Revised International Standard version),Maroon 5,2010,180293,45,False,,2025-08-28T14:51:06Z,,,,,,,,,,,,,,
spotify:track:53rN8CcgrWP6DZcuQ4Q4og,Needles and Pins - 2018 Remaster,Road to Ruin (40th Anniversary Deluxe Edition),Ramones,1978,141653,50,False,,2025-08-28T12:55:51Z,,,,,,,,,,,,,,
spotify:track:1INksmStBpxdNlBzwGUvsg,Out of the Black,Royal Blood,Royal Blood,2014-08-18,240572,62,True,,2025-08-28T12:46:01Z,,,,,,,,,,,,,,
spotify:track:4VQu1ooCteGDynSZYUgvT4,Breakdown,In Between Dreams,Jack Johnson,2005-01-01,212706,56,False,,2025-08-28T11:33:15Z,,,,,,,,,,,,,,
spotify:track:1dnXuEuApvuVqQCn0v9McL,"Sitting, Waiting, Wishing",In Between Dreams,Jack Johnson,2005-01-01,183720,69,False,,2025-08-28T11:32:45Z,,,,,,,,,,,,,,
spotify:track:1A4WjuUXeFEVXjwgc7eVZ6,Good People,In Between Dreams,Jack Johnson,2005-01-01,208506,66,False,,2025-08-28T11:32:24Z,,,,,,,,,,,,,,
spotify:track:0BgbobvykXxEvxo2HhCuvM,Banana Pancakes,In Between Dreams,Jack Johnson,2005-01-01,191906,71,False,,2025-08-28T11:32:18Z,,,,,,,,,,,,,,
spotify:track:2BnTUxzWAcv0qerzESIunY,Never Know,In Between Dreams,Jack Johnson,2005-01-01,212813,59,False,,2025-08-28T11:29:49Z,,,,,,,,,,,,,,
spotify:track:5YciOakY5dB5dULkiLdCaf,Stop Crying Your Heart Out,Heathen Chemistry,Oasis,2002-02-03,303133,78,False,,2025-08-27T16:34:21Z,,,,,,,,,,,,,,
spotify:track:1Jaah2tmN9Hv81A87KZ1MU,Torn,Left Of The Middle,Natalie Imbruglia,1997-11-10,244666,80,False,,2025-08-27T16:05:29Z,,,,,,,,,,,,,,
spotify:track:47No93LxERvV6MtOAmQzHS,Ignorance,Brand New Eyes,Paramore,2009-09-25,218626,72,False,,2025-08-26T22:11:59Z,,,,,,,,,,,,,,
spotify:track:7iL6o9tox1zgHpKUfh9vuC,In Da Club,Get Rich Or Die Tryin',50 Cent,2003-02-06,193466,84,True,,2025-08-26T14:11:01Z,,,,,,,,,,,,,,
spotify:track:2OgVsp77En2nju8pnCieVU,Waiting for a Girl like You,4 (Expanded),Foreigner,1981,292066,79,False,,2025-08-26T13:51:04Z,,,,,,,,,,,,,,
spotify:track:1Cznl5CD5aaEYMfJq1l9Hd,Looks That Kill,Shout At The Devil,Mötley Crüe,1983-09-26,247840,67,False,,2025-08-26T13:34:53Z,,,,,,,,,,,,,,
spotify:track:06LzBUkKZpPAWiEwB6iVri,In Your Honor,In Your Honor,Foo Fighters,2005-06-14,229756,46,False,,2025-08-26T13:34:42Z,,,,,,,,,,,,,,
spotify:track:6Sy9BUbgFse0n0LPA5lwy5,Sandstorm,"Before the Storm, Special Edition",Darude,2001-01-01,225493,72,False,,2025-08-26T13:13:03Z,,,,,,,,,,,,,,
spotify:track:6W2VbtvMrDXm5vYeB7amkO,Footloose,"Yesterday, Today, Tomorrow - The Greatest Hits Of Kenny Loggins",Kenny Loggins,1997-03-25,220706,72,False,,2025-08-25T13:49:18Z,,,,,,,,,,,,,,
spotify:track:0iZHXdayt7q54lXfnb1CN5,Catcher In The Rye,Chinese Democracy,Guns N' Roses,2008-11-23,352986,0,False,,2025-08-23T19:12:28Z,,,,,,,,,,,,,,
spotify:track:0TaT50ZZxT4ytZxuqkE3A9,Why Can't This Be Love,5150,Van Halen,1986-03-24,227693,68,False,,2025-08-22T16:35:05Z,,,,,,,,,,,,,,
spotify:track:5t142J9jQl1aaajsbxGjwg,Erase/Replace,"Echoes, Silence, Patience & Grace",Foo Fighters,2007-09-25,252972,43,False,,2025-08-22T15:59:12Z,,,,,,,,,,,,,,
spotify:track:1k5AiK2Gm2TaJtkkDeQnMi,Ratchet,FOUR (Deluxe Version),Bloc Party,2013-08-26,198017,52,False,,2025-08-22T15:51:25Z,,,,,,,,,,,,,,
spotify:track:0ftMOhVfFm5Wbs5sZdEtsC,Balaclava,Favourite Worst Nightmare,Arctic Monkeys,2007-04-22,171226,60,False,,2025-08-22T15:51:12Z,,,,,,,,,,,,,,
spotify:track:5rb9QrpfcKFHM1EUbSIurX,Yeah! (feat. Lil Jon & Ludacris),Confessions (Expanded Edition),"USHER, Lil Jon, Ludacris",2004-03-23,250373,86,False,,2025-08-22T15:50:55Z,,,,,,,,,,,,,,
spotify:track:5GjPQ0eI7AgmOnADn1EO6Q,Eleanor Rigby - Remastered 2009,Revolver (Remastered),The Beatles,1966-08-05,126533,71,False,,2025-08-22T15:50:30Z,,,,,,,,,,,,,,
spotify:track:6HeFCUg1F1v0bnE3JFTlxz,Dear Rosemary,Wasting Light,Foo Fighters,2011-04-12,265944,52,False,,2025-08-22T15:48:46Z,,,,,,,,,,,,,,
spotify:track:5ByJlcDmUzK69tpub789AB,Dead End Friends,Them Crooked Vultures,Them Crooked Vultures,2009-11-17,195531,54,False,,2025-08-22T15:48:40Z,,,,,,,,,,,,,,
spotify:track:4cQJ27R11K634x5qCOwKW5,One Way Or Another - Remastered 2001,Parallel Lines (Remastered),Blondie,1978-09-01,215106,74,False,,2025-08-22T15:48:36Z,,,,,,,,,,,,,,
spotify:track:55h7vJchibLdUkxdlX3fK7,Treasure,Unorthodox Jukebox,Bruno Mars,2012-12-07,178560,81,True,,2025-08-22T15:47:38Z,,,,,,,,,,,,,,
spotify:track:6t4l1cR6SZPE5DmsVVOmzv,"Mind Eraser, No Chaser",Them Crooked Vultures,Them Crooked Vultures,2009-11-17,246830,49,False,,2025-08-22T15:47:30Z,,,,,,,,,,,,,,
spotify:track:3Oeuxw27oYmLF3jflwVK4F,Beer Drinkers & Hell Raisers (2006 Remaster),Tres Hombres (Expanded 2006 Remaster),ZZ Top,1973-07-26,205546,53,False,,2025-08-22T15:47:13Z,,,,,,,,,,,,,,
spotify:track:2pAD0PKMUMtxlMvz33tYzB,Is This It,Is This It,The Strokes,2001-07-30,151333,61,False,,2025-08-22T15:46:49Z,,,,,,,,,,,,,,
spotify:track:6kk07URPWTiRzULynSOVrs,"Maniac - From ""Flashdance""",ドライブが楽しくなる洋楽ヒッツ！80年代 DANCE,Michael Sembello,2025-05-02,246000,75,False,,2025-08-22T15:16:04Z,,,,,,,,,,,,,,
spotify:track:4rPkN1FMzQyFNP9cLUGIIB,Love Again,Future Nostalgia,Dua Lipa,2020-03-27,258004,78,False,,2025-08-22T15:15:31Z,,,,,,,,,,,,,,
spotify:track:4N2yjWLIxZjOXDrCu2VlJe,The Bad Thing,Favourite Worst Nightmare,Arctic Monkeys,2007-04-22,145213,57,False,,2025-08-22T15:15:06Z,,,,,,,,,,,,,,
spotify:track:2rslQV48gNv3r9pPrQFPW1,Visions of Johanna,Blonde On Blonde,Bob Dylan,1966-06-20,454005,51,False,,2025-08-20T03:07:48Z,,,,,,,,,,,,,,
spotify:track:0Tvl6Dhee6vjz65sS3KKkK,Vision of Division,First Impressions Of Earth,The Strokes,2006-01-03,259026,48,False,,2025-08-20T03:07:23Z,,,,,,,,,,,,,,
spotify:track:3wAX3qn53iQUFE84hpfeen,Simple Twist of Fate,Blood On The Tracks,Bob Dylan,1975-01-17,257713,56,False,,2025-08-20T03:06:01Z,,,,,,,,,,,,,,
spotify:track:7tJQ4Ekp2vN3NlI3vJJW3v,I Want You,Blonde On Blonde,Bob Dylan,1966-06-20,188602,58,False,,2025-08-20T03:05:41Z,,,,,,,,,,,,,,
spotify:track:6Vcwr9tb3ZLO63F8DL8cqu,Tangled up in Blue,Blood On The Tracks,Bob Dylan,1975-01-17,340775,61,False,,2025-08-20T03:05:37Z,,,,,,,,,,,,,,
spotify:track:7xRemq7GLu0Tbqe9OckG87,The Man in Me,New Morning,Bob Dylan,1970-10-21,191683,64,False,,2025-08-20T03:05:35Z,,,,,,,,,,,,,,
spotify:track:4uYwlMp841PLJmj1gJJwIq,"Lay, Lady, Lay",Nashville Skyline,Bob Dylan,1969-04-09,201387,65,False,,2025-08-20T03:05:32Z,,,,,,,,,,,,,,
spotify:track:3RkQ3UwOyPqpIiIvGVewuU,Mr. Tambourine Man,Bringing It All Back Home,Bob Dylan,1965-03-22,326706,66,False,,2025-08-20T03:05:29Z,,,,,,,,,,,,,,
spotify:track:2WOjLF83vqjit2Zh4B69V3,"Don't Think Twice, It's All Right",The Freewheelin' Bob Dylan,Bob Dylan,1963-05-27,220888,69,False,,2025-08-20T03:05:24Z,,,,,,,,,,,,,,
spotify:track:52vA3CYKZqZVdQnzRrdZt6,The Times They Are A-Changin',The Times They Are A-Changin',Bob Dylan,1964-01-13,197020,69,False,,2025-08-20T03:05:17Z,,,,,,,,,,,,,,
spotify:track:18GiV1BaXzPVYpp9rmOg0E,Blowin' in the Wind,The Freewheelin' Bob Dylan,Bob Dylan,1963-05-27,168756,71,False,,2025-08-20T03:05:10Z,,,,,,,,,,,,,,
spotify:track:4mcZYzoGwPRDdhWVlygiHf,Refugee,Damn The Torpedoes (Deluxe Edition),Tom Petty and the Heartbreakers,1979-10-19,201693,67,False,,2025-08-19T16:07:34Z,,,,,,,,,,,,,,
spotify:track:2wKeVnM8OBoGjGm8Qvqhi5,Cigarettes & Alcohol - Remastered,Definitely Maybe (Remastered),Oasis,1994-08-29,289146,60,False,,2025-08-19T16:04:39Z,,,,,,,,,,,,,,
spotify:track:2mHchPRtQWet3iIS3jANr1,God Save The Queen,"Never Mind The Bollocks, Here’s The Sex Pistols",Sex Pistols,1977-10-27,199453,59,False,,2025-08-19T16:04:28Z,,,,,,,,,,,,,,
spotify:track:64a5XZCVDWwvC7gwPPCsH6,Still Take You Home,"Whatever People Say I Am, That's What I'm Not",Arctic Monkeys,2006-01-29,173666,58,False,,2025-08-19T16:03:38Z,,,,,,,,,,,,,,
spotify:track:56GFlp1dkt7dw56pQdTwqW,Red Light Indicates Doors Are Secured,"Whatever People Say I Am, That's What I'm Not",Arctic Monkeys,2006-01-29,143626,58,False,,2025-08-19T16:03:18Z,,,,,,,,,,,,,,
spotify:track:111SaDBbcHW0zedi4RBHDp,You Probably Couldn't See For The Lights But You Were Staring Straight At Me,"Whatever People Say I Am, That's What I'm Not",Arctic Monkeys,2006-01-29,130813,58,False,,2025-08-19T16:02:59Z,,,,,,,,,,,,,,
spotify:track:3clIHVzJ9J2rvvrFUKLICo,She Bangs the Drums - Remastered 2009,The Stone Roses,The Stone Roses,1989-05-02,232333,66,False,,2025-08-19T16:02:55Z,,,,,,,,,,,,,,
spotify:track:5eyTC5GZzpzlN7YRO9AoPf,The View From The Afternoon,"Whatever People Say I Am, That's What I'm Not",Arctic Monkeys,2006-01-29,222946,62,False,,2025-08-19T16:02:35Z,,,,,,,,,,,,,,
spotify:track:3DmOWG8OD9eR12180fmJqf,Easily,Californication,Red Hot Chili Peppers,1999-06-08,231333,59,False,,2025-08-19T16:02:16Z,,,,,,,,,,,,,,
spotify:track:0w21XZhGlmIexgtDpmtnzT,L.S.F.,Kasabian/Empire,Kasabian,2004,196853,54,False,,2025-08-19T16:02:04Z,,,,,,,,,,,,,,
spotify:track:11JIdNpBagg6G0NHLDm2v2,Acquiesce - Remastered,(What's The Story) Morning Glory? [Remastered],Oasis,1995-10-02,267986,65,False,,2025-08-19T16:02:02Z,,,,,,,,,,,,,,
spotify:track:03QZPaiw1N94aAFDv7k5Em,Rock 'n' Roll Star - Remastered,Definitely Maybe (Remastered),Oasis,1994-08-29,322946,59,False,,2025-08-18T20:20:59Z,,,,,,,,,,,,,,
spotify:track:2CiQdWZTDY0lHXnAtmgz3q,"Pills, Demons & Etc.",Libertad,Velvet Revolver,2007-07-03,174253,24,False,,2025-08-18T15:00:59Z,,,,,,,,,,,,,,
spotify:track:4N0TP4Rmj6QQezWV88ARNJ,Superstition,Talking Book,Stevie Wonder,1972-10-28,266133,71,False,,2025-08-18T15:00:50Z,,,,,,,,,,,,,,
spotify:track:05ajrG3EAcIe3j7NuqRV9B,Alright - 2015 Remaster,I Should Coco (20th Anniversary Collector's Edition),Supergrass,1995-05-15,181266,72,False,,2025-08-18T15:00:45Z,,,,,,,,,,,,,,
spotify:track:3yYe6csPthNTUCcg6PVGjs,I Got the Six (2008 Remaster),Eliminator,ZZ Top,1983-03-23,174240,50,False,,2025-08-18T15:00:24Z,,,,,,,,,,,,,,
spotify:track:3jjujdWJ72nww5eGnfs2E7,Adore You,Fine Line,Harry Styles,2019-12-13,207139,82,False,,2025-08-18T14:59:30Z,,,,,,,,,,,,,,
spotify:track:1vYXt7VSjH9JIM5oRRo7vA,Dance The Night - From Barbie The Album,Dance The Night (From Barbie The Album),Dua Lipa,2023-05-25,176579,80,False,,2025-08-18T14:08:16Z,,,,,,,,,,,,,,
spotify:track:0GIfaHgivfBCV67eYF996A,P-Funk (Wants To Get Funked Up),Mothership Connection,Parliament,1975-12-15,461160,44,False,,2025-08-18T14:07:48Z,,,,,,,,,,,,,,
spotify:track:0uukw2CgEIApv4IWAjXrBC,Dead!,The Black Parade,My Chemical Romance,2006-10-20,195520,70,True,,2025-08-16T23:24:45Z,,,,,,,,,,,,,,
spotify:track:6HOZOj2MZQXrdZXh2s12cQ,Runaway,Hands All Over (Revised International Standard version),Maroon 5,2010,181200,33,False,,2025-08-16T22:53:56Z,,,,,,,,,,,,,,
spotify:track:5fKZJHzJ9d3MADArbm9muW,Mountain Song,Nothing's Shocking,Jane's Addiction,1988-08-23,242720,55,False,,2025-08-16T22:43:41Z,,,,,,,,,,,,,,
spotify:track:10I09MLZCY4pK37XxAfkw0,True - 2003 Remaster,True (Special Edition),Spandau Ballet,1983-02-25,393386,77,False,,2025-08-16T20:40:42Z,,,,,,,,,,,,,,
spotify:track:15mzvqTjdX7RDh7qy60kGT,Wolf,Stone Giant,Stone Giant,2015-05-17,217813,11,False,,2025-08-16T20:27:58Z,,,,,,,,,,,,,,
spotify:track:5u5F7qLDvZjBSktaDp4HxB,Moneytalks,The Razors Edge,AC/DC,1990-09-24,225957,69,False,,2025-08-16T14:02:28Z,,,,,,,,,,,,,,
spotify:track:1fJFuvU2ldmeAm5nFIHcPP,First Date,Take Off Your Pants And Jacket,blink-182,2001,171533,75,False,,2025-08-16T14:01:34Z,,,,,,,,,,,,,,
spotify:track:1lMLuEqtjNk7lk9vSdAukw,Soma City Ward,It's Five O'Clock Somewhere,Slash's Snakepit,1995-02-14,229613,27,False,,2025-08-16T13:35:32Z,,,,,,,,,,,,,,
spotify:track:1GjbTNFImFrjFsNdleDe78,Never Tear Us Apart,Kick (Remastered 2011),INXS,1987,184586,76,False,,2025-08-13T20:41:38Z,,,,,,,,,,,,,,
spotify:track:7ieV1TBSMyf5sFiPh9X2ai,Misery - Acoustic Version,Hands All Over (Revised International Deluxe),Maroon 5,2010,226320,48,False,,2025-08-13T20:20:54Z,,,,,,,,,,,,,,
spotify:track:0C9V5jMElp7laZZdsCHufD,Campanas en la Noche,Armando Camaleón,Los Tipitos,2004-08-01,237546,67,False,,2025-08-13T20:13:33Z,,,,,,,,,,,,,,
spotify:track:4bvqIVboftRLtgT8WBOXCI,Take What You Want - Demo,Songs About Jane: 10th Anniversary Edition,Maroon 5,2002,145066,35,False,,2025-08-13T17:35:26Z,,,,,,,,,,,,,,
spotify:track:6yXm3xUj0fcN4dGwBAl9qM,Poison Heart,Mondo Bizarro,Ramones,1992-09-14,243466,58,False,,2025-08-13T01:46:56Z,,,,,,,,,,,,,,
spotify:track:5KZs4JDA08eJ46CUAbvZKV,The Switch and the Spur,Consolers of the Lonely,The Raconteurs,2008-03-25,265626,34,False,,2025-08-12T14:01:29Z,,,,,,,,,,,,,,
spotify:track:4qbiCq2xkNPyojuZFeNeqx,Jailbreak,Jailbreak (Deluxe Edition),Thin Lizzy,1976,240600,58,False,,2025-08-11T13:27:24Z,,,,,,,,,,,,,,
spotify:track:0idZZsnM7nuSYanlpKTuwV,"If You Were There, Beware",Favourite Worst Nightmare,Arctic Monkeys,2007-04-22,276200,58,False,,2025-08-11T13:02:26Z,,,,,,,,,,,,,,
spotify:track:4yLJiifvPKSsFYIUMdAFfq,Get What's Coming,Rival Sons - EP,Rival Sons,2011-01-10,243893,22,False,,2025-08-11T13:02:10Z,,,,,,,,,,,,,,
spotify:track:3fjmSxt0PskST13CSdBUFx,Somewhere I Belong,Meteora (Bonus Edition),Linkin Park,2003-03-25,213933,84,False,,2025-08-08T13:52:01Z,,,,,,,,,,,,,,
spotify:track:09EQqFGUTJW6X4NksMPM0O,Into the Void - 2009 Remaster,Master of Reality,Black Sabbath,1971-07-21,371120,60,False,,2025-08-07T16:35:38Z,,,,,,,,,,,,,,
spotify:track:7t59u3qewGLuRlxKwQl0sX,Colossal,Wolfmother,Wolfmother,2005-01-01,302666,32,False,,2025-08-07T14:11:36Z,,,,,,,,,,,,,,
spotify:track:6naxalmIoLFWR0siv8dnQQ,Oops!...I Did It Again,Oops!... I Did It Again,Britney Spears,2000-05-16,211160,83,False,,2025-08-07T14:08:10Z,,,,,,,,,,,,,,
spotify:track:4c9Ea26OlBvnMQeDxtKI2f,Spay,Libertad,Velvet Revolver,2007-07-03,186440,22,False,,2025-08-04T15:38:45Z,,,,,,,,,,,,,,
spotify:track:2HRszCqwigKzQSqk91LvWa,You Got No Right,Contraband,Velvet Revolver,2004,337173,37,False,,2025-08-04T15:38:37Z,,,,,,,,,,,,,,
spotify:track:1mJ7yK70zjY1VCaRP04ot4,I Don't Want to Grow Up,Adios Amigos,Ramones,1995-07-18,164333,52,False,,2025-08-04T15:38:24Z,,,,,,,,,,,,,,
spotify:track:68aNm1vMglmMicHwdf2krv,Exploder,Audioslave,Audioslave,2002-11-17,206000,48,False,,2025-08-04T15:37:06Z,,,,,,,,,,,,,,
spotify:track:5W5MRU12dpuOnd5WmWzian,In The Heat Of The Moment,Chasing Yesterday (Deluxe),Noel Gallagher's High Flying Birds,2015-03-02,209480,56,False,,2025-08-04T15:36:52Z,,,,,,,,,,,,,,
spotify:track:7qRmdDl9dnHkFT4MMboG7Y,Come on Over,Royal Blood,Royal Blood,2014-08-18,173826,53,False,,2025-08-04T15:36:47Z,,,,,,,,,,,,,,
spotify:track:3bE6zmeB8DFiNrjez0WXtk,Last Chance,Hands All Over (Revised International Deluxe),Maroon 5,2010,189946,28,False,,2025-08-04T15:36:11Z,,,,,,,,,,,,,,
spotify:track:4oPO23wZFxtp1tbauOE3ys,Superhuman,Contraband,Velvet Revolver,2004,256013,34,False,,2025-08-04T15:35:19Z,,,,,,,,,,,,,,
spotify:track:57dem1V7wz8owejklpELCh,White Limo,Wasting Light,Foo Fighters,2011-04-12,202051,49,False,,2025-08-04T15:35:03Z,,,,,,,,,,,,,,
spotify:track:3mx6fyNea3qGXN1iu3cTqq,Just What the Doctor Ordered,Ted Nugent,Ted Nugent,1975,225466,44,False,,2025-08-04T15:34:53Z,,,,,,,,,,,,,,
spotify:track:3RgDvs9Jpvn3kUuaTek1R5,I-E-A-I-A-I-O,Steal This Album!,System Of A Down,2002-11-26,188600,75,True,,2025-08-04T15:26:09Z,,,,,,,,,,,,,,
spotify:track:6DUKQUhWqUySYngLXLNwP2,Automatic Stop,Room On Fire,The Strokes,2003-10-28,207133,60,False,,2025-08-04T15:25:26Z,,,,,,,,,,,,,,
spotify:track:46GHi1UJz1yEumZcMkbJN9,A Matter Of Time,Wasting Light,Foo Fighters,2011-04-12,275437,46,False,,2025-08-02T21:30:19Z,,,,,,,,,,,,,,
spotify:track:0KxU9wjCedUxSGdjuFdBDu,Shut Up,Elephunk,Black Eyed Peas,2003-06-24,296186,72,True,,2025-08-02T14:38:04Z,,,,,,,,,,,,,,
spotify:track:6I9VzXrHxO9rA9A5euc8Ak,Toxic,In The Zone,Britney Spears,2003-11-13,198800,86,False,,2025-07-31T13:53:03Z,,,,,,,,,,,,,,
spotify:track:6ic8OlLUNEATToEFU3xmaH,Gimme More,Blackout,Britney Spears,2007-10-25,251244,85,True,,2025-07-31T13:46:03Z,,,,,,,,,,,,,,
spotify:track:3fCJRE4P1uU8dcqEW5mnM6,Staple It Together,In Between Dreams,Jack Johnson,2005-01-01,196146,50,False,,2025-07-28T15:53:40Z,,,,,,,,,,,,,,
spotify:track:4cVHMHgmWgudD399ZdhQ3L,Let's Dance - 2002 Remaster,Let's Dance,David Bowie,1983,247600,66,False,,2025-07-28T15:53:25Z,,,,,,,,,,,,,,
spotify:track:6OQWPkRPWVMzTQsHOjIZVD,Lonely Boy - 2021 Remaster,El Camino (2021 Remaster),The Black Keys,2011,193679,69,False,,2025-07-28T15:34:45Z,,,,,,,,,,,,,,
spotify:track:7txxAtOMwLLnQTpKeBL6bp,Mother,Danzig,Danzig,1988-01-01,204866,73,True,,2025-07-28T15:33:17Z,,,,,,,,,,,,,,
spotify:track:0DKvcH4SCRdhVYTxStKx9h,This House is a Circus,Favourite Worst Nightmare,Arctic Monkeys,2007-04-22,191680,58,True,,2025-07-28T15:32:22Z,,,,,,,,,,,,,,
spotify:track:7G7tgVYORlDuVprcYHuFJh,Don't Dream It's Over,Crowded House,Crowded House,1986-01-01,236933,82,False,,2025-07-28T15:32:18Z,,,,,,,,,,,,,,
spotify:track:7BuzJmV2h6eBbSDdRaDY7C,Fake Tales Of San Francisco,"Whatever People Say I Am, That's What I'm Not",Arctic Monkeys,2006-01-29,177946,64,True,,2025-07-28T15:31:56Z,,,,,,,,,,,,,,
spotify:track:7s6Rk59SDllxPq5omrxJT4,Stillborn,The Blessed Hellride,Black Label Society,2018-09-21,196040,67,False,,2025-07-28T15:27:49Z,,,,,,,,,,,,,,
spotify:track:1nLnpLXvl68RZCSjfkyiaa,Brain Stew,Insomniac,Green Day,1995-10-10,193000,81,True,,2025-07-28T15:27:29Z,,,,,,,,,,,,,,
spotify:track:5X79VgaOn8pDTpTKu3PixN,We're Not Gonna Take It,Stay Hungry,Twisted Sister,1984-05-10,219866,73,False,,2025-07-28T15:27:22Z,,,,,,,,,,,,,,
spotify:track:0O45fw2L5vsWpdsOdXwNAR,SexyBack (feat. Timbaland),FutureSex/LoveSounds,"Justin Timberlake, Timbaland",2006-09-12,242733,86,True,,2025-07-28T15:27:14Z,,,,,,,,,,,,,,
spotify:track:08zvzy2FD1V0wFn8mhiQaH,Too Young to Fall in Love,Shout At The Devil,Mötley Crüe,1983-09-26,215533,62,True,,2025-07-28T15:27:10Z,,,,,,,,,,,,,,
spotify:track:1mfV2kv9RwFKVI8kEQlmOJ,All Day and All of the Night,Kinks (Deluxe Edition),The Kinks,1964-02-02,142226,65,False,,2025-07-28T15:26:42Z,,,,,,,,,,,,,,
spotify:track:5eSllZgRWCIJsDTAqFRwQw,Coffee & TV,13,Blur,1999,358773,65,False,,2025-07-28T15:26:28Z,,,,,,,,,,,,,,
spotify:track:0brrVj6VnvrG70SjRTnEJA,White Riot - Remastered,The Clash (Remastered),The Clash,1977,116382,51,False,,2025-07-28T15:25:45Z,,,,,,,,,,,,,,
spotify:track:1j9rezdE3YeC7yktZXC1em,I Want It All,AM,Arctic Monkeys,2013-09-09,185406,65,False,,2025-07-28T15:25:37Z,,,,,,,,,,,,,,
spotify:track:1pr9TZGOXeJUggIal1Wq3R,Blind,Korn,Korn,1994-10-11,258266,78,False,,2025-07-28T15:25:32Z,,,,,,,,,,,,,,
spotify:track:5KGbRvZyVyKP2AEJMHErB4,Old Yellow Bricks,Favourite Worst Nightmare,Arctic Monkeys,2007-04-22,193226,66,False,,2025-07-28T15:24:42Z,,,,,,,,,,,,,,
spotify:track:2YxXuCdbUpil3P7tRjhW1t,Banquet,Silent Alarm,Bloc Party,2005-03-22,196613,64,False,,2025-07-28T15:20:34Z,,,,,,,,,,,,,,
spotify:track:0Io38jwkfDae1Amzc0d8b6,Crying Shame,In Between Dreams,Jack Johnson,2005-01-01,186040,51,False,,2025-07-28T15:19:11Z,,,,,,,,,,,,,,
spotify:track:64ywvJE5j3PmRHzuah2WKR,I Wanna Rock,Stay Hungry,Twisted Sister,1984-05-10,183390,70,False,,2025-07-28T15:18:54Z,,,,,,,,,,,,,,
spotify:track:7DnVrYz53Kn1ZB3d5QOZ4P,Not a Goddamn Thing,We Play Instruments n Sh!T,Phil X & The Drills,2012-12-20,196696,12,True,,2025-07-28T15:15:18Z,,,,,,,,,,,,,,
spotify:track:2HwtiwV8OgIwNuj1Wq9e0B,Stand Up And Shout,Holy Diver,Dio,1983,196973,54,False,,2025-07-28T15:15:05Z,,,,,,,,,,,,,,
spotify:track:2ygMBIctKIAfbEBcT9065L,Pump It,Monkey Business,Black Eyed Peas,2005-01-01,213066,82,True,,2025-07-28T15:03:53Z,,,,,,,,,,,,,,
spotify:track:5naoq5SWUlXAC2ZKyB28vh,I Wanna Kill You Just a Little,We Play Instruments n Sh!T,Phil X & The Drills,2012-12-20,204031,17,False,,2025-07-27T20:39:31Z,,,,,,,,,,,,,,
spotify:track:1T5oPE5EmyWOv9xba26vNc,Playing Fair,We Play Instruments n Sh!T,Phil X & The Drills,2012-12-20,191149,19,False,,2025-07-27T20:29:09Z,,,,,,,,,,,,,,
spotify:track:7gFpLgsQuDKFwJm4EM97kK,Stink,We Play Instruments n Sh!T,Phil X & The Drills,2012-12-20,113969,26,False,,2025-07-27T20:27:20Z,,,,,,,,,,,,,,
spotify:track:3v4My1UDxIBWVtJiajPTsJ,AKA… What A Life!,Noel Gallagher's High Flying Birds,Noel Gallagher's High Flying Birds,2011-10-17,264466,56,False,,2025-07-27T18:34:23Z,,,,,,,,,,,,,,
spotify:track:5SF89YLcHVCvsrzoIDsqc0,The Death of You and Me,Noel Gallagher's High Flying Birds,Noel Gallagher's High Flying Birds,2011-10-17,209266,55,False,,2025-07-27T18:34:14Z,,,,,,,,,,,,,,
spotify:track:4i4ArYpqtsA3MJ1k0o2dxq,If I Had A Gun…,Noel Gallagher's High Flying Birds,Noel Gallagher's High Flying Birds,2011-10-17,249106,69,False,,2025-07-27T18:33:56Z,,,,,,,,,,,,,,
spotify:track:1uKjQoh8JZj9ryuYRhpd7E,Ahora Te Puedes Marchar,Soy Como Quiero Ser,Luis Miguel,1987-07-15,191973,80,False,,2025-07-27T18:27:41Z,,,,,,,,,,,,,,
spotify:track:11GNdEEuDtGyXYMKtZVt8h,Asleep at the Wheel - Remastered 2024,Himalayan (Remastered 2024),Band Of Skulls,2014-03-31,246013,42,False,,2025-07-27T17:30:54Z,,,,,,,,,,,,,,
spotify:track:29KYPEsbcMcVKnd6iyu6Q5,Sabbath Bloody Sabbath (2009 Remaster),Sabbath Bloody Sabbath,Black Sabbath,1973-12-01,344600,63,False,,2025-07-26T15:00:26Z,,,,,,,,,,,,,,
spotify:track:2kfQE3FB7bZtmPtMt1Jvyl,Different Devil,III (Bonus Track Edition),Chickenfoot,2011-09-26,264520,36,False,,2025-07-25T23:50:10Z,,,,,,,,,,,,,,
spotify:track:3IiVhZMwsvrVUWkdl3G0fV,Come Closer,III (Bonus Track Edition),Chickenfoot,2011-09-26,248253,31,False,,2025-07-25T23:49:29Z,,,,,,,,,,,,,,
spotify:track:5GxUHTvxGYGLLfHSbaDvxb,Oh Yeah,Best+Live,Chickenfoot,2017-03-10,293973,34,False,,2025-07-25T23:49:09Z,,,,,,,,,,,,,,
spotify:track:6C0xucNj75wRdlejwWIEW1,Club Foot,Kasabian,Kasabian,2004-01-30,214442,62,False,,2025-07-25T20:19:21Z,,,,,,,,,,,,,,
spotify:track:1bJ5FuncHc6wyDHBvJ0xF6,Sweet Leaf - 2009 Remaster,Master of Reality,Black Sabbath,1971-07-21,302933,62,False,,2025-07-24T18:23:28Z,,,,,,,,,,,,,,
spotify:track:3zFG5dyH5rJfkZ25fgR173,Sound Of A Gun,Revelations,Audioslave,2006-08-29,260279,53,False,,2025-07-24T18:16:53Z,,,,,,,,,,,,,,
spotify:track:1QZFn6QUNHfCp8s06C91hw,DOA,In Your Honor,Foo Fighters,2005-06-14,251745,56,False,,2025-07-24T18:09:32Z,,,,,,,,,,,,,,
spotify:track:4oxqp216awjiyQYwndUI8A,Wooden Jesus,Temple Of The Dog,Temple Of The Dog,1990-01-01,250533,48,False,,2025-07-24T04:58:59Z,,,,,,,,,,,,,,
spotify:track:1wrhhPzd2ncJPNgUcGgBGg,Machinehead - Remastered 2014,Sixteen Stone (Remastered),Bush,1994-12-06,256333,70,False,,2025-07-24T04:53:25Z,,,,,,,,,,,,,,
spotify:track:5Lng6l6r1P4KjYVs7AoOpc,Your Time Has Come,Out of Exile,Audioslave,2005-01-01,255426,51,False,,2025-07-24T04:48:50Z,,,,,,,,,,,,,,
spotify:track:4bOm66xzErSsqKn7Wv4Nfa,Your Savior,Temple Of The Dog,Temple Of The Dog,1990-01-01,244293,43,False,,2025-07-24T04:37:18Z,,,,,,,,,,,,,,
spotify:track:4kiVGEOrzWmEUCxXU21rtN,John The Fisherman,They Can't All Be Zingers,Primus,2006-01-01,216733,60,False,,2025-07-24T04:34:01Z,,,,,,,,,,,,,,
spotify:track:7lMGc58V3S7lD2SLNRdOKx,Wattershed,Foo Fighters,Foo Fighters,1995-07-04,133506,41,False,,2025-07-24T04:30:16Z,,,,,,,,,,,,,,
spotify:track:7lE5HfOza4ji2gIWL7UwK1,Out Of Exile,Out of Exile,Audioslave,2005-01-01,288506,54,False,,2025-07-24T04:29:47Z,,,,,,,,,,,,,,
spotify:track:3j8ja2Hq824OaRqIENJPTH,Low,One By One (Expanded Edition),Foo Fighters,2002-10-22,268306,51,False,,2025-07-24T04:15:24Z,,,,,,,,,,,,,,
spotify:track:715EJqpyH6NKxnjXPmqXXT,Up Next,III (Bonus Track Edition),Chickenfoot,2011-09-26,273013,27,False,,2025-07-19T13:30:26Z,,,,,,,,,,,,,,
spotify:track:5arVt2Wg0zbiWwAOZef2Nl,Higher Ground - Remastered 2003,Mother's Milk,Red Hot Chili Peppers,1989-08-16,202053,66,False,,2025-07-19T00:13:02Z,,,,,,,,,,,,,,
spotify:track:48wDtXGVFNZHANlDYTKMAW,Loose Change,Royal Blood,Royal Blood,2014-08-18,155986,53,False,,2025-07-18T15:51:05Z,,,,,,,,,,,,,,
spotify:track:41sGGCCoHI2GLV9qadX80A,Baby Come Back,Player,Player,1977-09-01,255845,79,False,,2025-07-17T15:19:02Z,,,,,,,,,,,,,,
spotify:track:0pUVeEgZuNyFzIMKp67RbS,Eyes Without A Face,Rebel Yell,Billy Idol,1983-11-01,299240,85,False,,2025-07-17T15:13:07Z,,,,,,,,,,,,,,
spotify:track:2WfaOiMkCvy7F5fcp2zZ8L,Take on Me,Hunting High and Low,a-ha,1985-06-01,225280,88,False,,2025-07-17T15:12:56Z,,,,,,,,,,,,,,
spotify:track:7aSSsHnGQ54rbMZpXApmtU,Stand by Me,Be Here Now,Oasis,1997-07-08,356600,70,False,,2025-07-17T12:26:15Z,,,,,,,,,,,,,,
spotify:track:62L8HlrCQLvBHKfpu8iqLa,Slide Away - Remastered,Definitely Maybe (Remastered),Oasis,1994-08-29,392306,67,False,,2025-07-17T12:26:11Z,,,,,,,,,,,,,,
spotify:track:5ZIU2kT1wNjQNclQeVCz5O,Modern Day Cowboy,Mechanical Resonance,Tesla,1986-01-01,318226,55,False,,2025-07-12T15:30:54Z,,,,,,,,,,,,,,
spotify:track:15J419FaKaBT7bYJmpLDpf,Some Might Say - Remastered,(What's The Story) Morning Glory? [Remastered],Oasis,1995-10-02,327920,62,False,,2025-07-05T23:07:35Z,,,,,,,,,,,,,,
spotify:track:2LmwUKeGCJZUKHKwOrX3Xb,Hello - Remastered,(What's The Story) Morning Glory? [Remastered],Oasis,1995-10-02,203186,59,False,,2025-07-05T23:04:54Z,,,,,,,,,,,,,,
spotify:track:2gANywSFYF58YFMPdDSAjC,Stand by Me,Be Here Now,Oasis,1997-08-21,356600,67,False,,2025-07-05T23:04:40Z,,,,,,,,,,,,,,
spotify:track:3gMrOhg0iORWLrGjpHoMPt,The Call of the Wild (feat. Myles Kennedy and The Conspirators),Living the Dream,"Slash, Myles Kennedy And The Conspirators",2018-09-21,239066,32,False,,2025-07-05T15:30:58Z,,,,,,,,,,,,,,
spotify:track:53xAQfByuPgDPktl5qoSfu,Serve You Right (feat. Myles Kennedy and The Conspirators),Living the Dream,"Slash, Myles Kennedy And The Conspirators",2018-09-21,311893,28,False,,2025-07-05T15:30:58Z,,,,,,,,,,,,,,
spotify:track:4y8pon0SeOuTzy82QSQsS9,My Antidote (feat. Myles Kennedy and The Conspirators),Living the Dream,"Slash, Myles Kennedy And The Conspirators",2018-09-21,256880,29,False,,2025-07-05T15:30:58Z,,,,,,,,,,,,,,
spotify:track:1iDIZuD3qAsW1wnVTaf3Xi,Mind Your Manners (feat. Myles Kennedy and The Conspirators),Living the Dream,"Slash, Myles Kennedy And The Conspirators",2018-09-21,217840,35,False,,2025-07-05T15:30:58Z,,,,,,,,,,,,,,
spotify:track:0jD84VjGci6cYS9AvRpN71,Lost Inside the Girl (feat. Myles Kennedy and The Conspirators),Living the Dream,"Slash, Myles Kennedy And The Conspirators",2018-09-21,389853,28,False,,2025-07-05T15:30:58Z,,,,,,,,,,,,,,
spotify:track:5PJnM5GE4gf1yrpoW5wemG,Read Between the Lines (feat. Myles Kennedy and The Conspirators),Living the Dream,"Slash, Myles Kennedy And The Conspirators",2018-09-21,216880,24,False,,2025-07-05T15:30:58Z,,,,,,,,,,,,,,
spotify:track:5yQcFist1OYzK87jvuq2YL,Slow Grind (feat. Myles Kennedy and The Conspirators),Living the Dream,"Slash, Myles Kennedy And The Conspirators",2018-09-21,215400,22,False,,2025-07-05T15:30:58Z,,,,,,,,,,,,,,
spotify:track:4RtT5EKrxl0VEleohJXbRO,The One You Loved Is Gone (feat. Myles Kennedy and The Conspirators),Living the Dream,"Slash, Myles Kennedy And The Conspirators",2018-09-21,289706,34,False,,2025-07-05T15:30:58Z,,,,,,,,,,,,,,
spotify:track:0n43aLT8CYhnHijg1qeD6z,Driving Rain (feat. Myles Kennedy and The Conspirators),Living the Dream,"Slash, Myles Kennedy And The Conspirators",2018-09-21,250080,39,False,,2025-07-05T15:30:58Z,,,,,,,,,,,,,,
spotify:track:7bV26GPYGTGM9j1sDj6Edn,Sugar Cane (feat. Myles Kennedy and The Conspirators),Living the Dream,"Slash, Myles Kennedy And The Conspirators",2018-09-21,188600,25,False,,2025-07-05T15:30:58Z,,,,,,,,,,,,,,
spotify:track:5WiAOcaiMkcIN2BE9f52BY,The Great Pretender (feat. Myles Kennedy and The Conspirators),Living the Dream,"Slash, Myles Kennedy And The Conspirators",2018-09-21,325493,26,False,,2025-07-05T15:30:58Z,,,,,,,,,,,,,,
spotify:track:2ieQuuf6lr8fFJIRtaOrDa,Boulevard of Broken Hearts (feat. Myles Kennedy and The Conspirators),Living the Dream,"Slash, Myles Kennedy And The Conspirators",2018-09-21,245906,29,False,,2025-07-05T15:30:58Z,,,,,,,,,,,,,,
spotify:track:3HM4NePuYAqdXpAGBk7nNz,Always,blink-182,blink-182,2003-11-01,251866,57,False,,2025-07-05T11:20:14Z,,,,,,,,,,,,,,
spotify:track:6C4LXC9UFH1IKiHYOp0BiJ,Sunday Bloody Sunday - Remastered 2008,War (Remastered),U2,1983-02-28,279440,72,False,,2025-06-29T00:49:26Z,,,,,,,,,,,,,,
spotify:track:3I6ZE30l53hp0ZUC94sDG5,Interstate 80 (with Slash),Comandante,"Tom Morello, Slash",2020-10-30,278269,28,False,,2025-06-29T00:47:18Z,,,,,,,,,,,,,,
spotify:track:1jDJFeK9x3OZboIAHsY9k2,I'm Still Standing,Too Low For Zero,Elton John,1983-05-30,183440,84,False,,2025-06-29T00:46:33Z,,,,,,,,,,,,,,
spotify:track:4hq0S6wznq7SHDyMOFXL9i,Tumbling Dice,Exile On Main Street (2010 Re-Mastered),The Rolling Stones,1972-05-12,226333,62,False,,2025-06-29T00:33:50Z,,,,,,,,,,,,,,
spotify:track:0XyjtybwqSdqMAFfBEkmZf,Rebel Girl,The Punk Singer (Original Motion Picture Soundtrack),Bikini Kill,2015-10-13,157333,55,False,,2025-06-28T01:38:41Z,,,,,,,,,,,,,,
spotify:track:42T2QQv3xgBlpQxaSP7lnK,One Last Breath,Weathered,Creed,2001-01-01,238240,84,False,,2025-06-18T14:05:35Z,,,,,,,,,,,,,,
spotify:track:4VDFUNQJmtL0pvqgjYXLZM,F**k It,Disclaimer,Seether,2002-01-01,176493,45,True,,2025-06-18T13:50:05Z,,,,,,,,,,,,,,
spotify:track:5BnFZLH99sYav2cxJFGO2n,Gone Away - 1997,Ixnay On The Hombre,The Offspring,1997-02-04,268826,71,False,,2025-06-18T13:44:19Z,,,,,,,,,,,,,,
spotify:track:3UULkHdmLDqBDPmBYltoRE,Metalingus,One Day Remains,Alter Bridge,2004-08-10,259959,69,False,,2025-06-18T13:20:25Z,,,,,,,,,,,,,,
spotify:track:6FjOEtsWcmuOksloxG0xx5,Hang On,Disclaimer II,Seether,2004-01-01,190733,48,False,,2025-06-18T12:33:37Z,,,,,,,,,,,,,,
spotify:track:3RAFcUBrCNaboRXoP3S5t1,Psychosocial,All Hope Is Gone (10th Anniversary),Slipknot,2008-08-20,284120,80,False,,2025-06-18T12:27:25Z,,,,,,,,,,,,,,
spotify:track:0gmbgwZ8iqyMPmXefof8Yf,How You Remind Me,Silver Side Up,Nickelback,2001-09-11,223840,86,False,,2025-06-18T12:24:21Z,,,,,,,,,,,,,,
spotify:track:6ITuEsxEy2qPhqMowdDAeI,Train in Vain (Stand by Me) - Remastered,London Calling (Remastered),The Clash,1979,192454,64,False,,2025-06-17T00:02:51Z,,,,,,,,,,,,,,
spotify:track:4mWahKerLaVddUjb8d1Q4Q,The Man Who Sold the World - 2015 Remaster,The Man Who Sold the World (2015 Remaster),David Bowie,1970-11-04,241346,66,False,,2025-06-17T00:02:49Z,,,,,,,,,,,,,,
spotify:track:1GOdYykgw2W0OcjPANvwgE,Jumpin' Jack Flash,Forty Licks,The Rolling Stones,2023-07-26,223289,64,False,,2025-06-16T23:20:46Z,,,,,,,,,,,,,,
spotify:track:1Hv1VTm8zeOeybub15mA2R,Smooth Operator - Single Version,The Best of Sade,Sade,1994-10-31,258693,82,False,,2025-06-13T13:49:09Z,,,,,,,,,,,,,,
spotify:track:5xw2cHVLw1rlDPp3cL9Zuv,She's Thunderstorms,Suck It and See,Arctic Monkeys,2011-06-06,234920,61,False,,2025-06-12T12:36:11Z,,,,,,,,,,,,,,
spotify:track:7EUcOIbJSePmXGvAe7G79C,Black Treacle,Suck It and See,Arctic Monkeys,2011-06-06,217440,58,False,,2025-06-12T12:36:11Z,,,,,,,,,,,,,,
spotify:track:49HYB8tppaxOsbBfeozPxu,Brick By Brick,Suck It and See,Arctic Monkeys,2011-06-06,179906,53,False,,2025-06-12T12:36:11Z,,,,,,,,,,,,,,
spotify:track:52M1FvGd0AkoUwcHL2L8jv,The Hellcat Spangled Shalalala,Suck It and See,Arctic Monkeys,2011-06-06,180373,54,True,,2025-06-12T12:36:11Z,,,,,,,,,,,,,,
spotify:track:3czdA0j4iaLDJJCoT5D8iP,Don't Sit Down 'Cause I've Moved Your Chair,Suck It and See,Arctic Monkeys,2011-06-06,183506,59,False,,2025-06-12T12:36:11Z,,,,,,,,,,,,,,
spotify:track:0qfGWpvJGlp17wdTm19ioK,Library Pictures,Suck It and See,Arctic Monkeys,2011-06-06,142173,51,False,,2025-06-12T12:36:11Z,,,,,,,,,,,,,,
spotify:track:7cRR82VFtvy3FeqIrjEeFy,All My Own Stunts,Suck It and See,Arctic Monkeys,2011-06-06,232280,51,False,,2025-06-12T12:36:11Z,,,,,,,,,,,,,,
spotify:track:1bXLpqe49cqEpj88uPR4pu,Reckless Serenade,Suck It and See,Arctic Monkeys,2011-06-06,162746,53,False,,2025-06-12T12:36:11Z,,,,,,,,,,,,,,
spotify:track:4Ai0ANRDYwx6mCD4Uty1WS,Piledriver Waltz,Suck It and See,Arctic Monkeys,2011-06-06,203880,63,False,,2025-06-12T12:36:11Z,,,,,,,,,,,,,,
spotify:track:0S6CXA5LpRDX6b4akgrOot,Love is a Laserquest,Suck It and See,Arctic Monkeys,2011-06-06,191426,61,False,,2025-06-12T12:36:11Z,,,,,,,,,,,,,,
spotify:track:0LxeKwg9t7HOnyfv4bTALT,Suck It and See,Suck It and See,Arctic Monkeys,2011-06-06,225986,62,False,,2025-06-12T12:36:11Z,,,,,,,,,,,,,,
spotify:track:2fgQ8COnxtEvaTcNbEtsUf,That's Where You're Wrong,Suck It and See,Arctic Monkeys,2011-06-06,256800,54,False,,2025-06-12T12:36:11Z,,,,,,,,,,,,,,
spotify:track:4kTd0TND65MUY4BlcmJ2cM,Why'd You Only Call Me When You're High?,AM,Arctic Monkeys,2013-09-10,161133,0,False,,2025-06-08T00:04:26Z,,,,,,,,,,,,,,
spotify:track:3vOZqYkuhE2ASsOctL81a7,No.1 Party Anthem,AM,Arctic Monkeys,2013-09-10,243066,0,False,,2025-06-08T00:00:40Z,,,,,,,,,,,,,,
spotify:track:0WF700uCpY2mQM5CUKuZ6H,Arabella,AM,Arctic Monkeys,2013-09-10,207360,0,False,,2025-06-07T23:55:41Z,,,,,,,,,,,,,,
spotify:track:7Hk6vSplBGJ6zK9GcGgeIa,One for the Road,AM,Arctic Monkeys,2013-09-10,206040,0,False,,2025-06-07T23:55:36Z,,,,,,,,,,,,,,
spotify:track:7Jzsc04YpkRwB1zeyM39wE,R U Mine?,AM,Arctic Monkeys,2013-09-10,201733,1,False,,2025-06-07T23:55:32Z,,,,,,,,,,,,,,
spotify:track:5bsnLiT00hG37qd8p2jdVl,Cornerstone,Humbug,Arctic Monkeys,2009-08-20,197973,68,False,,2025-06-07T23:04:55Z,,,,,,,,,,,,,,
spotify:track:2hmHlBM0kPBm17Y7nVIW9f,My Propeller,Humbug,Arctic Monkeys,2009-08-20,205746,63,False,,2025-06-07T23:04:48Z,,,,,,,,,,,,,,
spotify:track:2BqfIlpahcebJPeu1IUTEo,Do Me a Favour,Favourite Worst Nightmare,Arctic Monkeys,2007-04-22,209253,66,True,,2025-06-07T22:58:04Z,,,,,,,,,,,,,,
spotify:track:2IkdZhTKcwTMNFOGKqFsaI,Bad Rain,Apocalyptic Love,"Slash, Myles Kennedy And The Conspirators",2012-05-22,226766,31,False,,2025-06-05T16:44:51Z,,,,,,,,,,,,,,
spotify:track:2BYIXjDOaPtvEKsZLMeJsO,Juguetes Perdidos,Luzbelito,Patricio Rey y sus Redonditos de Ricota,1996-10-07,429400,61,False,,2025-06-05T16:44:30Z,,,,,,,,,,,,,,
spotify:track:78G90TJIPftipc5UObZc1i,Gasfight,Gasfight,Resider,2025-02-21,203364,31,False,,2025-06-04T17:29:28Z,,,,,,,,,,,,,,
spotify:track:1aYkkrAbPmMuorVz5HWIqE,The Look,Look Sharp!,Roxette,1988-10-21,237320,76,False,,2025-05-28T16:54:57Z,,,,,,,,,,,,,,
spotify:track:40YcuQysJ0KlGQTeGUosTC,"Me, Myself & I",When It's Dark Out,"G-Eazy, Bebe Rexha",2015-12-04,251465,81,True,,2025-05-01T16:33:12Z,,,,,,,,,,,,,,
spotify:track:0k2GOhqsrxDTAbFFSdNJjT,Temperature,The Trinity,Sean Paul,2005-09-27,216320,84,False,,2025-04-22T08:25:04Z,,,,,,,,,,,,,,
spotify:track:6bK9BH9Ts8Gj5JFvnQkzak,Get Busy,Dutty Rock (20th Anniversary),Sean Paul,2022-11-11,211666,78,False,,2025-04-21T21:52:50Z,,,,,,,,,,,,,,
spotify:track:3h04eZTnmFLRMjZajbrp2R,Need You Tonight,Kick (Remastered 2011),INXS,1987,181106,74,False,,2025-04-12T21:25:40Z,,,,,,,,,,,,,,
spotify:track:2V8KvnD5LVeeDChMWEkSzC,Nothin' But A Good Time - Remastered 2006,Open Up And Say...Ahh! (20th Anniversary Edition),Poison,1988-03-21,224866,68,False,,2025-04-12T20:53:59Z,,,,,,,,,,,,,,
spotify:track:50XuBmcV8THyLBczxD0c2k,World on Fire,World on Fire,Slash,2014-09-08,271030,52,True,,2025-04-01T14:44:35Z,,,,,,,,,,,,,,
spotify:track:3XY6uRWwdvIgbhJUp7oN0C,Shadow Life,World on Fire,Slash,2014-09-08,240853,42,False,,2025-04-01T14:44:35Z,,,,,,,,,,,,,,
spotify:track:5rVS6AXCDIGoC9x2JkNEka,Automatic Overdrive,World on Fire,Slash,2014-09-08,215866,39,False,,2025-04-01T14:44:35Z,,,,,,,,,,,,,,
spotify:track:3N0qAwSM7bRsNi7BiJyDHb,Wicked Stone,World on Fire,Slash,2014-09-08,327826,40,False,,2025-04-01T14:44:35Z,,,,,,,,,,,,,,
spotify:track:4D5zsi1vhSf7nOfroyMuBf,30 Years to Life,World on Fire,Slash,2014-09-08,308160,38,False,,2025-04-01T14:44:35Z,,,,,,,,,,,,,,
spotify:track:0GFYwFDhvlRSvMQLEQ4rg1,Bent to Fly,World on Fire,Slash,2014-09-08,296706,47,False,,2025-04-01T14:44:35Z,,,,,,,,,,,,,,
spotify:track:7L2vTAeV7MyRPTfC40qjVL,Stone Blind,World on Fire,Slash,2014-09-08,229973,32,False,,2025-04-01T14:44:35Z,,,,,,,,,,,,,,
spotify:track:2TE9RmsUA1J6ELpoTakMh9,Too Far Gone,World on Fire,Slash,2014-09-08,247346,35,False,,2025-04-01T14:44:35Z,,,,,,,,,,,,,,
spotify:track:1vgxFHT3xZfut9E38O8wGv,Beneath the Savage Sun,World on Fire,Slash,2014-09-08,348506,33,False,,2025-04-01T14:44:35Z,,,,,,,,,,,,,,
spotify:track:6kFGyNArFrH2g6RVUH4r9W,Withered Delilah,World on Fire,Slash,2014-09-08,190293,33,False,,2025-04-01T14:44:35Z,,,,,,,,,,,,,,
spotify:track:0WY7Z5LwedWGP0Xcg01Zu3,Battleground,World on Fire,Slash,2014-09-08,419066,33,False,,2025-04-01T14:44:35Z,,,,,,,,,,,,,,
spotify:track:14OBGVZHB5KEWoYyr5Lb2w,Dirty Girl,World on Fire,Slash,2014-09-08,254026,35,False,,2025-04-01T14:44:35Z,,,,,,,,,,,,,,
spotify:track:5ZkCkC4E32WO6l68a4thvW,Iris of the Storm,World on Fire,Slash,2014-09-08,240546,31,False,,2025-04-01T14:44:35Z,,,,,,,,,,,,,,
spotify:track:3IeQtll7STSVxq7CtsmqS6,Avalon,World on Fire,Slash,2014-09-08,180680,32,False,,2025-04-01T14:44:35Z,,,,,,,,,,,,,,
spotify:track:2TzQ1hRZyPygy7qjg2Uumu,The Dissident,World on Fire,Slash,2014-09-08,266346,33,False,,2025-04-01T14:44:35Z,,,,,,,,,,,,,,
spotify:track:6euky0zG9HxBxyhllez6TW,Safari Inn,World on Fire,Slash,2014-09-08,206866,31,False,,2025-04-01T14:44:35Z,,,,,,,,,,,,,,
spotify:track:1KxVn1RUiHNkGP5SI7fPKD,The Unholy,World on Fire,Slash,2014-09-08,408213,30,False,,2025-04-01T14:44:35Z,,,,,,,,,,,,,,
spotify:track:7IqDNMXKXc0GvjCOc6aa89,Apocalyptic Love,Apocalyptic Love,"Slash, Myles Kennedy And The Conspirators",2012-05-22,208561,28,False,,2025-04-01T14:44:25Z,,,,,,,,,,,,,,
spotify:track:4Dk5jVpu17YTMeJ5CO9DoI,One Last Thrill,Apocalyptic Love,"Slash, Myles Kennedy And The Conspirators",2012-05-22,189614,23,False,,2025-04-01T14:44:25Z,,,,,,,,,,,,,,
spotify:track:20kyUM6UcCj3C7JYfX7gM6,Standing In The Sun,Apocalyptic Love,"Slash, Myles Kennedy And The Conspirators",2012-05-22,243623,25,False,,2025-04-01T14:44:25Z,,,,,,,,,,,,,,
spotify:track:3tTo00CVv2I1syJQiCROWE,You're A Lie,Apocalyptic Love,"Slash, Myles Kennedy And The Conspirators",2012-05-22,230713,31,False,,2025-04-01T14:44:25Z,,,,,,,,,,,,,,
spotify:track:0p0ViuKxqknv7MduoPAKhN,No More Heroes,Apocalyptic Love,"Slash, Myles Kennedy And The Conspirators",2012-05-22,263732,25,False,,2025-04-01T14:44:25Z,,,,,,,,,,,,,,
spotify:track:6t4G0BOLIjcjTH5pRcH8zZ,Halo,Apocalyptic Love,"Slash, Myles Kennedy And The Conspirators",2012-05-22,202895,27,False,,2025-04-01T14:44:25Z,,,,,,,,,,,,,,
spotify:track:4naMBTVVa7OvmjvWqq0bpo,We Will Roam,Apocalyptic Love,"Slash, Myles Kennedy And The Conspirators",2012-05-22,289599,23,False,,2025-04-01T14:44:25Z,,,,,,,,,,,,,,
spotify:track:6SapuBD926ASRtniYhqSLO,Anastasia,Apocalyptic Love,"Slash, Myles Kennedy And The Conspirators",2012-05-22,367339,46,False,,2025-04-01T14:44:25Z,,,,,,,,,,,,,,
spotify:track:0mkIGN00okuBbvtK1uzAbx,Not For Me,Apocalyptic Love,"Slash, Myles Kennedy And The Conspirators",2012-05-22,321735,26,False,,2025-04-01T14:44:25Z,,,,,,,,,,,,,,
spotify:track:3YsuvE7hcloYZj2uEXlBu1,Hard & Fast,Apocalyptic Love,"Slash, Myles Kennedy And The Conspirators",2012-05-22,182462,21,True,,2025-04-01T14:44:25Z,,,,,,,,,,,,,,
spotify:track:1ddD7pJgJ5u5KbVWUVVvQN,Far And Away,Apocalyptic Love,"Slash, Myles Kennedy And The Conspirators",2012-05-22,314769,23,False,,2025-04-01T14:44:25Z,,,,,,,,,,,,,,
spotify:track:6EbbwzydfXjkLWbdjZn32Q,Shots Fired,Apocalyptic Love,"Slash, Myles Kennedy And The Conspirators",2012-05-22,226533,21,False,,2025-04-01T14:44:25Z,,,,,,,,,,,,,,
spotify:track:0jkHaoVItmXxaABStRtUgl,Ghost,Slash,"Slash, Ian Astbury",2010-04-06,215202,33,False,,2025-04-01T14:44:05Z,,,,,,,,,,,,,,
spotify:track:3t8xtlz0Hw9Z2QXfWWLwCo,Crucify The Dead,Slash,"Slash, Ozzy Osbourne",2010-04-06,244320,30,False,,2025-04-01T14:44:05Z,,,,,,,,,,,,,,
spotify:track:376mi8Q0QeYe5YAWOSkWZx,Beautiful Dangerous,Slash,"Slash, Fergie",2010-04-06,278546,33,False,,2025-04-01T14:44:05Z,,,,,,,,,,,,,,
spotify:track:1s58MpOxD7h6jbyI8xrf8o,Back From Cali,Slash,Slash,2010-04-06,216874,32,False,,2025-04-01T14:44:05Z,,,,,,,,,,,,,,
spotify:track:2AoPpIaiSRmSMigVF1wpck,Promise,Slash,"Slash, Chris Cornell",2010-04-06,280264,34,False,,2025-04-01T14:44:05Z,,,,,,,,,,,,,,
spotify:track:1KYhICWkE6PLlEUKdPkexw,By The Sword,Slash,"Slash, Andrew Stockdale",2010-04-06,291596,32,False,,2025-04-01T14:44:05Z,,,,,,,,,,,,,,
spotify:track:2KNHDvMeMXgJ5YEs7gTKOD,Gotten,Slash,"Slash, Adam Levine",2010-04-06,302230,35,False,,2025-04-01T14:44:05Z,,,,,,,,,,,,,,
spotify:track:5XJ2ZRC3ePr4F0yntZxYc6,Doctor Alibi,Slash,"Slash, Lemmy",2010-04-06,189289,27,False,,2025-04-01T14:44:05Z,,,,,,,,,,,,,,
spotify:track:6oLlFO5HD8zprxeKZlxMIt,Watch This,Slash,"Slash, Dave Grohl, Duff McKagan",2010-04-06,227369,24,False,,2025-04-01T14:44:05Z,,,,,,,,,,,,,,
spotify:track:3MpIpXOFM6Q1sV8W3fFLeJ,I Hold On,Slash,"Slash, Kid Rock",2010-04-06,256394,25,False,,2025-04-01T14:44:05Z,,,,,,,,,,,,,,
spotify:track:7vy2cpdo4XZ5ry2bcPX4wt,Nothing To Say,Slash,"Slash, M Shadows",2010-04-06,326472,32,False,,2025-04-01T14:44:05Z,,,,,,,,,,,,,,
spotify:track:3JqWoSegqp48lWuAThqL0T,Starlight,Slash,"Slash, Myles Kennedy",2010-04-06,326379,32,False,,2025-04-01T14:44:05Z,,,,,,,,,,,,,,
spotify:track:6CwuueKlFxJE4ozyL76P78,Saint Is A Sinner Too,Slash,"Slash, Rocco De Luca",2010-04-06,207725,21,False,,2025-04-01T14:44:05Z,,,,,,,,,,,,,,
spotify:track:2CXQe69UpczKPXRwjjdP3M,We're All Gonna Die,Slash,"Slash, Iggy Pop",2010-04-06,272695,22,False,,2025-04-01T14:44:05Z,,,,,,,,,,,,,,
spotify:track:3vf6eJVNypsSLkJAHbkDmf,Mother Maria,Slash,"Slash, Beth Hart",2010-04-06,319738,22,False,,2025-04-01T14:44:05Z,,,,,,,,,,,,,,
spotify:track:56pHllZT7QOacB0bP56ofx,Chasing Pavements,19,Adele,2008-01-28,210506,71,False,,2025-04-01T14:41:19Z,,,,,,,,,,,,,,
spotify:track:2FHMM1A7ozaPLn0wIY4SET,Troglodyte,Cave World,Viagra Boys,2022-07-08,199732,54,False,,2025-03-20T01:31:27Z,,,,,,,,,,,,,,
spotify:track:2F6FfZ4w8z3eJpSxPotVO5,Falling Away from Me,Issues,Korn,1999-11-09,270920,76,True,,2025-03-18T21:25:59Z,,,,,,,,,,,,,,
spotify:track:2PzU4IB8Dr6mxV3lHuaG34,(I Can't Get No) Satisfaction - Mono,Out Of Our Heads,The Rolling Stones,1965-07-30,222813,77,False,,2025-03-13T18:06:43Z,,,,,,,,,,,,,,
spotify:track:2KCJYwlBWxdlwyIYckIf6V,Rag Doll,Permanent Vacation,Aerosmith,1987-01-01,265693,62,False,,2025-03-13T18:06:34Z,,,,,,,,,,,,,,
spotify:track:4OHVCeQYPncEwZOtNAJZZx,Beetlebum - 2012 Remaster,Blur (Special Edition),Blur,1997-02-10,305213,65,False,,2025-02-23T15:17:42Z,,,,,,,,,,,,,,
spotify:track:5YawP5VyNhIv5QBdv7Mb3m,Asleep at the Wheel,Himalayan,Band Of Skulls,2014-03-31,246101,0,False,,2025-02-23T15:11:53Z,,,,,,,,,,,,,,
spotify:track:0VV8wkOM4w78A2OHZOTzNP,Live And Let Die - 2018 Remaster,Red Rose Speedway (Archive Collection),Wings,1973-04-30,192773,65,False,,2025-02-23T15:11:24Z,,,,,,,,,,,,,,
spotify:track:71SvEDmsOwIWw1IozsZoMA,Any Way You Want It,Departure,Journey,1980,201693,72,False,,2025-02-23T15:11:19Z,,,,,,,,,,,,,,
spotify:track:6DEQ7nhcQXs1rQuWi2DoLJ,The Last Fight,Libertad,Velvet Revolver,2007-07-03,243053,42,False,,2025-02-23T15:08:58Z,,,,,,,,,,,,,,
spotify:track:0X1sqQ652p1sceKM2nJlIJ,Runaway,Bon Jovi,Bon Jovi,1984-01-23,230666,76,False,,2025-02-23T15:08:36Z,,,,,,,,,,,,,,
spotify:track:0MOi5oWv5Y0Ea9p7BdXepF,Radar Love,Big Game,White Lion,1989,359960,47,False,,2025-02-23T15:08:24Z,,,,,,,,,,,,,,
spotify:track:1CfCdWHTbU4hPuWneLC7jc,Big Foot,III (Bonus Track Edition),Chickenfoot,2011-09-26,229506,33,False,,2025-02-23T15:06:32Z,,,,,,,,,,,,,,
spotify:track:2Fxmhks0bxGSBdJ92vM42m,bad guy,"WHEN WE ALL FALL ASLEEP, WHERE DO WE GO?",Billie Eilish,2019-03-29,194087,82,False,,2025-02-18T00:37:50Z,,,,,,,,,,,,,,
spotify:track:54bFM56PmE4YLRnqpW6Tha,Therefore I Am,Therefore I Am,Billie Eilish,2020-11-12,174321,69,False,,2025-02-18T00:37:45Z,,,,,,,,,,,,,,
spotify:track:5ArNGisLzrNOIVwWajRRdt,Mein Herz brennt,Mutter,Rammstein,2001-04-02,279893,70,False,,2025-02-18T00:30:40Z,,,,,,,,,,,,,,
spotify:track:6XcoiOYiNbIxzpt8WRxq8Z,Du hast,Sehnsucht (Remastered 2023),Rammstein,1997-08-22,235600,76,False,,2025-02-18T00:30:25Z,,,,,,,,,,,,,,
spotify:track:3gVhsZtseYtY1fMuyYq06F,Sonne,Mutter,Rammstein,2001-04-02,272440,79,False,,2025-02-18T00:30:22Z,,,,,,,,,,,,,,
spotify:track:1a8JpAL3vbAdXYrEABvOtb,Amerika,"Reise, Reise",Rammstein,2004-09-27,226760,69,False,,2025-02-18T00:30:19Z,,,,,,,,,,,,,,
spotify:track:3Obu3jvFSfgLF3pSbi64Vj,This Fire,Franz Ferdinand,Franz Ferdinand,2004-02-16,254693,60,False,,2025-02-17T02:41:00Z,,,,,,,,,,,,,,
spotify:track:6Nt5aSBZC3Rs97mQeNzICw,Resolve,In Your Honor,Foo Fighters,2005-06-14,288236,46,False,,2025-02-17T02:38:41Z,,,,,,,,,,,,,,
spotify:track:5NLuC70kZQv8q34QyQa1DP,Fight For Your Right,Licensed To Ill,Beastie Boys,1986-11-15,208653,70,False,,2025-02-17T02:38:34Z,,,,,,,,,,,,,,
spotify:track:3OXc6xDxasnl4uj2jl1q4Y,Fire of Unknown Origin,Fire of Unknown Origin,Blue Öyster Cult,1981-10-23,251444,45,False,,2025-02-17T02:29:25Z,,,,,,,,,,,,,,
spotify:track:2ccUQnjjNWT0rsNnsBpsCA,Surrender,Heaven Tonight,Cheap Trick,1978-04,255968,67,False,,2025-01-05T15:27:10Z,,,,,,,,,,,,,,
spotify:track:0KZodeWxqxd88F9wY1cqgs,My Sweet Lord - 2014 Remaster,All Things Must Pass (2014 Remaster),George Harrison,1970-11-20,281231,74,False,,2025-01-05T15:20:45Z,,,,,,,,,,,,,,
spotify:track:0xaNdYwK8ZF3cHSjraQGC0,Rocket Queen,Appetite For Destruction,Guns N' Roses,1987-07-21,373266,64,False,,2025-01-05T15:07:03Z,,,,,,,,,,,,,,
spotify:track:62QInSlXQI11BR9ycVWjd6,I Can't Quit You Baby - 1990 Remaster,Led Zeppelin,Led Zeppelin,1969-01-12,282426,59,False,,2025-01-05T15:06:29Z,,,,,,,,,,,,,,
spotify:track:3oJtUnnt5uYPtzulIbLw3D,Dead Flowers - 2009 Mix,Sticky Fingers (Remastered),The Rolling Stones,1971-04-23,244533,59,False,,2025-01-05T15:06:23Z,,,,,,,,,,,,,,
spotify:track:5dnwXK73BDZ0H2L06ZrKcE,Dr. Feelgood,Dr. Feelgood,Mötley Crüe,1989-09-02,289920,71,False,,2025-01-05T15:06:19Z,,,,,,,,,,,,,,
spotify:track:0AqjkVFqa1ujle4Lb1k9wR,The Ocean - Remaster,Houses of the Holy (Remaster),Led Zeppelin,1973-03-28,271397,60,False,,2025-01-05T15:03:00Z,,,,,,,,,,,,,,
spotify:track:0SPBrxOUEMIKugXR4bFhxs,Love Gun,Love Gun,KISS,1977-06-30,198706,63,False,,2025-01-05T14:49:19Z,,,,,,,,,,,,,,
spotify:track:5uuJruktM9fMdN9Va0DUMl,Play That Funky Music,Wild Cherry,Wild Cherry,1976,300000,73,False,,2025-01-05T14:49:17Z,,,,,,,,,,,,,,
spotify:track:668YgsnvdNBHfRscNIBS31,It's Only Rock'n'Roll (But I Like It) - Remastered 2009,It's Only Rock 'N' Roll (2009 Re-Mastered),The Rolling Stones,1974-10-18,307440,57,False,,2025-01-05T14:49:11Z,,,,,,,,,,,,,,
spotify:track:4Wd9pEtEnZNDjgiswGOpJb,Waiting On A Friend - Remastered 2009,Tattoo You (2009 Re-Mastered),The Rolling Stones,1981-08-24,274226,61,False,,2025-01-05T14:49:01Z,,,,,,,,,,,,,,
spotify:track:1a2iF9XymafjRk56q7oCxo,Pride and Joy,Texas Flood (Legacy Edition),Stevie Ray Vaughan,1983,219586,67,False,,2025-01-05T14:48:57Z,,,,,,,,,,,,,,
spotify:track:6gQUbFwwdYXlKdmqRoWKJe,Dude (Looks Like A Lady),Permanent Vacation,Aerosmith,1987-01-01,265773,68,False,,2025-01-05T14:48:46Z,,,,,,,,,,,,,,
spotify:track:5T7ywazdGIydr6JCW6t02j,Smooth Criminal - 2012 Remaster,Bad (Remastered),Michael Jackson,1987-08-31,257766,80,False,,2025-01-05T14:48:39Z,,,,,,,,,,,,,,
spotify:track:3Kx6oHPQxtA5aJzcZeuE7r,Last Child,Rocks,Aerosmith,1976-05-14,206631,53,False,,2025-01-04T17:45:53Z,,,,,,,,,,,,,,
spotify:track:0f7VY69zhtS20Xm5PVYCm5,Doo Doo Doo Doo Doo (Heartbreaker),Goats Head Soup (Remastered 2009),The Rolling Stones,1973-08-31,206466,56,False,,2025-01-04T17:45:43Z,,,,,,,,,,,,,,
spotify:track:6xE6ZWzK1YDDSYzqOCoQlz,Last Train to London,Discovery,Electric Light Orchestra,1979-05-31,272649,79,False,,2025-01-04T17:45:14Z,,,,,,,,,,,,,,
spotify:track:37Ptnxxd7WXAaCfWXxcElU,Same Old Song and Dance,Get Your Wings,Aerosmith,1974-03-15,233567,53,False,,2025-01-04T17:44:55Z,,,,,,,,,,,,,,
spotify:track:0Xl2pAlIRE6ANULPdEI7fx,Pink,Nine Lives,Aerosmith,1997-03-18,235473,64,False,,2025-01-04T17:44:25Z,,,,,,,,,,,,,,
spotify:track:1QLr0zOu6fv5hLEHOwdr21,Let's Spend The Night Together,Between The Buttons,The Rolling Stones,1967-01-20,215920,56,False,,2025-01-04T17:44:23Z,,,,,,,,,,,,,,
spotify:track:3IOkrpU4MvCUif4W4ifspF,Sucker Train Blues,Contraband,Velvet Revolver,2004,267773,45,True,,2024-12-30T00:18:01Z,,,,,,,,,,,,,,
spotify:track:1BLcWaYRMz4jP9xo7DKTXZ,Headspace,Contraband,Velvet Revolver,2004,223026,37,True,,2024-12-30T00:17:54Z,,,,,,,,,,,,,,
spotify:track:0gsl92EMIScPGV1AU35nuD,All By Myself,Falling into You,Céline Dion,1996-03-11,312306,72,False,,2024-12-30T00:17:03Z,,,,,,,,,,,,,,
spotify:track:1gq5tbU9FTm90duAZtDZUv,Spread Your Love,B.R.M.C.,Black Rebel Motorcycle Club,2001-01-01,225333,54,False,,2024-12-28T13:51:32Z,,,,,,,,,,,,,,
spotify:track:1Q92pr5ZjhaOfNTvrjYLnE,Get The Funk Out,Extreme II - Pornograffitti,Extreme,1990-01-01,264066,50,False,,2024-12-28T13:45:42Z,,,,,,,,,,,,,,
spotify:track:7e9jp2MKNeKGGGv2z5IR2j,Wizard,Stone Giant,Stone Giant,2015-05-17,261959,12,False,,2024-12-28T13:28:57Z,,,,,,,,,,,,,,
spotify:track:4Tei1E5lP9pQImQx9keU6M,Pretty As You Please,Brother,Cry Of Love,1993-05-11,226906,26,False,,2024-12-28T13:27:10Z,,,,,,,,,,,,,,
spotify:track:7HIG9Utsra6sL79nA1Tn0y,Honky Tonk Women,Forty Licks,The Rolling Stones,2023-07-26,181395,65,False,,2024-12-27T15:24:29Z,,,,,,,,,,,,,,
spotify:track:1jJci4qxiYcOHhQR247rEU,Kids,Oracular Spectacular,MGMT,2007-12-14,302840,83,False,,2024-12-11T15:45:02Z,,,,,,,,,,,,,,
spotify:track:1lyzM8ksTZShD51uQVt8zW,This Ain't the Summer of Love,Agents Of Fortune,Blue Öyster Cult,1976,140934,36,False,,2024-12-08T21:52:53Z,,,,,,,,,,,,,,
spotify:track:3jJZVeExYzVYiV6Y9Fl3DX,Plush,Core,Stone Temple Pilots,1992-09-29,310346,69,False,,2024-12-08T02:25:19Z,,,,,,,,,,,,,,
spotify:track:0SiywuOBRcynK0uKGWdCnn,Bad Romance,The Fame Monster (Deluxe Edition),Lady Gaga,2009-11-05,294573,86,True,,2024-12-08T02:25:16Z,,,,,,,,,,,,,,
spotify:track:00Mb3DuaIH1kjrwOku9CGU,Sk8er Boi,Let Go,Avril Lavigne,2002-06-04,204000,79,False,,2024-12-08T02:25:04Z,,,,,,,,,,,,,,
spotify:track:5xEM5hIgJ1jjgcEBfpkt2F,Complicated,Let Go,Avril Lavigne,2002-06-04,244506,84,False,,2024-12-08T02:24:59Z,,,,,,,,,,,,,,
spotify:track:2v7ywbUzCgcVohHaKUcacV,Like a Prayer,Like a Prayer,Madonna,1989-03-21,340866,74,False,,2024-12-08T02:24:56Z,,,,,,,,,,,,,,
spotify:track:44u52jALuPgpczTbZuRWHM,It's My Life,The Set List,No Doubt,2024-04-26,225866,53,False,,2024-12-08T02:24:44Z,,,,,,,,,,,,,,
spotify:track:5CXrszNGZBfYHrNSxYhJVA,Promise,Still Not Getting Any...,Simple Plan,2004-10-25,212013,38,False,,2024-12-08T02:24:38Z,,,,,,,,,,,,,,
spotify:track:5Pdd4QCr0rREXM03zBM2Eh,Walk Idiot Walk,Tyrannosaurus Hives,The Hives,2004-01-01,211813,57,False,,2024-12-06T21:51:09Z,,,,,,,,,,,,,,
spotify:track:7uMZy0bALAdneerERyr7Ks,Reflektor,Reflektor,Arcade Fire,2013,453949,54,False,,2024-12-06T21:50:43Z,,,,,,,,,,,,,,
spotify:track:07AjyDeE85pDr4Dj8BzgWB,I'm Shakin',Blunderbuss,Jack White,2012-04-20,180173,51,False,,2024-12-06T21:50:11Z,,,,,,,,,,,,,,
spotify:track:1gVVSmhWjci8l9Vrsl6HaS,Vertigo,How To Dismantle An Atomic Bomb,U2,2004-01-01,193520,65,False,,2024-12-06T21:49:02Z,,,,,,,,,,,,,,
spotify:track:26AYR77170U49cMcXB7aRV,Feeling This,blink-182,blink-182,2003-11-01,172645,69,True,,2024-12-06T21:48:07Z,,,,,,,,,,,,,,
spotify:track:2RlgNHKcydI9sayD2Df2xp,Mr. Blue Sky,Out of the Blue,Electric Light Orchestra,1977,303820,80,False,,2024-12-06T21:21:34Z,,,,,,,,,,,,,,
spotify:track:29wJiSQcze8HEmxkUQykyp,Carrie,The Final Countdown (Expanded Edition),Europe,1986,272133,70,False,,2024-12-06T21:19:57Z,,,,,,,,,,,,,,
spotify:track:08onVqQ8YicJ98Ycm1qoLf,Urgent,4 (Expanded),Foreigner,1981,271200,69,False,,2024-12-06T21:19:41Z,,,,,,,,,,,,,,
spotify:track:2aIB1CdRRG7YLBu9hNw9nR,The Beautiful People,Antichrist Superstar,Marilyn Manson,1996,218826,75,True,,2024-12-06T21:15:30Z,,,,,,,,,,,,,,
spotify:track:557jg1bhE6fYKPtfEGZXGG,Scumbag Blues,Them Crooked Vultures,Them Crooked Vultures,2009-11-17,265823,50,False,,2024-12-06T21:13:43Z,,,,,,,,,,,,,,
spotify:track:383QXk8nb2YrARMUwDdjQS,Psycho,Drones,Muse,2015-06-04,316717,68,True,,2024-12-06T21:08:33Z,,,,,,,,,,,,,,
spotify:track:0vjYxBDAcflD0358arIVZG,Ten Tonne Skeleton,Royal Blood,Royal Blood,2014-08-18,187853,56,False,,2024-12-06T21:07:35Z,,,,,,,,,,,,,,
spotify:track:0knbMPVHpFbsx38pLoYSRs,Hysteria,Absolution,Muse,2003-09-15,227023,78,False,,2024-12-06T21:06:44Z,,,,,,,,,,,,,,
spotify:track:2vCnEuoc65PXAdx33Y7syW,War Pigs,The Real Thing,Faith No More,1989,465933,45,False,,2024-12-06T21:06:26Z,,,,,,,,,,,,,,
spotify:track:7EdxbkzFHcOvb89LHchkAP,Y Deshacer,Sexo Con Modelos,Marilina Bertoldi,2016-04-22,191786,32,False,,2024-12-06T20:55:17Z,,,,,,,,,,,,,,
spotify:track:4ItljeeAXtHsnsnnQojaO2,D'yer Mak'er - Remaster,Houses of the Holy (Deluxe Edition),Led Zeppelin,1973-03-28,262748,66,False,,2024-12-06T20:52:24Z,,,,,,,,,,,,,,
spotify:track:12PHZ4pgRdRJdyiS5jmRKv,First Day of My Life,Dead Letters,The Rasmus,2003-03-24,224693,50,False,,2024-12-05T04:08:21Z,,,,,,,,,,,,,,
spotify:track:1fr92Vupmcs2vgLMFVQ7rd,In the Shadows,Dead Letters,The Rasmus,2003-03-24,257920,75,False,,2024-12-05T04:08:21Z,,,,,,,,,,,,,,
spotify:track:3yKPst2ayqTdUmmtwg69Qe,Still Standing,Dead Letters,The Rasmus,2003-03-24,212266,43,False,,2024-12-05T04:08:21Z,,,,,,,,,,,,,,
spotify:track:2S1UKV4EaCBll5lJrSXxOz,In My Life,Dead Letters,The Rasmus,2003-03-24,221333,43,False,,2024-12-05T04:08:21Z,,,,,,,,,,,,,,
spotify:track:5eRPCi7qZYVA1raYyiHbkl,Time to Burn,Dead Letters,The Rasmus,2003-03-24,272133,39,False,,2024-12-05T04:08:21Z,,,,,,,,,,,,,,
spotify:track:3UVYGhewl2PglEv80HF1ic,Guilty,Dead Letters,The Rasmus,2003-03-24,226893,52,False,,2024-12-05T04:08:21Z,,,,,,,,,,,,,,
spotify:track:1LnMUVlW9kN7BDifoRrEUH,Not Like the Other Girls,Dead Letters,The Rasmus,2003-03-24,344600,41,False,,2024-12-05T04:08:21Z,,,,,,,,,,,,,,
spotify:track:3hs03JBbm1XPfFmpl9TVw3,The One I Love,Dead Letters,The Rasmus,2003-03-24,196666,33,False,,2024-12-05T04:08:21Z,,,,,,,,,,,,,,
spotify:track:01lDprsFlmkO9krc980Nd5,Back in the Picture,Dead Letters,The Rasmus,2003-03-24,224840,31,False,,2024-12-05T04:08:21Z,,,,,,,,,,,,,,
spotify:track:7pqPnBIAZMXgZwAkY1JEPT,Funeral Song,Dead Letters,The Rasmus,2003-03-24,197160,37,False,,2024-12-05T04:08:21Z,,,,,,,,,,,,,,
spotify:track:35b08f3X5XiuTV0oJHZB9g,Club Foot,Kasabian/Empire,Kasabian,2004,215360,56,False,,2024-12-04T21:30:09Z,,,,,,,,,,,,,,
spotify:track:0zOib2aTJmCkz8xFiteJCn,Ya No Hay,Fuego al Universo,Connor Questa,2013-06-01,190146,11,False,,2024-12-04T17:14:28Z,,,,,,,,,,,,,,
spotify:track:02or2ZvL8D0joDnTuF3nyF,Fido,Fuego al Universo,Connor Questa,2013-06-01,186960,11,False,,2024-12-04T17:14:27Z,,,,,,,,,,,,,,
spotify:track:1A9Khj8nzxfFcBKM6NcZD7,Alma y Sangre,Fuego al Universo,Connor Questa,2013-06-01,191333,12,False,,2024-12-04T17:14:25Z,,,,,,,,,,,,,,
spotify:track:1Tr7MOYn6RiXHBJxyeUJ59,Todo Lo Posible,Fuego al Universo,Connor Questa,2013-06-01,188840,14,False,,2024-12-04T17:14:23Z,,,,,,,,,,,,,,
spotify:track:5D6KmuPFXjISmy2huyixOO,De Más,Fuego al Universo,Connor Questa,2013-06-01,253706,12,False,,2024-12-04T17:14:23Z,,,,,,,,,,,,,,
spotify:track:2CIu6irJWsqiJ6QBmp5o9s,Hoy Decido Que,Fuego al Universo,Connor Questa,2013-06-01,212653,15,False,,2024-12-04T17:14:21Z,,,,,,,,,,,,,,
spotify:track:26ukrBTgdCgwvyRGqDiDZI,Cliche,Fuego al Universo,Connor Questa,2013-06-01,191293,16,False,,2024-12-04T17:14:19Z,,,,,,,,,,,,,,
spotify:track:0TgYxa2nW34gdalHFmIXpL,Pensar Bien,Fuego al Universo,Connor Questa,2013-06-01,171453,19,False,,2024-12-04T17:14:18Z,,,,,,,,,,,,,,
spotify:track:20B0Xu5plbTtb32H7Li8ya,Lo Roto Expone,Fuego al Universo,Connor Questa,2013-06-01,246226,19,False,,2024-12-04T17:14:18Z,,,,,,,,,,,,,,
spotify:track:4r8lRYnoOGdEi6YyI5OC1o,Bye Bye Bye,No Strings Attached,*NSYNC,2000-03-21,200560,71,False,,2024-12-03T05:47:26Z,,,,,,,,,,,,,,
spotify:track:5tVA6TkbaAH9QMITTQRrNv,Free Fallin',Full Moon Fever,Tom Petty,1989-01-01,256000,77,False,,2024-12-03T04:46:42Z,,,,,,,,,,,,,,
spotify:track:6ztstiyZL6FXzh4aG46ZPD,Boogie Wonderland (with The Emotions),I Am,"Earth, Wind & Fire, The Emotions",1979-06,288408,80,False,,2024-12-03T04:41:46Z,,,,,,,,,,,,,,
spotify:track:0d3qwh4HY9w6Ywywj6ksTv,Lay It Down,The Essentials: Ratt,Ratt,1984,205466,63,False,,2024-12-03T04:41:30Z,,,,,,,,,,,,,,
spotify:track:11oBg7EA3BgPLWrIx4Rv7D,Legs (2008 Remaster),Eliminator,ZZ Top,1983-03-23,273906,63,False,,2024-12-03T04:41:07Z,,,,,,,,,,,,,,
spotify:track:7tCHpjktA50ihtkLz6bAnn,Ain't No Rest For The Wicked - Original Version,Cage The Elephant,Cage The Elephant,2008-01-01,175493,66,False,,2024-12-03T04:40:59Z,,,,,,,,,,,,,,
spotify:track:389QX9Q1eUOEZ19vtzzI9O,While My Guitar Gently Weeps - Remastered 2009,The Beatles (Remastered),The Beatles,1968-11-22,285000,72,False,,2024-12-03T04:40:06Z,,,,,,,,,,,,,,
spotify:track:5yAu4njFSdM47dfsTkQPZ2,Runnin' Down A Dream,The Best Of Everything - The Definitive Career Spanning Hits Collection 1976-2016,Tom Petty,2019-03-01,261812,69,False,,2024-12-03T04:34:23Z,,,,,,,,,,,,,,
spotify:track:0yp3TvJNlG50Q4tAHWNCRm,Enjoy the Silence,"Violator | The 12"" Singles",Depeche Mode,2022-04-01,257630,79,False,,2024-12-03T04:27:05Z,,,,,,,,,,,,,,
spotify:track:17lu4tymfnhmcIDlzBbtAb,For Those About to Rock (We Salute You),For Those About to Rock (We Salute You),AC/DC,1981-11-23,344263,68,False,,2024-12-03T04:10:42Z,,,,,,,,,,,,,,
spotify:track:6UB9mShVLbMm0W4e6vud4C,Battery,Master Of Puppets (Remastered),Metallica,1986-03-03,312360,67,False,,2024-12-03T03:53:02Z,,,,,,,,,,,,,,
spotify:track:6FUwPb4mGlUDbx42uspXaZ,Fuel,Reload,Metallica,1997-01-01,269800,74,True,,2024-12-03T03:52:47Z,,,,,,,,,,,,,,
spotify:track:2R6UrJ8uWbSIiHWmvRQvN8,Whiskey In The Jar,Garage Inc.,Metallica,1998-01-01,304693,75,False,,2024-12-03T03:52:45Z,,,,,,,,,,,,,,
spotify:track:3LpHzQU2CZzZJGdUWV79SI,For Whom The Bell Tolls - Remastered,Ride The Lightning (Deluxe / Remastered),Metallica,1984-07-26,309973,75,False,,2024-12-03T03:52:32Z,,,,,,,,,,,,,,
spotify:track:1UYj8qTWjneZJDVjUMwMub,The Moment,Currents,Tame Impala,2015-07-17,255413,71,False,,2024-12-02T19:48:47Z,,,,,,,,,,,,,,
spotify:track:7FvSjeL3svbbiPo2Rgirny,The Air Near My Fingers,Elephant,The White Stripes,2003-04-01,220266,45,False,,2024-12-02T17:42:51Z,,,,,,,,,,,,,,
spotify:track:5XeSAezNDk9tuw3viiCbZ3,Get Up Offa That Thing,The 50th Anniversary Collection,James Brown,2003-01-01,239733,65,False,,2024-12-01T12:26:34Z,,,,,,,,,,,,,,
spotify:track:0bNdtECaLZcHA4B9QPjeUk,The Real Me,Quadrophenia,The Who,1973-10-19,200706,45,False,,2024-12-01T12:23:21Z,,,,,,,,,,,,,,
spotify:track:7nXq1vaZiz7PdbfojpPjW5,Fighter,Stripped,Christina Aguilera,2002-07-19,245960,67,False,,2024-12-01T12:17:59Z,,,,,,,,,,,,,,
spotify:track:4kYBGFbj8z1J70ConhMW6S,Big Machine,Contraband,Velvet Revolver,2004,265533,36,True,,2024-11-30T20:25:31Z,,,,,,,,,,,,,,
spotify:track:6nek1Nin9q48AVZcWs9e9D,Paradise,Mylo Xyloto,Coldplay,2011-10-24,278719,85,False,,2024-11-30T20:25:09Z,,,,,,,,,,,,,,
spotify:track:2jmzqM90kCfCIZYMALIMDv,You Don't Understand Me,Consolers of the Lonely,The Raconteurs,2008-03-25,293733,45,False,,2024-11-30T20:24:49Z,,,,,,,,,,,,,,
spotify:track:72boGlgSwUK01n44O2tOCv,Lost in the Supermarket - Remastered,London Calling (Remastered),The Clash,1979,227052,59,False,,2024-11-30T20:20:18Z,,,,,,,,,,,,,,
spotify:track:4bxPdKRQNu6RF9dgJiXtBr,Fap,Fuego al Universo,Connor Questa,2013-06-01,210893,14,False,,2024-11-30T20:13:11Z,,,,,,,,,,,,,,
spotify:track:0Ln5tJyLX5qusquBOtq7wf,Fire,West Ryder Pauper Lunatic Asylum,Kasabian,2009,252279,69,False,,2024-11-30T20:04:23Z,,,,,,,,,,,,,,
spotify:track:7LRMbd3LEoV5wZJvXT1Lwb,T.N.T.,High Voltage,AC/DC,1976-05-14,215096,81,False,,2024-11-30T20:02:33Z,,,,,,,,,,,,,,
spotify:track:2iXdwVdzA0KrI2Q0iZNJbX,Better Together,In Between Dreams,Jack Johnson,2005-01-01,207680,75,False,,2024-11-30T20:01:55Z,,,,,,,,,,,,,,
spotify:track:75JFxkI2RXiU7L9VXzMkle,The Scientist,A Rush of Blood to the Head,Coldplay,2002-08-27,309600,89,False,,2024-11-30T20:00:21Z,,,,,,,,,,,,,,
spotify:track:2kzkmyFVkoont0STd8r0kv,Kiss My Troublemaker,We Play Instruments n Sh!T,Phil X & The Drills,2012-12-20,182128,22,False,,2024-11-30T19:56:52Z,,,,,,,,,,,,,,
spotify:track:1TEZWG1FdjzDdercCguTwj,Nookie,Significant Other,Limp Bizkit,1999,289560,77,True,,2024-11-29T16:06:13Z,,,,,,,,,,,,,,
spotify:track:3EQcKUTK6yQrqFbctqKjcX,Lovin' You's a Dirty Job,The Essentials: Ratt,Ratt,1984,194573,45,False,,2024-11-29T14:36:52Z,,,,,,,,,,,,,,
spotify:track:55L4Au0G28HAUMfJTJwrH2,Get Out The Door,Libertad,Velvet Revolver,2007-07-03,194440,33,False,,2024-11-28T14:10:59Z,,,,,,,,,,,,,,
spotify:track:23czLeQvLpg5t3yflZheRg,Only Friend,The Temperance Movement,The Temperance Movement,2013-09-16,268786,46,False,,2024-11-28T14:00:17Z,,,,,,,,,,,,,,
spotify:track:0IRx6YkLMVdnCHN61D0Vk0,The Shock of the Lightning,Dig Out Your Soul,Oasis,2008-10-06,299946,45,False,,2024-11-27T23:13:10Z,,,,,,,,,,,,,,
spotify:track:5eHvlXerDcEY5dDqJbox4L,Do It For The Kids,Contraband,Velvet Revolver,2004,235826,40,True,,2024-11-27T23:07:33Z,,,,,,,,,,,,,,
spotify:track:1gVgkQFOKa8Wc1HYsJtPdH,More Than Words,Extreme II - Pornograffitti,Extreme,1990-01-01,334106,78,False,,2024-11-27T22:58:36Z,,,,,,,,,,,,,,
spotify:track:3AzjcOeAmA57TIOr9zF1ZW,Physical,Future Nostalgia,Dua Lipa,2020-03-27,193829,77,False,,2024-11-27T17:36:52Z,,,,,,,,,,,,,,
spotify:track:2ekn2ttSfGqwhhate0LSR0,New Rules,Dua Lipa (Deluxe),Dua Lipa,2017-06-02,209320,82,False,,2024-11-27T17:35:07Z,,,,,,,,,,,,,,
spotify:track:4FzPIalyruWIiefI91qe4B,Rock 'n' Roll High School - 2002 Remaster,End of the Century (Expanded 2005 Remaster),Ramones,1980-02-04,137400,52,False,,2024-11-27T17:34:24Z,,,,,,,,,,,,,,
spotify:track:0cqRj7pUJDkTCEsJkx8snD,Shake It Off,1989 (Deluxe),Taylor Swift,2014-01-01,219200,81,False,,2024-11-27T17:33:42Z,,,,,,,,,,,,,,
spotify:track:4VrWlk8IQxevMvERoX08iC,Chandelier,1000 Forms Of Fear,Sia,2014-07-04,216120,83,False,,2024-11-27T17:33:33Z,,,,,,,,,,,,,,
spotify:track:0S3BtG3i5tkQmehJhIhHF3,Time (You and I),Mordechai,Khruangbin,2020-06-26,342189,61,False,,2024-11-26T20:30:11Z,,,,,,,,,,,,,,
spotify:track:01TTwQ71pi5zZXpBXTmsrB,Tantos Mares,Fuego al Universo,Connor Questa,2013-06-01,228893,12,False,,2024-11-26T16:19:42Z,,,,,,,,,,,,,,
spotify:track:7H7NyZ3G075GqPx2evsfeb,Chamber Of Reflection,Salad Days,Mac DeMarco,2014-04-01,231723,83,False,,2024-11-26T15:32:18Z,,,,,,,,,,,,,,
spotify:track:0vOkmmJEtjuFZDzrQSFzEE,Hit Me With Your Best Shot,Crimes Of Passion,Pat Benatar,1980-08-05,171266,71,False,,2024-11-26T15:32:05Z,,,,,,,,,,,,,,
spotify:track:4VP8QiCeaZq8BeTIUrMQOG,No You Girls,Tonight,Franz Ferdinand,2009-01-27,223786,65,False,,2024-11-26T15:31:48Z,,,,,,,,,,,,,,
spotify:track:6WrnSlcN0dzTO80mVVbBto,Do You Want To,You Could Have It So Much Better,Franz Ferdinand,2005-10-03,215000,64,False,,2024-11-26T04:43:57Z,,,,,,,,,,,,,,
spotify:track:2IFaUS63AIAr9P46W1lEwt,IknowhowIfeel,Parcels,Parcels,2018-10-12,327399,68,False,,2024-11-26T04:43:04Z,,,,,,,,,,,,,,
spotify:track:7z5R6cbZpB4njz080aA6u2,Hideout,Hideout,Parcels,2017-01-27,266454,62,False,,2024-11-26T04:42:27Z,,,,,,,,,,,,,,
spotify:track:27Wxcom55Yau5sRB0Ed9kw,Walk In The Shadows,Rage For Order (Remastered) [Expanded Edition],Queensrÿche,1986,214093,51,False,,2024-11-26T03:27:41Z,,,,,,,,,,,,,,
spotify:track:4ZtFanR9U6ndgddUvNcjcG,good 4 u,SOUR,Olivia Rodrigo,2021-05-21,178146,82,True,,2024-11-26T03:24:27Z,,,,,,,,,,,,,,
spotify:track:7si505L0BOMwJ8A806S1Kw,Wanted Man,The Essentials: Ratt,Ratt,1984,222506,50,False,,2024-11-26T00:59:55Z,,,,,,,,,,,,,,
spotify:track:3CqPRgsFS8yZ2nLQL1xows,Gravedancer,Libertad,Velvet Revolver,2007-07-03,520400,30,False,,2024-11-26T00:59:45Z,,,,,,,,,,,,,,
spotify:track:3PDb5McHzA6IdMYbjkAIoC,Break You,Dirty Honey,Dirty Honey,2019-03-22,197854,30,False,,2024-11-26T00:58:06Z,,,,,,,,,,,,,,
spotify:track:7uJLdyIAaYLGT0oLw7I6b3,New Fang,Them Crooked Vultures,Them Crooked Vultures,2009-11-17,228639,54,False,,2024-11-26T00:53:43Z,,,,,,,,,,,,,,
spotify:track:3kdMzXOcrDIdSWLdONHNK5,The Sky Is A Neighborhood,Concrete and Gold,Foo Fighters,2017-09-15,244570,61,False,,2024-11-25T21:17:16Z,,,,,,,,,,,,,,
spotify:track:3OUExRnXWXzMc5sJ39u7ru,Slow Ride (Edit),Road Fever: The Complete Bearsville Recordings 1972-1975,Foghat,2023-05-12,232533,55,False,,2024-11-25T21:11:11Z,,,,,,,,,,,,,,
spotify:track:191IZHdn5NNTMsb68Dpe6O,You're in Love,The Essentials: Ratt,Ratt,1984,194840,56,False,,2024-11-25T21:07:17Z,,,,,,,,,,,,,,
spotify:track:7lz578ML4nWrDL3uOLyQoR,Got Me Under Pressure (2008 Remaster),Eliminator,ZZ Top,1983-03-23,243066,57,False,,2024-11-25T21:07:03Z,,,,,,,,,,,,,,
spotify:track:6HU7h9RYOaPRFeh0R3UeAr,deja vu,SOUR,Olivia Rodrigo,2021-05-21,215506,86,True,,2024-11-24T16:18:48Z,,,,,,,,,,,,,,
spotify:track:4Wics9qaNdLtzfZOwl2mdw,Inhaler,Holy Fire,Foals,2013-02-08,292546,57,False,,2024-11-23T23:57:20Z,,,,,,,,,,,,,,
spotify:track:04caEZhAsQKnWqKsMwk9ud,My Number,Holy Fire,Foals,2013-02-08,238853,66,False,,2024-11-23T23:57:08Z,,,,,,,,,,,,,,
spotify:track:3CmHvyZQQAGkKkTjTBFWN6,Have a Cigar,Wish You Were Here,Pink Floyd,1975-09-12,307400,74,False,,2024-11-23T23:56:37Z,,,,,,,,,,,,,,
spotify:track:2mvffzYUJ9Ld9xhsF5DUjU,In Bloom,Nevermind (Remastered),Nirvana,1991-09-26,255080,71,False,,2024-11-23T23:55:23Z,,,,,,,,,,,,,,
spotify:track:4LGKzrdEeBwR9UHCGlDT0W,I'll Stick Around,Foo Fighters,Foo Fighters,1995-07-04,232533,60,False,,2024-11-23T23:54:39Z,,,,,,,,,,,,,,
spotify:track:44R3zk8n5b3g5fTEXCkwnW,Sweetest Goodbye,Songs About Jane,Maroon 5,2002-06-25,270733,46,False,,2024-11-23T23:53:58Z,,,,,,,,,,,,,,
spotify:track:3UygY7qW2cvG9Llkay6i1i,Going Under,Fallen,Evanescence,2003-03-04,214946,80,False,,2024-11-23T17:58:43Z,,,,,,,,,,,,,,
spotify:track:1htQDV8JxSuXG2QsNj5ttr,Last Friday Night (T.G.I.F.),Teenage Dream,Katy Perry,2010-01-01,230733,79,False,,2024-11-23T17:56:56Z,,,,,,,,,,,,,,
spotify:track:7w87IxuO7BDcJ3YUqCyMTT,Pumped Up Kicks,Torches,Foster The People,2011-05-23,239600,85,False,,2024-11-23T17:53:39Z,,,,,,,,,,,,,,
spotify:track:72hcFp4tYkd3dbNA9dZ3Pv,Bad Medicine,New Jersey (Deluxe Edition),Bon Jovi,1988-09-13,316706,70,False,,2024-11-22T14:52:11Z,,,,,,,,,,,,,,
spotify:track:1JSTJqkT5qHq8MDJnJbRE1,Every Breath You Take,Synchronicity (Remastered 2003),The Police,1983-06-17,253920,93,False,,2024-11-22T14:51:56Z,,,,,,,,,,,,,,
spotify:track:21Qsj3cMVCx2xF2EVVNbEu,Fell In Love With a Girl,White Blood Cells,The White Stripes,2001-07-03,110093,68,False,,2024-11-22T14:51:41Z,,,,,,,,,,,,,,
spotify:track:6ORqU0bHbVCRjXm9AjyHyZ,Good Riddance (Time of Your Life),Nimrod,Green Day,1997-10-14,153466,80,True,,2024-11-22T14:19:32Z,,,,,,,,,,,,,,
spotify:track:5qxChyzKLEyoPJ5qGrdurN,No Sleep Till Brooklyn,Licensed To Ill,Beastie Boys,1986-11-15,246933,70,True,,2024-11-22T14:19:24Z,,,,,,,,,,,,,,
spotify:track:2wO8aOvN1ogLy1N8XT1WJE,This Is a Call,Foo Fighters,Foo Fighters,1995-07-04,233360,60,False,,2024-11-22T14:18:42Z,,,,,,,,,,,,,,
spotify:track:1Q5kgpp4pmyGqPwNBzkSrw,Roadhouse Blues,Morrison Hotel,The Doors,1970-02-09,243826,74,False,,2024-11-22T14:02:25Z,,,,,,,,,,,,,,
spotify:track:2kh0u2d2YKQ7BCqeLPdHk6,Breakout,There Is Nothing Left To Lose,Foo Fighters,1999-11-02,200800,60,False,,2024-11-22T14:02:07Z,,,,,,,,,,,,,,
spotify:track:753KutoAy00apPsplMRetG,Let There Be Rock,Let There Be Rock,AC/DC,1977-03-21,366990,66,False,,2024-11-22T13:57:00Z,,,,,,,,,,,,,,
spotify:track:769cLRTw2y6KRdkFWFkxtu,Domination,Cowboys from Hell,Pantera,1990-07-20,305293,69,True,,2024-11-21T18:42:58Z,,,,,,,,,,,,,,
spotify:track:7ACxUo21jtTHzy7ZEV56vU,Crazy Train,Blizzard Of Ozz (40th Anniversary Expanded Edition),Ozzy Osbourne,2020-09-18,293183,81,False,,2024-11-21T15:49:00Z,,,,,,,,,,,,,,
spotify:track:4RvWPyQ5RL0ao9LPZeSouE,Everybody Wants To Rule The World,Songs From The Big Chair (Super Deluxe Edition),Tears For Fears,1985-02-25,251488,89,False,,2024-11-21T15:16:00Z,,,,,,,,,,,,,,
spotify:track:5MMnwYs0hIxkENRsbkWJ2G,Smoke On The Water - Remastered 2012,Machine Head (Remastered),Deep Purple,1972-03-25,340742,74,False,,2024-11-19T14:54:49Z,,,,,,,,,,,,,,
spotify:track:4a1FDbbUc07TD9qaJ686Y7,Been There Lately,Ain't Life Grand,Slash's Snakepit,2000-10-20,267586,32,False,,2024-11-17T23:46:21Z,,,,,,,,,,,,,,
spotify:track:50R71Dt8JWLq4NcOkfdogP,Just Like Anything,Ain't Life Grand,Slash's Snakepit,2000-10-20,263314,29,True,,2024-11-17T23:46:21Z,,,,,,,,,,,,,,
spotify:track:0Q0KufPcFv8JdcZD37lkYV,Shine,Ain't Life Grand,Slash's Snakepit,2000-10-20,320667,25,False,,2024-11-17T23:46:21Z,,,,,,,,,,,,,,
spotify:track:7JHSjElZuNwxXs5n2Rl2hd,Mean Bone,Ain't Life Grand,Slash's Snakepit,2000-10-20,280357,33,False,,2024-11-17T23:46:21Z,,,,,,,,,,,,,,
spotify:track:4DZN0lCcJ1AAvN42o5to0l,Back To The Moment,Ain't Life Grand,Slash's Snakepit,2000-10-20,333438,33,False,,2024-11-17T23:46:21Z,,,,,,,,,,,,,,
spotify:track:6sK0gH6xSP14k04QKmNucQ,Life's Sweet Drug,Ain't Life Grand,Slash's Snakepit,2000-10-20,233406,26,True,,2024-11-17T23:46:21Z,,,,,,,,,,,,,,
spotify:track:0psP3FauVAIqtme3iLUofd,Serial Killer,Ain't Life Grand,Slash's Snakepit,2000-10-20,378531,34,False,,2024-11-17T23:46:21Z,,,,,,,,,,,,,,
spotify:track:2d0sbCa8KcreKKfOAADbmH,The Truth,Ain't Life Grand,Slash's Snakepit,2000-10-20,317184,25,False,,2024-11-17T23:46:21Z,,,,,,,,,,,,,,
spotify:track:7C6Tmw16CO6Gncoz1jp7D4,Landslide,Ain't Life Grand,Slash's Snakepit,2000-10-20,330001,26,False,,2024-11-17T23:46:21Z,,,,,,,,,,,,,,
spotify:track:1LsAKOVv0FBMOlBp3e29i5,Ain't Life Grand,Ain't Life Grand,Slash's Snakepit,2000-10-20,293600,32,True,,2024-11-17T23:46:21Z,,,,,,,,,,,,,,
spotify:track:3zywY6uG5N5G8pkpVwFqPC,Speed Parade,Ain't Life Grand,Slash's Snakepit,2000-10-20,232292,31,True,,2024-11-17T23:46:21Z,,,,,,,,,,,,,,
spotify:track:752HeD3mjoVOzOzZHTXyYP,The Alien,Ain't Life Grand,Slash's Snakepit,2000-10-20,266983,23,False,,2024-11-17T23:46:21Z,,,,,,,,,,,,,,
spotify:track:4JiDg5mpadcwg8zWx0bqQz,Neither Can I,It's Five O'Clock Somewhere,Slash's Snakepit,1995-02-14,402720,35,False,,2024-11-17T23:45:56Z,,,,,,,,,,,,,,
spotify:track:0u4OSPrBRRV2iIXbqHtxot,Dime Store Rock,It's Five O'Clock Somewhere,Slash's Snakepit,1995-02-14,293800,30,True,,2024-11-17T23:45:56Z,,,,,,,,,,,,,,
spotify:track:67wiIvRCnoDwUYc54k614B,Beggars & Hangers-On,It's Five O'Clock Somewhere,Slash's Snakepit,1995-02-14,374360,43,False,,2024-11-17T23:45:56Z,,,,,,,,,,,,,,
spotify:track:5MvPG7f5jMmAsqvBGxqBla,Good To Be Alive,It's Five O'Clock Somewhere,Slash's Snakepit,1995-02-14,290626,30,False,,2024-11-17T23:45:56Z,,,,,,,,,,,,,,
spotify:track:43vRU8UTawJ0sGBUVneQKA,What Do You Want To Be,It's Five O'Clock Somewhere,Slash's Snakepit,1995-02-14,376653,24,False,,2024-11-17T23:45:56Z,,,,,,,,,,,,,,
spotify:track:7o3uqVvKUjZX0H2QZqK0vr,Monkey Chow,It's Five O'Clock Somewhere,Slash's Snakepit,1995-02-14,251840,27,False,,2024-11-17T23:45:56Z,,,,,,,,,,,,,,
spotify:track:7EnRQBp7Og33CfXpfs6d3c,Jizz Da Pit,It's Five O'Clock Somewhere,Slash's Snakepit,1995-02-14,167773,24,False,,2024-11-17T23:45:56Z,,,,,,,,,,,,,,
spotify:track:54RFyY2BxSkuOU8KKHtWO5,Lower,It's Five O'Clock Somewhere,Slash's Snakepit,1995-02-14,294600,25,False,,2024-11-17T23:45:56Z,,,,,,,,,,,,,,
spotify:track:6BRwdCiv2lN3Z5QTDuEgbo,Take It Away,It's Five O'Clock Somewhere,Slash's Snakepit,1995-02-14,283680,23,False,,2024-11-17T23:45:56Z,,,,,,,,,,,,,,
spotify:track:3lA2ttfTIvWNoFcdmQ4UeP,Doin' Fine,It's Five O'Clock Somewhere,Slash's Snakepit,1995-02-14,256493,26,False,,2024-11-17T23:45:56Z,,,,,,,,,,,,,,
spotify:track:2BdI44km4OlMCKcZZQhEca,Be The Ball,It's Five O'Clock Somewhere,Slash's Snakepit,1995-02-14,315760,24,False,,2024-11-17T23:45:56Z,,,,,,,,,,,,,,
spotify:track:2jvG2pFUUeMiSm6O3b5CF2,I Hate Everybody (But You),It's Five O'Clock Somewhere,Slash's Snakepit,1995-02-14,280733,23,False,,2024-11-17T23:45:56Z,,,,,,,,,,,,,,
spotify:track:6yv0PzPhCGOBA9QioNAgFv,Back And Forth Again,It's Five O'Clock Somewhere,Slash's Snakepit,1995-02-14,355386,29,False,,2024-11-17T23:45:56Z,,,,,,,,,,,,,,
spotify:track:0eEbbLYwPlfqZA17byyDFa,Set Me Free,Contraband,Velvet Revolver,2004,246266,41,False,,2024-11-13T18:54:44Z,,,,,,,,,,,,,,
spotify:track:1h2xVEoJORqrg71HocgqXd,Superstition - Single Version,The Definitive Collection,Stevie Wonder,2002-10-29,245493,74,False,,2024-11-12T16:05:44Z,,,,,,,,,,,,,,
spotify:track:4nvYDy427VvA1TcEkdgZII,Hellraiser,No More Tears (Expanded Edition),Ozzy Osbourne,1991-09-17,292848,66,False,,2024-11-12T15:42:36Z,,,,,,,,,,,,,,
spotify:track:1HM7Vp84E4SMzdrZONg6bH,Wasted Years - 2015 Remaster,Somewhere in Time (2015 Remaster),Iron Maiden,1986,309640,69,False,,2024-11-12T15:35:10Z,,,,,,,,,,,,,,
spotify:track:4hupcimlg3UBbW1kAQ6vrT,Ruby Tuesday,Between The Buttons,The Rolling Stones,1967-01-20,196493,62,False,,2024-11-12T15:21:21Z,,,,,,,,,,,,,,
spotify:track:4ywWJqYKOwaVVh9xXARWUS,Tangerine - Remaster,Led Zeppelin III (Remaster),Led Zeppelin,1970,191827,68,False,,2024-11-11T15:39:30Z,,,,,,,,,,,,,,
spotify:track:11uE2YtqIvDrFxhWdTKtCM,Sure Feels Good to Me,Cherry Pie (Expanded Edition),Warrant,1990-05-01,159413,31,False,,2024-11-11T15:35:59Z,,,,,,,,,,,,,,
spotify:track:6wtmql7FJ7SSLuSw8JD8rX,Spanish Bombs - Remastered,London Calling (Remastered),The Clash,1979,198832,56,False,,2024-11-11T15:35:19Z,,,,,,,,,,,,,,
spotify:track:0bvpSvOYt4KTfZIZJmyFOs,White Wedding,Vital Idol,Billy Idol,1985,506226,5,False,,2024-11-11T15:34:50Z,,,,,,,,,,,,,,
spotify:track:3pHpV3pa96s4vuBP7sQq0V,Is This Love - 2018 Remaster,Whitesnake (2018 Remaster),Whitesnake,1987,284496,74,False,,2024-11-10T22:56:47Z,,,,,,,,,,,,,,
spotify:track:3ROPrLWea9uICOW4V2Px1y,One Vision - Remastered 2011,A Kind Of Magic (2011 Remaster),Queen,1986-06-02,311026,57,False,,2024-11-10T22:56:33Z,,,,,,,,,,,,,,
spotify:track:6fHS0zmDdDKktklfaqojaF,Unchained - 2015 Remaster,Fair Warning (Remastered),Van Halen,1981-05-06,209205,62,False,,2024-11-10T22:55:54Z,,,,,,,,,,,,,,
spotify:track:7LVHVU3tWfcxj5aiPFEW4Q,Fix You,X&Y,Coldplay,2005-06-07,295533,86,False,,2024-11-10T22:51:16Z,,,,,,,,,,,,,,
spotify:track:2olVm1lHicpveMAo4AUDRB,The Power Of Love,Greatest Hits: Huey Lewis And The News,Huey Lewis & The News,2006-01-01,234333,76,False,,2024-11-10T22:51:10Z,,,,,,,,,,,,,,
spotify:track:1MTQHCpraD4S8g5PAFKzoj,Behind Blue Eyes,Results May Vary,Limp Bizkit,2003-01-01,269973,79,False,,2024-11-10T19:25:29Z,,,,,,,,,,,,,,
spotify:track:3090goAxG6IlpCifA8m9xB,Peace Sells - 2004 Remaster,Peace Sells...But Who's Buying? (Expanded Edition - Remastered),Megadeth,1986,242533,59,False,,2024-11-10T19:15:18Z,,,,,,,,,,,,,,
spotify:track:2302lUwfZ4S4dVyPOCDFnQ,Sweet Dreams (Are Made Of This),Smells Like Children,Marilyn Manson,1995-01-01,293293,72,False,,2024-11-10T19:14:34Z,,,,,,,,,,,,,,
spotify:track:1wv8bYmoqY3TAKKQY3Qn7t,Foolin',Pyromania,Def Leppard,1983-01-20,274117,64,False,,2024-11-10T04:44:12Z,,,,,,,,,,,,,,
spotify:track:6ldwfK0yWgTAlmIfuQkTYN,I'm a Slave 4 U,Britney (Digital Deluxe Version),Britney Spears,2001-10-31,203600,73,False,,2024-11-10T04:36:19Z,,,,,,,,,,,,,,
spotify:track:0hAMkY2kwdXPPDfQ1e3BmJ,Dancing Shoes,"Whatever People Say I Am, That's What I'm Not",Arctic Monkeys,2006-01-29,141133,63,False,,2024-11-10T04:05:58Z,,,,,,,,,,,,,,
spotify:track:7xD7MvjAdZkx1YICschIuI,Calling Dr. Love,Rock And Roll Over,KISS,1976-11-11,224666,53,False,,2024-11-10T04:05:14Z,,,,,,,,,,,,,,
spotify:track:22VdIZQfgXJea34mQxlt81,Can't Feel My Face,Beauty Behind The Madness,The Weeknd,2015-08-28,213520,84,False,,2024-11-10T04:04:01Z,,,,,,,,,,,,,,
spotify:track:2ydUT1pFhuLDnouelIv4WH,The Rock Show,Take Off Your Pants And Jacket,blink-182,2001,171600,70,True,,2024-11-10T04:03:04Z,,,,,,,,,,,,,,
spotify:track:1R8T9Hnsz0M01pheJIi5qT,Heartbreaker,Runnin' Wild (Special Edition),Airbourne,2007,240133,49,False,,2024-11-10T04:02:51Z,,,,,,,,,,,,,,
spotify:track:2VN7uPrbryJ7nE2MXX3f9a,"Burning Heart - From ""Rocky IV"" Soundtrack",Survivor Greatest Hits,Survivor,1993-01-01,230106,72,False,,2024-11-10T03:54:12Z,,,,,,,,,,,,,,
spotify:track:6goUTcMn0V30hWtKFIj6Kh,Headlong - Remastered 2011,Innuendo (2011 Remaster),Queen,1991-02-05,277773,54,False,,2024-11-10T03:53:49Z,,,,,,,,,,,,,,
spotify:track:0q6LuUqGLUiCPP1cbdwFs3,On Melancholy Hill,Plastic Beach,Gorillaz,2010-03-03,233866,85,False,,2024-11-10T03:53:42Z,,,,,,,,,,,,,,
spotify:track:5hM5arv9KDbCHS0k9uqwjr,Borderline,The Slow Rush,Tame Impala,2020-02-14,237800,86,False,,2024-11-10T03:50:02Z,,,,,,,,,,,,,,
spotify:track:61YbQmbsxGe7cA0N3laZl6,Let It Roll,Libertad,Velvet Revolver,2007-07-03,152440,38,False,,2024-11-10T03:49:36Z,,,,,,,,,,,,,,
spotify:track:6oO7WMjD6kEvCITLbVj0mu,Hypnotize,Hypnotize,System Of A Down,2005-11-22,189440,74,False,,2024-11-10T03:47:58Z,,,,,,,,,,,,,,
spotify:track:0GONea6G2XdnHWjNZd6zt3,Summer Of '69,Reckless (30th Anniversary / Deluxe Edition),Bryan Adams,1984-11-05,216053,83,False,,2024-11-10T03:47:53Z,,,,,,,,,,,,,,
spotify:track:1sUTfgduT0WIQO8kXKXxLC,"Blaze Of Glory - From ""Young Guns II"" Soundtrack",Blaze Of Glory,Jon Bon Jovi,1990-01-01,335240,65,False,,2024-11-10T03:47:38Z,,,,,,,,,,,,,,
spotify:track:2qrL1YF9aA865b6SKhLZ78,Girls & Boys - 2012 Remaster,Parklife (Special Edition),Blur,1994-04-25,291200,53,False,,2024-11-10T03:45:04Z,,,,,,,,,,,,,,
spotify:track:658Ng56tIu4gb5gFDuXNcY,Dead & Bloated,Core,Stone Temple Pilots,1992-09-29,310266,56,True,,2024-11-10T03:44:02Z,,,,,,,,,,,,,,
spotify:track:3QmesrvdbPjwf7i40nht1D,Everlong - Acoustic Version,Greatest Hits,Foo Fighters,2009-11-03,250906,69,False,,2024-11-09T22:59:14Z,,,,,,,,,,,,,,
spotify:track:0bORa4VpL8NzyMXEI6UFGK,Long Road To Ruin,"Echoes, Silence, Patience & Grace",Foo Fighters,2007-09-25,224804,57,False,,2024-11-09T22:58:20Z,,,,,,,,,,,,,,
spotify:track:5qlJg0Wbj3sslxfwiaRNpq,"I Don't Want To Miss A Thing - From ""Armageddon"" Soundtrack",I Don't Want To Miss A Thing EP,Aerosmith,1998-08-18,299723,79,False,,2024-11-09T22:58:12Z,,,,,,,,,,,,,,
spotify:track:0M5xRyxGpFFDfzN2x0wdpH,"Hey, Johnny Park!",The Colour And The Shape,Foo Fighters,1997-05-20,248266,56,False,,2024-11-09T20:24:24Z,,,,,,,,,,,,,,
spotify:track:55mJleti2WfWEFNFcBduhc,Schism,Lateralus,TOOL,2001-05-15,407860,74,False,,2024-11-09T20:10:37Z,,,,,,,,,,,,,,
spotify:track:6otiaV2fagE3s8IvP6WkwG,I'm Just a Kid,"No Pads, No Helmets...Just Balls (15th Anniversary Tour Edition)",Simple Plan,2002-03-19,198333,74,False,,2024-11-09T20:09:43Z,,,,,,,,,,,,,,
spotify:track:6wqJeItl3Vc3az4ZicSQAB,Before I Forget,Vol. 3: The Subliminal Verses (Special Edition),Slipknot,2004,278600,79,False,,2024-11-09T20:01:14Z,,,,,,,,,,,,,,
spotify:track:61mWefnWQOLf90gepjOCb3,Duality,Vol. 3: The Subliminal Verses (Special Edition),Slipknot,2004,252613,83,False,,2024-11-09T20:00:19Z,,,,,,,,,,,,,,
spotify:track:2E7W1X4maFFcjHrVrFA7Vs,Bark at the Moon,Bark At The Moon (Expanded Edition),Ozzy Osbourne,1983-12-10,257126,69,False,,2024-11-09T18:02:44Z,,,,,,,,,,,,,,
spotify:track:0wokCRaKD0zPNhMRXAgVsr,Ordinary World,Duran Duran,Duran Duran,1993-02-15,340200,80,False,,2024-11-09T17:46:48Z,,,,,,,,,,,,,,
spotify:track:0L7zm6afBEtrNKo6C6Gj08,Painkiller,Painkiller,Judas Priest,1990-09-26,365826,68,False,,2024-11-09T17:46:24Z,,,,,,,,,,,,,,
spotify:track:7w6PJe5KBPyvuRYxFkPssC,No More Tears,No More Tears (Expanded Edition),Ozzy Osbourne,1991-09-17,444983,79,False,,2024-11-09T03:37:08Z,,,,,,,,,,,,,,
spotify:track:76hfruVvmfQbw0eYn1nmeC,Cake By The Ocean,DNCE,DNCE,2016-11-18,219146,82,True,,2024-11-09T03:37:05Z,,,,,,,,,,,,,,
spotify:track:0S3gpZzlT9Hb7CCSV2owX7,"Mama, I'm Coming Home",No More Tears (Expanded Edition),Ozzy Osbourne,1991-09-17,251869,76,False,,2024-11-09T03:36:46Z,,,,,,,,,,,,,,
spotify:track:02ePjHjIiszSYqeLykvpTN,She's Electric - Remastered,(What's The Story) Morning Glory? [Remastered],Oasis,1995-10-02,220920,64,False,,2024-11-09T03:36:35Z,,,,,,,,,,,,,,
spotify:track:4qjfQnccStTR8zNsb6Mizo,Minority,Warning,Green Day,2000-10-03,168226,63,True,,2024-11-09T03:33:38Z,,,,,,,,,,,,,,
spotify:track:2LMloFiV7DHpBhITOaBSam,Hard To Explain,Is This It,The Strokes,2001-07-30,224426,65,False,,2024-11-09T03:33:20Z,,,,,,,,,,,,,,
spotify:track:5kwVVnZ8ZjJanBbGmrbHsb,She Builds Quick Machines,Libertad,Velvet Revolver,2007-07-03,242440,46,False,,2024-11-09T03:24:38Z,,,,,,,,,,,,,,
spotify:track:3L2Nyi3T7XabH8EEZFLDdX,Wet Sand,Stadium Arcadium,Red Hot Chili Peppers,2006-05-09,309800,68,False,,2024-11-09T03:24:31Z,,,,,,,,,,,,,,
spotify:track:4Yf5bqU3NK4kNOypcrLYwU,Faint,Meteora,Linkin Park,2003-03-25,162106,85,False,,2024-11-09T03:24:18Z,,,,,,,,,,,,,,
spotify:track:0COqiPhxzoWICwFCS4eZcp,Bring Me To Life,Fallen,Evanescence,2003-03-04,235893,89,False,,2024-11-09T03:24:07Z,,,,,,,,,,,,,,
spotify:track:5iItYl3Q6wCnKVfpK1uNVf,The Suburbs,The Suburbs (Deluxe),Arcade Fire,2010-07-01,315026,65,False,,2024-11-09T03:23:43Z,,,,,,,,,,,,,,
spotify:track:4UCTgh5jvtqoaMX6MAhUNn,Personal Jesus - Single Version,The Singles 86-98,Depeche Mode,1998-09-28,224933,71,False,,2024-11-09T03:23:29Z,,,,,,,,,,,,,,
spotify:track:4vJr55lngvhSM8WIh9CjQc,Cemetery Gates,Cowboys from Hell,Pantera,1990-07-20,422933,70,True,,2024-11-09T03:23:03Z,,,,,,,,,,,,,,
spotify:track:11NbY6pumU3yzLyo7P5oNQ,Tick Tick Boom,The Black and White album,The Hives,2007-01-01,205413,52,False,,2024-11-09T03:18:28Z,,,,,,,,,,,,,,
spotify:track:469rBLYJUZHMJLtq2Wch3h,Hallowed Be Thy Name - 2015 Remaster,The Number of the Beast (2015 Remaster),Iron Maiden,1982,431093,68,False,,2024-11-09T03:07:32Z,,,,,,,,,,,,,,
spotify:track:3WPYapjyqcVpShYXQuChcs,Back In the Saddle,Rocks,Aerosmith,1976-05-14,280431,57,False,,2024-11-09T03:07:22Z,,,,,,,,,,,,,,
spotify:track:3vQ4T78TTMOjQXGfXVKQJo,Redbone,"""Awaken, My Love!""",Childish Gambino,2016-12-02,326933,84,True,,2024-11-09T03:07:15Z,,,,,,,,,,,,,,
spotify:track:33X9miK4Xz7pNeVrc9RITG,Ready to Start,The Suburbs (Deluxe),Arcade Fire,2010-07-01,255906,59,False,,2024-11-09T03:07:04Z,,,,,,,,,,,,,,
spotify:track:1JcGNoiwifg0MdJMVgJQYx,Get Free,Highly Evolved,The Vines,2002-01-01,126573,58,False,,2024-11-09T03:06:59Z,,,,,,,,,,,,,,
spotify:track:7vjzFWG4neQ9YYMN9yZ9hr,Helicopter,Silent Alarm,Bloc Party,2005-03-22,220160,60,False,,2024-11-09T03:06:56Z,,,,,,,,,,,,,,
spotify:track:0qIS35OW8wttkakH1drdi7,Crackerman - 2017 Remaster,Core (Super Deluxe Edition),Stone Temple Pilots,1992-09-29,194293,58,False,,2024-11-09T03:06:22Z,,,,,,,,,,,,,,
spotify:track:3C542UknrX76XSRXTyQ1Qg,Tighten Up,Brothers (Deluxe Remastered Anniversary Edition),The Black Keys,2012-05-01,211336,63,False,,2024-11-09T03:06:13Z,,,,,,,,,,,,,,
spotify:track:4qgZs0RNjdzKAS22lP0QjY,Where The Streets Have No Name - Remastered,The Joshua Tree (Super Deluxe),U2,1987-03-03,337505,71,False,,2024-11-09T03:06:00Z,,,,,,,,,,,,,,
spotify:track:64yrDBpcdwEdNY9loyEGbX,21 Guns,21st Century Breakdown,Green Day,2009-05-15,321093,77,False,,2024-11-09T03:05:50Z,,,,,,,,,,,,,,
spotify:track:7Kohy4v3KLWfUXlv9N3feB,Neon,Room For Squares,John Mayer,2001-08-16,262106,58,False,,2024-11-09T03:05:44Z,,,,,,,,,,,,,,
spotify:track:1VNWaY3uNfoeWqb5U8x2QX,Lonely Day,Hypnotize,System Of A Down,2005-11-22,167906,84,False,,2024-11-09T03:05:37Z,,,,,,,,,,,,,,
spotify:track:5LyRtsQLhcXmy50VXhQXXS,Holy Wars...The Punishment Due - 2004 Remix,Rust In Peace (2004 Remix / Expanded Edition),Megadeth,1990-10-04,392600,70,False,,2024-11-09T03:05:20Z,,,,,,,,,,,,,,
spotify:track:0LtOwyZoSNZKJWHqjzADpW,Feels Like We Only Go Backwards,Lonerism,Tame Impala,2012-01-01,192960,77,False,,2024-11-09T03:05:13Z,,,,,,,,,,,,,,
spotify:track:2NJ5fMRTfFZofOaTccEN9k,Dirty Little Thing,Contraband,Velvet Revolver,2004,236600,50,False,,2024-11-09T03:05:10Z,,,,,,,,,,,,,,
spotify:track:4tXr9v3K7nWW1aebWqR1B7,Anybody Seen My Baby? - Remastered 2009,Bridges To Babylon (Remastered),The Rolling Stones,1997-09-29,271160,63,False,,2024-11-09T03:05:07Z,,,,,,,,,,,,,,
spotify:track:6gaWfLDoeG1eoiDAVBN4i8,The Dark Of The Matinée,Franz Ferdinand,Franz Ferdinand,2004-02-16,243466,61,False,,2024-11-09T03:04:55Z,,,,,,,,,,,,,,
spotify:track:1TfqLAPs4K3s2rJMoCokcS,Sweet Dreams (Are Made of This) - 2005 Remaster,Sweet Dreams (Are Made Of This),"Eurythmics, Annie Lennox, Dave Stewart",1983-01-04,216933,85,False,,2024-11-09T03:04:32Z,,,,,,,,,,,,,,
spotify:track:3xxBAMUVusDLjLFwwL9qoY,Always On The Run,Mama Said,Lenny Kravitz,1991-04-02,233066,59,False,,2024-11-09T03:04:28Z,,,,,,,,,,,,,,
spotify:track:2Vim06YsRb4uJRpbeq6NR6,Hush - 1998 Remaster,Shades of Deep Purple,Deep Purple,1968-07-01,266840,61,False,,2024-11-09T03:04:22Z,,,,,,,,,,,,,,
spotify:track:6Nm8h73ycDG2saCnZV8poF,Dragula,Hellbilly Deluxe,Rob Zombie,1998-01-01,222826,80,False,,2024-11-09T03:04:12Z,,,,,,,,,,,,,,
spotify:track:6OZAcgTPxmjUTuiatU0Viq,Livin' On The Edge,Big Ones,Aerosmith,1994-01-01,381400,63,False,,2024-11-09T03:04:06Z,,,,,,,,,,,,,,
spotify:track:07b5vArZtW08PuEqCw61Ei,Pet Sematary,Brain Drain,Ramones,1989-03-23,209106,61,False,,2024-11-09T03:04:01Z,,,,,,,,,,,,,,
spotify:track:3G69vJMWsX6ZohTykad2AU,One,Achtung Baby (Deluxe Edition),U2,1991-11-18,276186,77,False,,2024-11-09T03:03:51Z,,,,,,,,,,,,,,
spotify:track:5UuikgHTxSRFRnC0zXx10i,Aqualung,Aqualung (Special Edition),Jethro Tull,1971-03-19,396186,62,False,,2024-11-09T03:03:42Z,,,,,,,,,,,,,,
spotify:track:5rgy6ghBq1eRApCkeUdJXf,We Are Young (feat. Janelle Monáe),Some Nights,"fun., Janelle Monáe",2012-02-14,250626,80,False,,2024-11-06T13:34:09Z,,,,,,,,,,,,,,
spotify:track:3AhXZa8sUQht0UEdBJgpGc,Like a Rolling Stone,Highway 61 Revisited,Bob Dylan,1965-08-30,371713,73,False,,2024-11-06T13:34:03Z,,,,,,,,,,,,,,
spotify:track:4ENa9MbktJjV3HiTnlsg2b,Seventeen,Winger,Winger,1988-08-10,245266,58,False,,2024-11-06T13:28:56Z,,,,,,,,,,,,,,
spotify:track:3nlGByvetDcS1uomAoiBmy,The Number of the Beast - 2015 Remaster,The Number of the Beast (2015 Remaster),Iron Maiden,1982,290586,69,False,,2024-11-06T13:28:40Z,,,,,,,,,,,,,,
spotify:track:18AXbzPzBS8Y3AkgSxzJPb,In The Air Tonight - 2015 Remastered,Face Value (Deluxe Editon),Phil Collins,1981-01-01,336453,81,False,,2024-11-06T13:28:26Z,,,,,,,,,,,,,,
spotify:track:4Dz0U7qR4GxIZAOGGEPuTf,What You Are,Audioslave,Audioslave,2002-11-17,249400,57,False,,2024-11-06T13:28:16Z,,,,,,,,,,,,,,
spotify:track:6N0AnkdDFZUetw8KAGHV7e,Godzilla,Spectres,Blue Öyster Cult,1977,221400,60,False,,2024-11-06T13:28:11Z,,,,,,,,,,,,,,
spotify:track:5LYJ631w9ps5h9tdvac7yP,Easy Lover,Chinese Wall (Expanded Edition),"Philip Bailey, Phil Collins",1984-10-01,305866,74,False,,2024-11-06T12:08:57Z,,,,,,,,,,,,,,
spotify:track:35k31HZI4z9PbBOioaI4dZ,Working for the Weekend,Get Lucky,Loverboy,1981,221000,7,False,,2024-11-06T12:08:50Z,,,,,,,,,,,,,,
spotify:track:6OnfBiiSc9RGKiBKKtZXgQ,We Built This City,Knee Deep In The Hoopla,Starship,1985-09-10,296080,77,False,,2024-11-06T12:08:35Z,,,,,,,,,,,,,,
spotify:track:2iuZJX9X9P0GKaE93xcPjk,Sugar,V,Maroon 5,2014-09-02,235493,82,True,,2024-11-06T12:07:47Z,,,,,,,,,,,,,,
spotify:track:28WmNsclKsrVmdv3tDmoYU,Seek & Destroy - Remastered,Kill 'Em All (Remastered),Metallica,1983-07-24,414720,74,False,,2024-11-06T12:07:42Z,,,,,,,,,,,,,,
spotify:track:2lwwrWVKdf3LR9lbbhnr6R,Float On,Good News For People Who Love Bad News,Modest Mouse,2004-04-05,208466,75,False,,2024-11-06T12:07:35Z,,,,,,,,,,,,,,
spotify:track:5RsUlxLto4NZbhJpqJbHfN,Jessie's Girl,Working Class Dog,Rick Springfield,1981-03-13,194120,73,False,,2024-11-06T12:07:32Z,,,,,,,,,,,,,,
spotify:track:3l9CW99AHtExIRV4hW2N5m,Misery Business,Riot!,Paramore,2007-06-12,211520,77,False,,2024-11-06T12:07:25Z,,,,,,,,,,,,,,
spotify:track:4TQeNHx85xcP9YRkvJC6K1,Walkin' On The Sun,Fush Yu Mang (20th Anniversary Edition),Smash Mouth,1997-07-08,207786,71,False,,2024-11-06T12:07:22Z,,,,,,,,,,,,,,
spotify:track:00qOE7OjRl0BpYiCiweZB2,Juke Box Hero,4 (Expanded),Foreigner,1981,259799,71,False,,2024-11-06T12:03:54Z,,,,,,,,,,,,,,
spotify:track:1TKTiKp3zbNgrBH2IwSwIx,Us and Them,The Dark Side of the Moon,Pink Floyd,1973-03-01,472626,71,False,,2024-11-06T12:03:41Z,,,,,,,,,,,,,,
spotify:track:0u5aO1GYsIhAWCPuXdwnak,Today - 2011 Remaster,Siamese Dream (Deluxe Edition),The Smashing Pumpkins,1993,201173,72,False,,2024-11-06T11:59:06Z,,,,,,,,,,,,,,
spotify:track:70gbuMqwNBE2Y5rkQJE9By,Going to California - Remaster,Led Zeppelin IV (Deluxe Edition),Led Zeppelin,1971-11-08,212160,71,False,,2024-11-06T11:58:47Z,,,,,,,,,,,,,,
spotify:track:73CKjW3vsUXRpy3NnX4H7F,Fake Plastic Trees,The Bends,Radiohead,1995-03-13,290706,82,False,,2024-11-06T11:58:42Z,,,,,,,,,,,,,,
spotify:track:5awDvzxWfd53SSrsRZ8pXO,Du hast,Sehnsucht,Rammstein,1997-08-25,234226,69,False,,2024-11-06T11:54:22Z,,,,,,,,,,,,,,
spotify:track:6PypGyiu0Y2lCDBN1XZEnP,Everybody Hurts,Automatic For The People,R.E.M.,1992-10-05,320266,76,False,,2024-11-05T17:55:54Z,,,,,,,,,,,,,,
spotify:track:5XeFesFbtLpXzIVDNQP22n,I Wanna Be Yours,AM,Arctic Monkeys,2013-09-09,183956,92,False,,2024-11-04T01:51:56Z,,,,,,,,,,,,,,
spotify:track:7Cwhlma0JgRVhDHR5CftD5,She's A Rainbow,Forty Licks,The Rolling Stones,2023-07-26,253075,65,False,,2024-11-04T01:46:50Z,,,,,,,,,,,,,,
spotify:track:5lWRaa0fBxDE5yU91npPq7,Just A Girl,Tragic Kingdom,No Doubt,1995-10-10,209200,74,False,,2024-11-04T01:42:32Z,,,,,,,,,,,,,,
spotify:track:52dm9op3rbfAkc1LGXgipW,Wild Horses - 2009 Mix,Sticky Fingers (Remastered),The Rolling Stones,1971-04-23,341773,74,False,,2024-11-04T01:19:27Z,,,,,,,,,,,,,,
spotify:track:5Hk4Mpex0s2ndUpDQ5v2rU,Walk Of Life - Remastered 1996,Brothers In Arms (Remastered 1996),Dire Straits,1985-05-13,248893,80,False,,2024-11-04T01:19:18Z,,,,,,,,,,,,,,
spotify:track:4fjsOdrWMaKf70x21h5XbX,Vasoline - 2019 Remaster,Purple (2019 Remaster),Stone Temple Pilots,1994-06-07,176546,66,False,,2024-11-04T01:19:13Z,,,,,,,,,,,,,,
spotify:track:1iW2ktyrQHNKZwFTvgP0Ta,Burn - Remastered 2004,Burn (30th Anniversary Edition),Deep Purple,1974-02-15,364933,59,False,,2024-11-04T01:12:47Z,,,,,,,,,,,,,,
spotify:track:6xpDh0dXrkVp0Po1qrHUd8,Adam's Song,Enema Of The State,blink-182,1999-06-01,249626,73,False,,2024-11-04T01:12:31Z,,,,,,,,,,,,,,
spotify:track:2ctvdKmETyOzPb2GiJJT53,Breathe (In the Air),The Dark Side of the Moon,Pink Floyd,1973-03-01,169560,81,False,,2024-11-04T01:07:33Z,,,,,,,,,,,,,,
spotify:track:6W21LNLz9Sw7sUSNWMSHRu,Freak On a Leash,Follow The Leader,Korn,1998-08-18,255729,81,True,,2024-11-04T01:02:32Z,,,,,,,,,,,,,,
spotify:track:5moTxUGPZXgGmosl4rIELm,Anarchy In The UK,"Never Mind The Bollocks, Here’s The Sex Pistols",Sex Pistols,1977-10-27,212480,60,False,,2024-11-04T01:02:16Z,,,,,,,,,,,,,,
spotify:track:0yVs7eSL8mPnIu2CGKHpUQ,Communication Breakdown - 1990 Remaster,Led Zeppelin,Led Zeppelin,1969-01-12,147933,54,False,,2024-11-04T01:02:12Z,,,,,,,,,,,,,,
spotify:track:39lSeqnyjZJejRuaREfyLL,Hungry Like the Wolf - 2009 Remaster,Rio (Collector's Edition),Duran Duran,1982-05-10,220626,75,False,,2024-11-04T01:02:02Z,,,,,,,,,,,,,,
spotify:track:33AxY0QUitvte6JV6B6uLE,Gasoline,Audioslave,Audioslave,2002-11-17,279333,59,False,,2024-11-04T01:01:45Z,,,,,,,,,,,,,,
spotify:track:2hnMS47jN0etwvFPzYk11f,Santeria,Sublime,Sublime,1996-07-30,182746,81,False,,2024-11-01T03:39:12Z,,,,,,,,,,,,,,
spotify:track:1uvyZBs4IZYRebHIB1747m,Purple Rain,Purple Rain,Prince,1984-06-25,521866,77,False,,2024-11-01T03:39:04Z,,,,,,,,,,,,,,
spotify:track:5S126DaCBZ8z6yh7B1Lszr,Space Truckin' - Remastered 2012,Machine Head (Remastered),Deep Purple,1972-03-25,272996,53,False,,2024-11-01T03:38:44Z,,,,,,,,,,,,,,
spotify:track:6nxlHmpBJYicXHC0mvcKOm,Cat Scratch Fever,Cat Scratch Fever,Ted Nugent,1977-02-26,219400,43,True,,2024-11-01T03:38:39Z,,,,,,,,,,,,,,
spotify:track:1PhLYngBKbeDtdmDzCg3Pb,Sad But True,Metallica,Metallica,1991-08-12,323933,8,False,,2024-11-01T03:38:11Z,,,,,,,,,,,,,,
spotify:track:6u0x5ad9ewHvs3z6u9Oe3c,Under Cover of Darkness,Angles,The Strokes,2011-03-21,235546,67,False,,2024-11-01T03:38:00Z,,,,,,,,,,,,,,
spotify:track:6xq5DxZWGgdStAxGAil0yw,Since You Been Gone,Down To Earth,Rainbow,1979-01-01,197160,65,False,,2024-11-01T03:37:55Z,,,,,,,,,,,,,,
spotify:track:02ZdZqhpfrPnxwyakXgxB8,Lump,The Presidents of The United States of America: Ten Year Super Bonus Special Anniversary Edition,The Presidents Of The United States Of America,1995-01-01,134200,66,False,,2024-11-01T03:37:25Z,,,,,,,,,,,,,,
spotify:track:0M7oqERflkrJVHD3IAZqxo,Cities On Flame with Rock and Roll,Blue Oyster Cult,Blue Öyster Cult,1972,242643,56,False,,2024-11-01T03:37:17Z,,,,,,,,,,,,,,
spotify:track:2LMq1O0NiqGhPOlXo3McYQ,Icky Thump,Icky Thump,The White Stripes,2007-06-15,254533,66,False,,2024-11-01T03:36:43Z,,,,,,,,,,,,,,
spotify:track:5TOYgNohZAFEPOtnchPhZS,Arlandria,Wasting Light,Foo Fighters,2011-04-12,267445,57,False,,2024-11-01T03:36:34Z,,,,,,,,,,,,,,
spotify:track:12yHvSYFXI7PGzNecUvIDu,Saturday Night’s Alright (For Fighting) - Remastered 2014,Goodbye Yellow Brick Road (Remastered),Elton John,1973-10-05,295466,67,False,,2024-11-01T03:35:56Z,,,,,,,,,,,,,,
spotify:track:54yLLvpezvPO1lA3GspiZj,Holy Diver,Holy Diver,Dio,1983,340640,67,False,,2024-11-01T03:35:49Z,,,,,,,,,,,,,,
spotify:track:1GqlvSEtMx5xbGptxOTTyk,Peace of Mind,Boston,Boston,1976,303586,67,False,,2024-11-01T03:35:46Z,,,,,,,,,,,,,,
spotify:track:5qxN63QA4Hk1zgdLCsZFE2,Heaven and Hell,Heaven & Hell,Black Sabbath,1980-04-25,417840,67,False,,2024-11-01T03:35:21Z,,,,,,,,,,,,,,
spotify:track:1pTw2cNrp9L3esxLAvWnN2,Separate Ways (Worlds Apart) [2023 Remaster],Frontiers (2023 Remaster),Journey,1983-02-01,323453,76,False,,2024-11-01T03:35:11Z,,,,,,,,,,,,,,
spotify:track:3J9NEWkd9Cx1MwSSvDySkL,Rock the Night,The Final Countdown (Expanded Edition),Europe,1986,247306,61,False,,2024-11-01T03:34:34Z,,,,,,,,,,,,,,
spotify:track:3lPr8ghNDBLc2uZovNyLs9,Supermassive Black Hole,Black Holes and Revelations,Muse,2006-06-28,212439,82,False,,2024-11-01T03:34:06Z,,,,,,,,,,,,,,
spotify:track:6dGnYIeXmHdcikdzNNDMm2,Here Comes The Sun - Remastered 2009,Abbey Road (Remastered),The Beatles,1969-09-26,185733,83,False,,2024-11-01T03:28:37Z,,,,,,,,,,,,,,
spotify:track:0bTLGlCqwZXwJGWGE2Dywg,Drain You,Nevermind (Remastered),Nirvana,1991-09-26,223880,69,False,,2024-11-01T03:24:12Z,,,,,,,,,,,,,,
spotify:track:56dtB7EzO7EneUgYwX8krC,Up Around The Bend,Cosmo's Factory,Creedence Clearwater Revival,1970-07-24,159172,70,False,,2024-11-01T03:24:00Z,,,,,,,,,,,,,,
spotify:track:7f9I5WdyXm5q1XqnSYgQZb,Brianstorm,Favourite Worst Nightmare,Arctic Monkeys,2007-04-22,172866,68,False,,2024-11-01T03:23:34Z,,,,,,,,,,,,,,
spotify:track:05uGBKRCuePsf43Hfm0JwX,Brain Damage,The Dark Side of the Moon,Pink Floyd,1973-03-01,230493,72,False,,2024-11-01T03:23:30Z,,,,,,,,,,,,,,
spotify:track:3bwAS8cN7Xtzvv5UurJOOX,I Am the Highway,Audioslave,Audioslave,2002-11-17,334906,67,False,,2024-11-01T03:22:55Z,,,,,,,,,,,,,,
spotify:track:69QHm3pustz01CJRwdo20z,Hells Bells,Back In Black,AC/DC,1980-07-25,312815,78,False,,2024-11-01T03:22:51Z,,,,,,,,,,,,,,
spotify:track:4Zc7TCHzuNwL0AFBlyLdyr,Run to the Hills - 2015 Remaster,The Number of the Beast (2015 Remaster),Iron Maiden,1982,233506,72,False,,2024-11-01T03:22:46Z,,,,,,,,,,,,,,
spotify:track:2SJ38LDlkNjwWSUq98r4Q5,Polly,Nevermind (Remastered),Nirvana,1991-09-26,173853,62,False,,2024-11-01T03:22:31Z,,,,,,,,,,,,,,
spotify:track:08QP0rwnQSbbpGRIuXfrAY,Talk Dirty To Me,Look What The Cat Dragged In - 20th Anniversary Edition,Poison,1986,223733,61,False,,2024-11-01T03:18:21Z,,,,,,,,,,,,,,
spotify:track:5IX4TbIR5mMHGE4wiWwKW0,One,...And Justice For All,Metallica,1988-08-25,447440,8,False,,2024-11-01T03:18:18Z,,,,,,,,,,,,,,
spotify:track:37BTh5g05cxBIRYMbw8g2T,Rosanna,Toto IV,TOTO,1982-04-08,330943,76,False,,2024-11-01T03:11:07Z,,,,,,,,,,,,,,
spotify:track:7j31rVgGX9Q2blT92VBEA0,Teenagers,The Black Parade,My Chemical Romance,2006-10-20,161920,82,False,,2024-11-01T03:11:01Z,,,,,,,,,,,,,,
spotify:track:5XcZRgJv3zMhTqCyESjQrF,Poison,Trash,Alice Cooper,1989-07-25,269712,74,False,,2024-11-01T03:10:54Z,,,,,,,,,,,,,,
spotify:track:4jU7NPkz4HVnM4hweqNhI1,Blue Orchid,Get Behind Me Satan,The White Stripes,2005-06-07,157560,64,False,,2024-11-01T03:10:44Z,,,,,,,,,,,,,,
spotify:track:10nyNJ6zNy2YVYLrcwLccB,No Surprises,OK Computer,Radiohead,1997-05-28,229120,88,False,,2024-11-01T03:10:32Z,,,,,,,,,,,,,,
spotify:track:0K6yUnIKNsFtfIpTgGtcHm,Limelight,Moving Pictures (2011 Remaster),Rush,1981-02-12,259839,66,False,,2024-11-01T03:10:09Z,,,,,,,,,,,,,,
spotify:track:52fnLN02thRhTnbzVZzdqq,Chelsea Dagger,Chelsea Dagger (Radio Edit),The Fratellis,2006-01-01,203760,60,False,,2024-11-01T03:09:32Z,,,,,,,,,,,,,,
spotify:track:2pcwmk8c1pTYwX0COSVX52,Woman,Wolfmother,Wolfmother,2005-01-01,175666,57,False,,2024-11-01T03:09:24Z,,,,,,,,,,,,,,
spotify:track:6HvUYS1xDfTCGWoeVrv3XS,Dammit,Dude Ranch,blink-182,1997-06-17,165373,65,True,,2024-11-01T03:07:55Z,,,,,,,,,,,,,,
spotify:track:4nFNJmjfgBF7jwv2oBC45b,Money For Nothing - Remastered 1996,Brothers In Arms (Remastered 1996),Dire Straits,1985-05-13,505333,78,True,,2024-11-01T03:07:30Z,,,,,,,,,,,,,,
spotify:track:5wQnmLuC1W7ATsArWACrgW,Welcome to the Black Parade,The Black Parade,My Chemical Romance,2006-10-20,311106,81,False,,2024-11-01T03:07:16Z,,,,,,,,,,,,,,
spotify:track:4xlEKYv7HmC8zXoJIbpZKM,"Steady, As She Goes",Broken Boy Soldiers,The Raconteurs,2006-05-15,215266,65,False,,2024-11-01T03:07:05Z,,,,,,,,,,,,,,
spotify:track:3620P9KJS2PDebJ9ABFitc,18 and Life,Skid Row,Skid Row,1989-01-24,229960,73,False,,2024-11-01T03:06:49Z,,,,,,,,,,,,,,
spotify:track:5cZqsjVs6MevCnAkasbEOX,Break Stuff,Significant Other,Limp Bizkit,1999,166706,85,True,,2024-11-01T03:06:31Z,,,,,,,,,,,,,,
spotify:track:6WlmA3HPHuNIR2mxI8LkZF,Hitchin' a Ride,Nimrod,Green Day,1997-10-14,171466,62,False,,2024-11-01T03:06:20Z,,,,,,,,,,,,,,
spotify:track:7fcfNW0XxTWlwVlftzfDOR,Walk,Vulgar Display of Power,Pantera,1992-02-21,315120,77,True,,2024-11-01T03:05:58Z,,,,,,,,,,,,,,
spotify:track:6dUfUi14QkuIpGA0GFFPyC,Supersonic - Remastered,Definitely Maybe (Remastered),Oasis,1994-08-29,283786,67,False,,2024-11-01T03:05:50Z,,,,,,,,,,,,,,
spotify:track:0VLdJcQUsqHBBwqPp4CIKJ,Aeroplane,One Hot Minute (Deluxe Edition),Red Hot Chili Peppers,1995-09-12,285066,63,True,,2024-11-01T03:05:42Z,,,,,,,,,,,,,,
spotify:track:18ESXa5mEm1V4Pkt5GSXWx,Cherry Pie,Cherry Pie (Expanded Edition),Warrant,1990-05-01,201106,63,False,,2024-11-01T03:05:37Z,,,,,,,,,,,,,,
spotify:track:6skC0VsaOZE1kG4CwXI2Zj,Sex Type Thing - 2017 Remaster,Core (Super Deluxe Edition),Stone Temple Pilots,1992-09-29,217813,66,False,,2024-11-01T03:05:27Z,,,,,,,,,,,,,,
spotify:track:0wvIGFIgbyz4JNwQhZgTv2,Rooster (2022 Remaster),Dirt (2022 Remaster),Alice In Chains,1992-09-29,374333,76,False,,2024-11-01T03:05:06Z,,,,,,,,,,,,,,
spotify:track:0WoFs3EdGOx58yX5BtXvOa,Your Love,Play Deep,The Outfield,1985-06-29,223458,83,False,,2024-11-01T03:04:59Z,,,,,,,,,,,,,,
spotify:track:5qaCOcPZW36ymI61qMgbYx,You Ain't The First,Use Your Illusion I,Guns N' Roses,1991-09-17,156133,48,False,,2024-11-01T03:04:14Z,,,,,,,,,,,,,,
spotify:track:4VFNyv0nVew5C878WDsPvE,Shout at the Devil,Shout At The Devil,Mötley Crüe,1983-09-26,194986,68,False,,2024-11-01T03:03:48Z,,,,,,,,,,,,,,
spotify:track:3RdQfyk7BBxxIx0zSnCBIw,The Hardest Button to Button,Elephant,The White Stripes,2003-04-01,212888,63,False,,2024-11-01T03:03:34Z,,,,,,,,,,,,,,
spotify:track:1RKUoGiLEbcXN4GY4spQDx,Clint Eastwood,Gorillaz,"Gorillaz, Del The Funky Homosapien",2001-03-26,340920,81,True,,2024-11-01T03:03:26Z,,,,,,,,,,,,,,
spotify:track:75D3n6wnFQmu1HVmLAlWM4,I Predict A Riot,Employment,Kaiser Chiefs,2005,233186,68,False,,2024-11-01T03:03:02Z,,,,,,,,,,,,,,
spotify:track:6LgJvl0Xdtc73RJ1mmpotq,Paranoid Android,OK Computer,Radiohead,1997-05-28,387213,74,False,,2024-11-01T03:02:30Z,,,,,,,,,,,,,,
spotify:track:4OROzZUy6gOWN4UGQVaZMF,The Trooper - 2015 Remaster,Piece of Mind (2015 Remaster),Iron Maiden,1983,252733,75,False,,2024-11-01T03:02:27Z,,,,,,,,,,,,,,
spotify:track:3LRJbFT9rKoKv4aW7PuBJC,Longview,Dookie,Green Day,1994-02-01,233240,67,True,,2024-11-01T03:02:21Z,,,,,,,,,,,,,,
spotify:track:5kr3j5Clb9rjEposoMyLVt,Welcome to Paradise,Dookie,Green Day,1994-02-01,224133,69,False,,2024-11-01T03:02:15Z,,,,,,,,,,,,,,
spotify:track:3fkPMWQ6cBNBLuFcPyMS8s,Burnin' for You,Fire of Unknown Origin,Blue Öyster Cult,1981-10-23,271002,67,False,,2024-11-01T03:02:03Z,,,,,,,,,,,,,,
spotify:track:7wCmS9TTVUcIhRalDYFgPy,Where Is My Mind? - 2007 Remaster,Surfer Rosa (2007 Remaster),Pixies,1988-03-21,234973,80,False,,2024-11-01T03:01:59Z,,,,,,,,,,,,,,
spotify:track:3MjrueDQKVr6xDDseZwhEd,Figure It Out,Royal Blood,Royal Blood,2014-08-18,183602,67,False,,2024-11-01T03:01:43Z,,,,,,,,,,,,,,
spotify:track:2SgbR6ttzoNlCRGQOKjrop,Cowboys from Hell,Cowboys from Hell,Pantera,1990-07-20,243533,75,True,,2024-11-01T03:01:33Z,,,,,,,,,,,,,,
spotify:track:72Z17vmmeQKAg8bptWvpVG,Space Oddity - 2015 Remaster,David Bowie (aka Space Oddity) [2015 Remaster],David Bowie,1969-11-04,318026,74,False,,2024-11-01T03:01:28Z,,,,,,,,,,,,,,
spotify:track:57P8gH8rjt4OqEoqzut1bL,Round and Round,The Essentials: Ratt,Ratt,1984,265893,68,False,,2024-11-01T03:01:23Z,,,,,,,,,,,,,,
spotify:track:1HOMkjp0nHMaTnfAkslCQj,My Sharona,Get The Knack,The Knack,1979-01-01,295400,71,False,,2024-11-01T03:01:21Z,,,,,,,,,,,,,,
spotify:track:2fAIfPLrPUTW1AmJRR428Q,Ruby,"Yours Truly, Angry Mob",Kaiser Chiefs,2007-01-01,204200,61,False,,2024-11-01T03:01:11Z,,,,,,,,,,,,,,
spotify:track:3vV3cr2TpPqFk07zxYUbla,Cum on Feel the Noize,Metal Health,Quiet Riot,1983,290960,70,False,,2024-11-01T03:01:00Z,,,,,,,,,,,,,,
spotify:track:7v0mtl6oInUtHOmTk2b0gC,Rope,Wasting Light,Foo Fighters,2011-04-12,258039,61,False,,2024-11-01T03:00:47Z,,,,,,,,,,,,,,
spotify:track:0itNMuBHye9fu392b4e9oa,Tell Me Baby,Stadium Arcadium,Red Hot Chili Peppers,2006-05-09,247666,69,False,,2024-11-01T03:00:44Z,,,,,,,,,,,,,,
spotify:track:5Xak5fmy089t0FYmh3VJiY,Black,Ten,Pearl Jam,1991-08-27,342653,82,False,,2024-11-01T03:00:41Z,,,,,,,,,,,,,,
spotify:track:2RaA6kIcvomt77qlIgGhCT,Breaking the Law,British Steel,Judas Priest,1980,153840,71,False,,2024-11-01T03:00:35Z,,,,,,,,,,,,,,
spotify:track:3SFXsFpeGmBTtQvKiwYMDA,Pretty Fly (For A White Guy),Americana,The Offspring,1998-11-16,188666,79,False,,2024-11-01T02:59:55Z,,,,,,,,,,,,,,
spotify:track:6Nd6ntkzr4t8o1FKPGOSMt,Here I Go Again - 2018 Remaster,Whitesnake (2018 Remaster),Whitesnake,1987,275395,70,False,,2024-11-01T02:59:46Z,,,,,,,,,,,,,,
spotify:track:6QDbGdbJ57Mtkflsg42WV5,Hot for Teacher - 2015 Remaster,1984 (Remastered),Van Halen,1984-01-04,282746,67,False,,2024-11-01T02:59:40Z,,,,,,,,,,,,,,
spotify:track:1kvq7ksGQWSyRysYYNd6lu,Home Sweet Home,Theatre of Pain (Deluxe Version),Mötley Crüe,1985-06-21,239666,71,False,,2024-11-01T02:59:36Z,,,,,,,,,,,,,,
spotify:track:4t1fWWJQs5V9YErfsrDslC,Cryin',Get A Grip,Aerosmith,1993-01-01,308560,74,False,,2024-11-01T02:59:32Z,,,,,,,,,,,,,,
spotify:track:1Qdnvn4XlmZANCVy3XjrQo,Show Me How to Live,Audioslave,Audioslave,2002-11-17,277840,74,False,,2024-11-01T02:59:29Z,,,,,,,,,,,,,,
spotify:track:1OxcIUqVmVYxT6427tbhDW,Fly Away,5,Lenny Kravitz,1998-05-12,221332,77,False,,2024-11-01T02:55:40Z,,,,,,,,,,,,,,
spotify:track:1TDk2Jmi4dVZhm2dum3Jim,Cochise,Audioslave,Audioslave,2002-11-17,222026,65,False,,2024-11-01T02:55:37Z,,,,,,,,,,,,,,
spotify:track:6mFkJmJqdDVQ1REhVfGgd1,Wish You Were Here,Wish You Were Here,Pink Floyd,1975-09-12,338466,83,False,,2024-11-01T02:55:35Z,,,,,,,,,,,,,,
spotify:track:20j7B6mL9gnNvG3ic6Vwh5,Hate To Say I Told You So,Veni Vidi Vicious,The Hives,2000-09-12,200693,67,False,,2024-11-01T02:55:25Z,,,,,,,,,,,,,,
spotify:track:0IXpUl1fn2QZcBavfuq0H4,Living After Midnight,British Steel,Judas Priest,1980,210133,62,False,,2024-11-01T02:55:19Z,,,,,,,,,,,,,,
spotify:track:6GG73Jik4jUlQCkKg9JuGO,The Middle,Bleed American,Jimmy Eat World,2001-07-17,165853,81,False,,2024-11-01T02:55:14Z,,,,,,,,,,,,,,
spotify:track:7K6xMPtAjTuLPNlJMLf5bS,"Another Brick in the Wall, Pt. 1",The Wall,Pink Floyd,1979-11-30,191293,70,False,,2024-11-01T02:55:10Z,,,,,,,,,,,,,,
spotify:track:1ju7EsSGvRybSNEsRvc7qY,Simple Man,Pronounced' Leh-'Nerd 'Skin-'Nerd,Lynyrd Skynyrd,1973-01-01,356626,80,False,,2024-11-01T02:51:54Z,,,,,,,,,,,,,,
spotify:track:6VoIBz0VhCyz7OdEoRYDiA,Say It Ain't So - Original Mix,Weezer,Weezer,1994-05-10,258826,77,False,,2024-11-01T02:51:43Z,,,,,,,,,,,,,,
spotify:track:5u5qlnyVaewWugJIjzilIc,Smokin',Boston,Boston,1976,261385,61,False,,2024-11-01T02:51:32Z,,,,,,,,,,,,,,
spotify:track:5QTxFnGygVM4jFQiBovmRo,(Don't Fear) The Reaper,Agents Of Fortune,Blue Öyster Cult,1976,308123,77,False,,2024-11-01T02:51:26Z,,,,,,,,,,,,,,
spotify:track:7F02x6EKYIQV3VcTaTm7oN,Hey You,The Wall,Pink Floyd,1979-11-30,279640,75,False,,2024-11-01T02:51:22Z,,,,,,,,,,,,,,
spotify:track:3PyPpABRA2bTGhNwPd66H6,Breed,Nevermind (Remastered),Nirvana,1991-09-26,184040,68,False,,2024-11-01T02:51:13Z,,,,,,,,,,,,,,
spotify:track:3uMmllZo1AfoEnVT4ENCD3,Highway Star - Remastered 2012,Machine Head (Remastered),Deep Purple,1972-03-25,366136,68,False,,2024-11-01T02:50:49Z,,,,,,,,,,,,,,
spotify:track:37Tmv4NnfQeb0ZgUC4fOJj,Sultans Of Swing,Dire Straits,Dire Straits,1978-10-07,348400,85,False,,2024-11-01T02:45:00Z,,,,,,,,,,,,,,
spotify:track:23IJ5wLRhEZ9DOuia5mPiZ,Who Are You,Who Are You,The Who,1978-08-18,381626,65,True,,2024-11-01T02:44:35Z,,,,,,,,,,,,,,
spotify:track:63OFKbMaZSDZ4wtesuuq6f,Born To Be Wild,Steppenwolf,Steppenwolf,1968,210373,10,False,,2024-11-01T02:44:28Z,,,,,,,,,,,,,,
spotify:track:5qqabIl2vWzo9ApSC317sa,Wonderwall - Remastered,(What's The Story) Morning Glory? [Remastered],Oasis,1995-10-02,258773,81,False,,2024-11-01T02:44:25Z,,,,,,,,,,,,,,
spotify:track:755bvJDSA3LNcNuFgBT9LK,Iron Man - 2009 Remaster,Paranoid,Black Sabbath,1970-09-18,354213,74,False,,2024-11-01T02:44:15Z,,,,,,,,,,,,,,
spotify:track:6WE7jSshLCuVKoCmobVKVf,Heartbreaker - 1990 Remaster,Led Zeppelin II (1994 Remaster),Led Zeppelin,1969-10-22,254133,67,False,,2024-11-01T02:43:58Z,,,,,,,,,,,,,,
spotify:track:2EC9IJj7g0mN1Q5VrZkiYY,Rebel Rebel - 2016 Remaster,Diamond Dogs (2016 Remaster),David Bowie,1974-05-24,274746,69,False,,2024-11-01T02:43:55Z,,,,,,,,,,,,,,
spotify:track:4PRGxHpCpF2yoOHYKQIEwD,Rock and Roll - Remaster,Led Zeppelin IV (Deluxe Edition),Led Zeppelin,1971-11-08,220560,70,False,,2024-11-01T02:43:45Z,,,,,,,,,,,,,,
spotify:track:0hCB0YR03f6AmQaHbwWDe8,Whole Lotta Love - 1990 Remaster,Led Zeppelin II (1994 Remaster),Led Zeppelin,1969-10-22,333893,77,False,,2024-11-01T02:43:39Z,,,,,,,,,,,,,,
spotify:track:1t8TCORVxdItzE3zy1X0tv,L.S.F.,Kasabian,Kasabian,2004-01-30,196917,58,False,,2024-10-10T17:05:16Z,,,,,,,,,,,,,,
spotify:track:1pEJEfDtMKDui6gxYcCVRV,If I Never See Your Face Again,It Won't Be Soon Before Long,Maroon 5,2007,201000,35,False,,2024-10-09T03:04:12Z,,,,,,,,,,,,,,
spotify:track:0UWGKR6b4nJCvK7Q1yjgjh,Makes Me Wonder,It Won't Be Soon Before Long,Maroon 5,2007,211080,42,True,,2024-10-09T03:04:12Z,,,,,,,,,,,,,,
spotify:track:2UW5VbD4BZ5vTeSYIAlybb,Little Of Your Time,It Won't Be Soon Before Long,Maroon 5,2007,137066,29,False,,2024-10-09T03:04:12Z,,,,,,,,,,,,,,
spotify:track:7nKOPOosPKm9M4KeTdmuMp,Wake Up Call,It Won't Be Soon Before Long,Maroon 5,2007,201306,56,False,,2024-10-09T03:04:12Z,,,,,,,,,,,,,,
spotify:track:3KWavdcNkuCYvgJaRABYAD,Won't Go Home Without You,It Won't Be Soon Before Long,Maroon 5,2007,231173,42,False,,2024-10-09T03:04:12Z,,,,,,,,,,,,,,
spotify:track:0drD0iwcEeqdWT7VlSW9k8,Nothing Lasts Forever,It Won't Be Soon Before Long,Maroon 5,2007,187920,30,False,,2024-10-09T03:04:12Z,,,,,,,,,,,,,,
spotify:track:0OjPoyoamW0563zmsyd9Hw,Can't Stop,It Won't Be Soon Before Long,Maroon 5,2007,152800,33,False,,2024-10-09T03:04:12Z,,,,,,,,,,,,,,
spotify:track:3jrn4Z92SIIgb5IAFTPtLn,Goodnight Goodnight,It Won't Be Soon Before Long,Maroon 5,2007,243320,31,False,,2024-10-09T03:04:12Z,,,,,,,,,,,,,,
spotify:track:7bwV3JL7csPgt5t9KqasT3,Not Falling Apart,It Won't Be Soon Before Long,Maroon 5,2007,243626,27,False,,2024-10-09T03:04:12Z,,,,,,,,,,,,,,
spotify:track:2WPNbFDPM6PxYuqxe1iN75,Kiwi,It Won't Be Soon Before Long,Maroon 5,2007,214546,25,False,,2024-10-09T03:04:12Z,,,,,,,,,,,,,,
spotify:track:09yV97mNIA3w2Lnjpxbhmt,Better That We Break,It Won't Be Soon Before Long,Maroon 5,2007,186306,26,False,,2024-10-09T03:04:12Z,,,,,,,,,,,,,,
spotify:track:5SjKGNJ32PYU3CwH18s6mb,Back At Your Door,It Won't Be Soon Before Long,Maroon 5,2007,226813,27,False,,2024-10-09T03:04:12Z,,,,,,,,,,,,,,
spotify:track:5nQZ4hQPlcPRwm6QgjPkQX,Infatuation,It Won't Be Soon Before Long,Maroon 5,2007,266013,24,False,,2024-10-09T03:04:12Z,,,,,,,,,,,,,,
spotify:track:2RjpDxBii8EvC6p6wxwCSz,Harder To Breathe,Songs About Jane,Maroon 5,2002-06-25,173693,55,True,,2024-10-09T03:03:41Z,,,,,,,,,,,,,,
spotify:track:6YgV0EF8xJMZz0Zm6BTaT4,This Love,Songs About Jane,Maroon 5,2002-06-25,206200,62,False,,2024-10-09T03:03:41Z,,,,,,,,,,,,,,
spotify:track:3T35D5r5tkO6c1KzZ0HCBr,Shiver,Songs About Jane,Maroon 5,2002-06-25,179773,46,False,,2024-10-09T03:03:41Z,,,,,,,,,,,,,,
spotify:track:7sapKrjDij2fpDVj0GxP66,She Will Be Loved,Songs About Jane,Maroon 5,2002-06-25,257133,74,False,,2024-10-09T03:03:41Z,,,,,,,,,,,,,,
spotify:track:07oRM1c6VtzDpxjTn8w6Hm,Tangled,Songs About Jane,Maroon 5,2002-06-25,198200,48,False,,2024-10-09T03:03:41Z,,,,,,,,,,,,,,
spotify:track:6cX1zmXxkfhSvHW82U5CW6,The Sun,Songs About Jane,Maroon 5,2002-06-25,251693,49,False,,2024-10-09T03:03:41Z,,,,,,,,,,,,,,
spotify:track:7xlIrLvCs7digqxVI3LKMM,Must Get Out,Songs About Jane,Maroon 5,2002-06-25,239440,45,False,,2024-10-09T03:03:41Z,,,,,,,,,,,,,,
spotify:track:1YI0uK36eupTmw9F8kHysr,Sunday Morning,Songs About Jane,Maroon 5,2002-06-25,244866,66,False,,2024-10-09T03:03:41Z,,,,,,,,,,,,,,
spotify:track:64i1dyG9Td5z5Q0TCG17Pb,Secret,Songs About Jane,Maroon 5,2002-06-25,295000,50,False,,2024-10-09T03:03:41Z,,,,,,,,,,,,,,
spotify:track:6DhtWg2DzPVEcBZoJ2CJh9,Through With You,Songs About Jane,Maroon 5,2002-06-25,181573,43,False,,2024-10-09T03:03:41Z,,,,,,,,,,,,,,
spotify:track:7sT621Iv8V6bMv6Z5B16PO,Not Coming Home,Songs About Jane,Maroon 5,2002-06-25,261226,43,False,,2024-10-09T03:03:41Z,,,,,,,,,,,,,,
spotify:track:1p9Iyk7Tpma1WXNqPHtqgU,Welcome to Life,Mini Buda,"Octafonic, Nico Sorin",2016-07-15,274194,12,False,,2024-10-09T03:02:27Z,,,,,,,,,,,,,,
spotify:track:4BbgLMYBmCCC0KmSeGliBi,Mini Buda,Mini Buda,"Octafonic, Nico Sorin",2016-07-15,226295,12,False,,2024-10-09T03:02:27Z,,,,,,,,,,,,,,
spotify:track:3ivuRO8u4RjSEJOujsDvBQ,Tv,Mini Buda,"Octafonic, Nico Sorin",2016-07-15,236126,14,False,,2024-10-09T03:02:27Z,,,,,,,,,,,,,,
spotify:track:7xGmAQQPfWDNSeL6KISdzW,God,Mini Buda,"Octafonic, Nico Sorin",2016-07-15,234659,7,False,,2024-10-09T03:02:27Z,,,,,,,,,,,,,,
spotify:track:1hsmT3ZZdYMhJg2HctpHjk,Sativa,Mini Buda,"Octafonic, Nico Sorin",2016-07-15,304346,14,False,,2024-10-09T03:02:27Z,,,,,,,,,,,,,,
spotify:track:16W6VLkTYJaIkrU7gxdU2F,What,Mini Buda,"Octafonic, Nico Sorin",2016-07-15,239160,7,False,,2024-10-09T03:02:27Z,,,,,,,,,,,,,,
spotify:track:0qQgN5TL5HgzUmP6ghFTzq,That's Ok,Mini Buda,"Octafonic, Nico Sorin",2016-07-15,260630,6,False,,2024-10-09T03:02:27Z,,,,,,,,,,,,,,
spotify:track:0UwXEkiai5i2XTNt0t3kUO,Nana Nana,Mini Buda,"Octafonic, Nico Sorin",2016-07-15,231531,7,False,,2024-10-09T03:02:27Z,,,,,,,,,,,,,,
spotify:track:7lbxrdHbgBWxfKsFjTlCUS,Slow Down,Mini Buda,"Octafonic, Nico Sorin",2016-07-15,267294,7,False,,2024-10-09T03:02:27Z,,,,,,,,,,,,,,
spotify:track:6KxERdP9iMyRvE6y9SI9Yr,Monster,Monster,"Octafonic, Nico Sorin",2014-11-25,195293,16,False,,2024-10-09T03:02:11Z,,,,,,,,,,,,,,
spotify:track:1mRUamzbMXSwn8hgIjx4ul,Plastic,Monster,"Octafonic, Nico Sorin",2014-11-25,260880,10,False,,2024-10-09T03:02:11Z,,,,,,,,,,,,,,
spotify:track:4Kd0MGPHQ3yTmlQycrVn6r,Love,Monster,"Octafonic, Nico Sorin",2014-11-25,207586,9,False,,2024-10-09T03:02:11Z,,,,,,,,,,,,,,
spotify:track:3JQZV8nDGtxGxMvNpift1N,Mistifying,Monster,"Octafonic, Nico Sorin",2014-11-25,243133,8,False,,2024-10-09T03:02:11Z,,,,,,,,,,,,,,
spotify:track:2nlTHmAlBuYvi7jySZLdJy,Wheels,Monster,"Octafonic, Nico Sorin",2014-11-25,226493,12,False,,2024-10-09T03:02:11Z,,,,,,,,,,,,,,
spotify:track:07VC6LpfD1kZ0D1qlgHzyV,Waving Batons,Monster,"Octafonic, Nico Sorin",2014-11-25,156573,6,False,,2024-10-09T03:02:11Z,,,,,,,,,,,,,,
spotify:track:5iMvyDSQVoNu2HxJjinnro,Whisky Eyes,Monster,"Octafonic, Nico Sorin",2014-11-25,216520,7,False,,2024-10-09T03:02:11Z,,,,,,,,,,,,,,
spotify:track:19MGqcrCXw313zcE6JQkSh,I'm Sorry,Monster,"Octafonic, Nico Sorin",2014-11-25,232293,11,False,,2024-10-09T03:02:11Z,,,,,,,,,,,,,,
spotify:track:09i2Kjf0V7XA2mgKycT6ma,You Can Take,Monster,"Octafonic, Nico Sorin",2014-11-25,209906,8,False,,2024-10-09T03:02:11Z,,,,,,,,,,,,,,
spotify:track:0J55YiohxFs4PfTzqz2Fxo,Fool Moon,Monster,"Octafonic, Nico Sorin",2014-11-25,205200,6,False,,2024-10-09T03:02:11Z,,,,,,,,,,,,,,
spotify:track:4MlxaQbfcTU26UFiR9W43W,Over,Monster,"Octafonic, Nico Sorin",2014-11-25,256586,6,False,,2024-10-09T03:02:11Z,,,,,,,,,,,,,,
spotify:track:6gLn8QhAYL4dEwdpVjfCPl,I Never Told You What I Do for a Living,Three Cheers for Sweet Revenge,My Chemical Romance,2004-06-08,232466,62,False,,2024-10-03T21:27:22Z,,,,,,,,,,,,,,
spotify:track:2cViIXIe8Pbd1sOJExMJlK,Cemetery Drive,Three Cheers for Sweet Revenge,My Chemical Romance,2004-06-08,188066,68,False,,2024-10-03T21:27:15Z,,,,,,,,,,,,,,
spotify:track:4fGIqy3bvjX0jz1SJHqjjo,"It's Not a Fashion Statement, It's a Deathwish",Three Cheers for Sweet Revenge,My Chemical Romance,2004-06-08,210866,63,False,,2024-10-03T21:26:37Z,,,,,,,,,,,,,,
spotify:track:262RJtiqytpugV1UvDicN9,Hang 'Em High,Three Cheers for Sweet Revenge,My Chemical Romance,2004-06-08,167533,60,False,,2024-10-03T21:24:49Z,,,,,,,,,,,,,,
spotify:track:0BpKPyXhWsTaWkgXeOd1Sn,Thank You for the Venom,Three Cheers for Sweet Revenge,My Chemical Romance,2004-06-08,221093,69,False,,2024-10-03T21:24:47Z,,,,,,,,,,,,,,
spotify:track:7HKfrU3iuEFrKxTAfVznrG,The Jetset Life Is Gonna Kill You,Three Cheers for Sweet Revenge,My Chemical Romance,2004-06-08,217733,63,False,,2024-10-03T21:24:42Z,,,,,,,,,,,,,,
spotify:track:7lRlq939cDG4SzWOF4VAnd,I'm Not Okay (I Promise),Three Cheers for Sweet Revenge,My Chemical Romance,2004-06-08,186480,78,True,,2024-10-03T21:24:40Z,,,,,,,,,,,,,,
spotify:track:5bTuwAgYUD5MABOIPH8ZMt,You Know What They Do to Guys Like Us in Prison,Three Cheers for Sweet Revenge,My Chemical Romance,2004-06-08,173733,68,True,,2024-10-03T21:24:37Z,,,,,,,,,,,,,,
spotify:track:1GErReAT0swX36x3O8GyQn,To the End,Three Cheers for Sweet Revenge,My Chemical Romance,2004-06-08,181026,64,False,,2024-10-03T21:24:34Z,,,,,,,,,,,,,,
spotify:track:0axF06XwNLobcx5z8BVtYw,"Give 'Em Hell, Kid",Three Cheers for Sweet Revenge,My Chemical Romance,2004-06-08,138840,64,False,,2024-10-03T21:24:32Z,,,,,,,,,,,,,,
spotify:track:2WRFD9WczJ975X2K1Y9YVs,Heads Will Roll,It's Blitz!,Yeah Yeah Yeahs,2009-01-01,221000,70,False,,2024-09-30T18:52:23Z,,,,,,,,,,,,,,
spotify:track:1qEmFfgcLObUfQm0j1W2CK,Late Night Talking,Harry's House,Harry Styles,2022-05-20,177954,76,False,,2024-09-18T02:48:49Z,,,,,,,,,,,,,,
spotify:track:2UzMpPKPhbcC8RbsmuURAZ,Do I Wanna Know?,AM,Arctic Monkeys,2013-09-10,272386,1,False,,2024-09-18T02:35:33Z,,,,,,,,,,,,,,
spotify:track:46QazXxQS0B31CnbRCy8CV,Rock You Like a Hurricane - 2011,Comeblack,Scorpions,2011-11-07,255573,65,False,,2024-09-18T02:35:31Z,,,,,,,,,,,,,,
spotify:track:6ooluO7DiEhI1zmK94nRCM,Take Me Out,Franz Ferdinand,Franz Ferdinand,2004,237026,4,False,,2024-09-18T02:35:27Z,,,,,,,,,,,,,,
spotify:track:3cXiUuiGpFmZ8OdAWKk8Ck,Lick It Up,Lick It Up,KISS,1983-09-18,236640,65,False,,2024-09-18T02:35:21Z,,,,,,,,,,,,,,
spotify:track:6kooDsorCpWVMGc994XjWN,Black Betty,Ram Jam,Ram Jam,1977-06-20,240335,74,False,,2024-09-17T02:35:32Z,,,,,,,,,,,,,,
spotify:track:6VnpKLtfNH4Dk09YSGPSyR,It Ain't Over 'Til It's Over,Mama Said,Lenny Kravitz,1991-04-02,242640,81,False,,2024-09-17T02:35:12Z,,,,,,,,,,,,,,
spotify:track:3CIOopLwvyMvXk97ZEksKO,Ace of Spades,Ace of Spades (Expanded Edition),Motörhead,1980-11-08,168320,73,False,,2024-09-17T02:34:58Z,,,,,,,,,,,,,,
spotify:track:2dXsILW8gzkosqleHAvl0v,For Whom The Bell Tolls - Remastered,Ride The Lightning (Remastered),Metallica,1984-07-27,309973,69,False,,2024-09-17T02:34:55Z,,,,,,,,,,,,,,
spotify:track:1DSOW7QusJ9u4ZIK0Etleq,Dr. Feelgood,The Dirt Soundtrack,Mötley Crüe,2000,290186,32,False,,2024-09-17T02:29:43Z,,,,,,,,,,,,,,
spotify:track:6fybp4N6eW3bsFAvARxyVe,Ain't Talkin' 'Bout Love - 2015 Remaster,Van Halen (Remastered),Van Halen,1978-02-10,227800,70,False,,2024-09-16T17:19:59Z,,,,,,,,,,,,,,
spotify:track:1090YWYmufPxxFEDAmU8Hn,Same Ol' Situation (S.O.S.),Dr. Feelgood,Mötley Crüe,1989-09-02,252906,65,False,,2024-09-14T22:51:11Z,,,,,,,,,,,,,,
spotify:track:0DZwrC4QQOYqpcxCeZzwDg,Riff Raff,Powerage,AC/DC,1978-05-05,312507,56,False,,2024-09-13T00:45:36Z,,,,,,,,,,,,,,
spotify:track:2FkBzncOXWo7pnN8oqm7Wx,Let's Spend The Night Together,Flowers,The Rolling Stones,1967-06-26,215760,39,False,,2024-09-13T00:45:32Z,,,,,,,,,,,,,,
spotify:track:5fdhThPDe6jQQDqCyWrdAn,Jolene,Jolene (Expanded Edition),Dolly Parton,1974,161533,72,False,,2024-09-13T00:41:33Z,,,,,,,,,,,,,,
spotify:track:3TdBMzEDIvXi5hjW2d1ivD,Bring It On Home To Me,Sam Cooke: Portrait Of A Legend 1951-1964,Sam Cooke,2015,165280,49,False,,2024-09-13T00:41:30Z,,,,,,,,,,,,,,
spotify:track:2amzrvbxYiq8AxGntIiw5V,Fall to Pieces,Contraband,Velvet Revolver,2004,271240,61,False,,2024-09-13T00:41:02Z,,,,,,,,,,,,,,
spotify:track:3uwnnTQcHM1rDqSfA4gQNz,Cool for the Summer,Confident,Demi Lovato,2015-01-01,214739,79,True,,2024-09-13T00:39:41Z,,,,,,,,,,,,,,
spotify:track:2meEiZKWkiN28gITzFwQo5,Into You,Dangerous Woman,Ariana Grande,2016-05-20,244453,3,False,,2024-09-13T00:39:40Z,,,,,,,,,,,,,,
spotify:track:4TCL0qqKyqsMZml0G3M9IM,Telephone,The Fame Monster (Deluxe Edition),"Lady Gaga, Beyoncé",2009-11-05,220640,72,False,,2024-09-13T00:39:38Z,,,,,,,,,,,,,,
spotify:track:4fixebDZAVToLbUCuEloa2,Womanizer,Circus (Deluxe Version),Britney Spears,2008-12-02,224034,80,False,,2024-09-13T00:39:36Z,,,,,,,,,,,,,,
spotify:track:34MoKBRdC9JDjcL4b4X1Ic,It's A Hard Life - Remastered 2011,The Works (2011 Remaster),Queen,1984-02-27,246973,57,False,,2024-09-13T00:39:26Z,,,,,,,,,,,,,,
spotify:track:5JVbvCHX10U2pLa5DEqGav,Safe and Sound,In A Tidal Wave of Mystery,Capital Cities,2013-06-04,192789,83,False,,2024-09-13T00:39:07Z,,,,,,,,,,,,,,
spotify:track:49X0LAl6faAusYq02PRAY6,Lady - Hear Me Tonight,Modjo (Remastered),Modjo,2001,307153,82,False,,2024-09-12T19:53:52Z,,,,,,,,,,,,,,
spotify:track:7J1uxwnxfQLu4APicE5Rnj,Billie Jean,Thriller,Michael Jackson,1982-11-30,293802,87,False,,2024-09-12T19:53:25Z,,,,,,,,,,,,,,
spotify:track:05RgAMGypEvqhNs5hPCbMS,Panama - 2015 Remaster,1984 (Remastered),Van Halen,1984-01-04,210226,74,False,,2024-09-12T19:53:00Z,,,,,,,,,,,,,,
spotify:track:0LoQuiekvzqx7n8flgEKzF,Get It On,Electric Warrior,T. Rex,1971-09-24,262613,70,False,,2024-09-12T19:52:43Z,,,,,,,,,,,,,,
spotify:track:2d4e45fmUnguxh6yqC7gNT,Dirty Deeds Done Dirt Cheap,Dirty Deeds Done Dirt Cheap,AC/DC,1976-09-20,232265,76,False,,2024-09-12T19:52:22Z,,,,,,,,,,,,,,
spotify:track:23MrkN7g6Q5U7GLIxNHN1B,Foxey Lady,Are You Experienced,Jimi Hendrix,1967-05-12,198773,59,False,,2024-09-12T19:52:20Z,,,,,,,,,,,,,,
spotify:track:4XvvR8F6qOcnzgChO1uTIO,Overkill,Overkill (Expanded Edition),Motörhead,1979-03-24,313520,61,False,,2024-09-11T19:21:44Z,,,,,,,,,,,,,,
spotify:track:2rd9ETlulTbz6BYZcdvIE1,War Pigs / Luke's Wall - 2012 - Remaster,Paranoid (Remaster),Black Sabbath,1970-09-18,474359,68,False,,2024-09-11T17:41:21Z,,,,,,,,,,,,,,
spotify:track:5qJqzpNdEbt92roedFwoDR,Left Hand Free,This Is All Yours,alt-J,2014-09-22,173630,68,False,,2024-09-11T15:46:50Z,,,,,,,,,,,,,,
spotify:track:2qSkIjg1o9h3YT9RAgYN75,Espresso,Espresso,Sabrina Carpenter,2024-04-12,175459,85,True,,2024-09-11T02:07:18Z,,,,,,,,,,,,,,
spotify:track:0UvCh63URrLFcPkKt99hHd,Don't Look Back in Anger - Remastered,(What's The Story) Morning Glory? [Remastered],Oasis,1995-10-02,289560,79,False,,2024-09-11T01:57:12Z,,,,,,,,,,,,,,
spotify:track:5qFxuUIAwJlzO60vqOiL7y,Rainbow In The Dark,Holy Diver,Dio,1983,252693,67,False,,2024-09-10T19:41:53Z,,,,,,,,,,,,,,
spotify:track:0yd0NF2DaG04KLqJT5LLV2,Detroit Rock City,Greatest Kiss,KISS,1997-04-08,218693,0,False,,2024-09-10T19:41:51Z,,,,,,,,,,,,,,
spotify:track:1KgfeuVn5OlsBEtoEmBa1t,Live Forever,Definitely Maybe,Oasis,1994-08-29,276866,70,False,,2024-09-10T19:24:02Z,,,,,,,,,,,,,,
spotify:track:2j0zExWFB0PowLOeoZosjK,Touch Too Much,Highway to Hell,AC/DC,1979-07-27,266650,64,False,,2024-09-08T18:53:32Z,,,,,,,,,,,,,,
spotify:track:756CJtQRFSxEx9jV4P9hpA,I Believe in a Thing Called Love,Permission to Land,The Darkness,2003-07-07,216453,71,False,,2024-09-08T18:53:09Z,,,,,,,,,,,,,,
spotify:track:5eqiMMbaeUZ32Q7sS00H35,Anaconda,The Pinkprint (International Deluxe Explicit),Nicki Minaj,2014-12-12,260239,68,True,,2024-09-06T18:17:25Z,,,,,,,,,,,,,,
spotify:track:3W3KtDwAIg3mAruSpnfG3Q,Fancy,The New Classic (Deluxe Version),"Iggy Azalea, Charli xcx",2014-01-01,199938,70,True,,2024-09-06T18:17:23Z,,,,,,,,,,,,,,
spotify:track:1P17dC1amhFzptugyAO7Il,Look What You Made Me Do,reputation,Taylor Swift,2017-11-10,211853,79,False,,2024-09-06T18:17:21Z,,,,,,,,,,,,,,
spotify:track:3SaIsrEzrQGDcG1jCeaK8q,Bang Bang,Sweet Talker (Deluxe Version),"Jessie J, Ariana Grande, Nicki Minaj",2014-10-10,199386,2,False,,2024-09-06T18:17:20Z,,,,,,,,,,,,,,
spotify:track:1pKeFVVUOPjFsOABub0OaV,Side To Side,Dangerous Woman,"Ariana Grande, Nicki Minaj",2016-05-20,226160,4,True,,2024-09-06T18:17:17Z,,,,,,,,,,,,,,
spotify:track:29uKzagduhFDTWPCjqaGOg,Gimme All Your Lovin',Eliminator,ZZ Top,1983-03-23,241080,71,False,,2024-09-06T18:17:14Z,,,,,,,,,,,,,,
spotify:track:37Vzad7uGm0I9zJIFXlT4b,Youth Gone Wild,Skid Row,Skid Row,1989-01-24,198906,66,False,,2024-09-06T18:17:12Z,,,,,,,,,,,,,,
spotify:track:45Ia1U4KtIjAPPU7Wv1Sea,Are You Gonna Go My Way,Are You Gonna Go My Way,Lenny Kravitz,1993-03-09,211933,74,False,,2024-08-22T03:22:25Z,,,,,,,,,,,,,,
spotify:track:43DeSV93pJPT4lCZaWZ6b1,The Boys Are Back In Town,Jailbreak (Deluxe Edition),Thin Lizzy,1976,266720,72,False,,2024-08-22T03:15:29Z,,,,,,,,,,,,,,
spotify:track:7ouMYWpwJ422jRcDASZB7P,Knights of Cydonia,Black Holes and Revelations,Muse,2006-06-28,366213,70,False,,2024-08-22T03:15:14Z,,,,,,,,,,,,,,
spotify:track:5Z8EDau8uNcP1E8JvmfkZe,School's Out,School's Out,Alice Cooper,1972,210106,67,False,,2024-08-22T03:15:07Z,,,,,,,,,,,,,,
spotify:track:1L94M3KIu7QluZe63g64rv,Alive,Ten,Pearl Jam,1991-08-27,340974,77,False,,2024-08-22T03:14:57Z,,,,,,,,,,,,,,
spotify:track:3QZ7uX97s82HFYSmQUAN1D,Tom Sawyer,Moving Pictures (2011 Remaster),Rush,1981-02-12,276880,71,False,,2024-08-22T03:11:02Z,,,,,,,,,,,,,,
spotify:track:7N3PAbqfTjSEU1edb2tY8j,Jump - 2015 Remaster,1984 (Remastered),Van Halen,1984-01-04,241599,78,False,,2024-08-22T03:10:41Z,,,,,,,,,,,,,,
spotify:track:7vidktgNZFQylTgH1GEnMs,Cold as Ice,Foreigner (Expanded),Foreigner,1977-03-08,203133,73,False,,2024-08-22T03:10:34Z,,,,,,,,,,,,,,
spotify:track:53LwBS4bovyljsMlLqGfd6,American Girl,Tom Petty And The Heartbreakers,Tom Petty and the Heartbreakers,1976-11-09,214733,69,False,,2024-08-22T03:10:16Z,,,,,,,,,,,,,,
spotify:track:6gZVQvQZOFpzIy3HblJ20F,Man in the Box,Facelift,Alice In Chains,1990-08-01,285200,80,True,,2024-08-22T03:05:27Z,,,,,,,,,,,,,,
spotify:track:62nQ8UZVqR2RMvkJHkcO2o,Jeremy,Ten,Pearl Jam,1991-08-27,318226,73,True,,2024-08-22T03:05:21Z,,,,,,,,,,,,,,
spotify:track:4qO03RMQm88DdpTJcxlglY,Call Me,Atomic/Atomix,Blondie,1999-01-01,212600,71,False,,2024-08-22T03:05:08Z,,,,,,,,,,,,,,
spotify:track:1i6N76fftMZhijOzFQ5ZtL,Psycho Killer - 2005 Remaster,Talking Heads '77 (Deluxe Version),Talking Heads,1977-09-16,261413,30,False,,2024-08-22T03:04:54Z,,,,,,,,,,,,,,
spotify:track:5sFDReWLrZHLFZFjHsjUTS,Would? (2022 Remaster),Dirt (2022 Remaster),Alice In Chains,1992-09-29,206773,78,False,,2024-08-22T03:04:01Z,,,,,,,,,,,,,,
spotify:track:2PpruBYCo4H7WOBJ7Q2EwM,Hey Ya!,Speakerboxxx/The Love Below,Outkast,2003,235213,83,True,,2024-08-22T03:03:17Z,,,,,,,,,,,,,,
spotify:track:41AE8ODX2JETBCa6muhSLY,Heart Of Glass,Greatest Hits: Blondie,Blondie,2006-01-01,252186,67,False,,2024-08-21T04:16:05Z,,,,,,,,,,,,,,
spotify:track:4LwU4Vp6od3Sb08CsP99GC,The Next Episode,2001,"Dr. Dre, Snoop Dogg",1999-11-16,161506,81,True,,2024-08-20T18:10:07Z,,,,,,,,,,,,,,
spotify:track:5N3hjp1WNayUPZrA8kJmJP,Please Please Please,Please Please Please,Sabrina Carpenter,2024-06-06,186365,79,True,,2024-08-20T17:33:27Z,,,,,,,,,,,,,,
spotify:track:3IvossQAA6RQWlyEffJvAs,Electric Man,Electric Man,Rival Sons,2014-04-04,200064,24,False,,2024-08-20T16:12:21Z,,,,,,,,,,,,,,
spotify:track:6fx2QjZU1Pf5DsHXMdGt0W,Sympathy For The Devil,Greatest Hits,Guns N' Roses,2004-03-23,455560,0,False,,2024-08-20T16:12:19Z,,,,,,,,,,,,,,
spotify:track:3G0yz3DZn3lfraledmBCT0,P.I.M.P.,Get Rich Or Die Tryin',50 Cent,2003-02-06,249480,80,True,,2024-08-20T16:07:43Z,,,,,,,,,,,,,,
spotify:track:1mea3bSkSGXuIRvnydlB5b,Viva La Vida,Viva La Vida or Death and All His Friends,Coldplay,2008-06-06,242373,87,False,,2024-08-20T16:06:28Z,,,,,,,,,,,,,,
spotify:track:7jwQlYGpOml9ETGre1HqGA,Somebody's Watching Me,Somebody's Watching Me,Rockwell,1984-01-30,298866,67,False,,2024-08-20T16:06:09Z,,,,,,,,,,,,,,
spotify:track:1u8c2t2Cy7UBoG4ArRcF5g,Blank Space,1989 (Deluxe),Taylor Swift,2014-01-01,231826,84,False,,2024-08-20T15:57:56Z,,,,,,,,,,,,,,
spotify:track:6pSspi3xtrbXr8LqvJ9BJN,Careless Whisper - Remastered,Twenty Five,George Michael,2006-11-11,303426,49,False,,2024-08-20T15:57:51Z,,,,,,,,,,,,,,
spotify:track:1di1BEgJYzPvXUuinsYJGP,Everybody (Backstreet's Back) - Radio Edit,Backstreet's Back,Backstreet Boys,1997-08-12,225360,80,False,,2024-08-20T15:49:26Z,,,,,,,,,,,,,,
spotify:track:3e0FzZjTXOUtiJGSClOBrI,Fly Like An Eagle,Fly Like An Eagle,Steve Miller Band,1976-01-01,282693,67,False,,2024-08-20T15:45:18Z,,,,,,,,,,,,,,
spotify:track:6hu1f1cXSw7OAqhpSQ2zDy,Dazed and Confused - 1990 Remaster,Led Zeppelin,Led Zeppelin,1969-01-12,386373,65,False,,2024-08-20T15:43:01Z,,,,,,,,,,,,,,
spotify:track:3xVZYkcuWalGudeKl861wb,Smokin Out The Window,An Evening With Silk Sonic,"Bruno Mars, Anderson .Paak, Silk Sonic",2021-11-11,197442,73,False,,2024-08-20T15:41:40Z,,,,,,,,,,,,,,
spotify:track:7GonnnalI2s19OCQO1J7Tf,Kickstart My Heart,Dr. Feelgood,Mötley Crüe,1989,282653,7,False,,2024-08-20T15:26:14Z,,,,,,,,,,,,,,
spotify:track:1brpdmqkx3kSxyqzqXfW7J,Heaven's On Fire,Animalize,KISS,1984-09-13,201400,67,False,,2024-08-20T15:26:13Z,,,,,,,,,,,,,,
spotify:track:1MX6kqZ8FOht5UnQuPl6Jj,I Want It All - Single Version,The Miracle (Deluxe Edition 2011 Remaster),Queen,1989-05-22,242093,1,False,,2024-08-20T15:26:09Z,,,,,,,,,,,,,,
spotify:track:5Ohxk2dO5COHF1krpoPigN,Sign of the Times,Harry Styles,Harry Styles,2017-05-12,340706,86,False,,2024-08-20T15:25:50Z,,,,,,,,,,,,,,
spotify:track:3ZffCQKLFLUvYM59XKLbVm,Wake Me up When September Ends,American Idiot,Green Day,2004-09-21,285653,81,False,,2024-08-20T15:25:22Z,,,,,,,,,,,,,,
spotify:track:5hhVpGIBlqAU5yJEOmrk5o,All My Love - Remaster,In Through the out Door (Remaster),Led Zeppelin,1979-08-15,353720,69,False,,2024-08-20T15:25:02Z,,,,,,,,,,,,,,
spotify:track:67HxeUADW4H3ERfaPW59ma,Love Me Two Times,Strange Days,The Doors,1967-09-25,195106,67,False,,2024-08-20T15:24:59Z,,,,,,,,,,,,,,
spotify:track:2StkuotzPgX5FpSjMpTvlw,Harlem Shuffle - Remastered 2009,Dirty Work (Remastered 2009),The Rolling Stones,1986-03-24,204426,48,False,,2024-08-20T15:24:55Z,,,,,,,,,,,,,,
spotify:track:4JfuiOWlWCkjP6OKurHjSn,Walk This Way,Toys In The Attic,Aerosmith,1975-04-08,220310,74,False,,2024-08-20T15:24:18Z,,,,,,,,,,,,,,
spotify:track:5HlGgSFBJMI7YqzciPdsMe,Getaway Car,Audioslave,Audioslave,2002-11-17,298893,42,False,,2024-08-20T15:24:09Z,,,,,,,,,,,,,,
spotify:track:0U2TocFjqul3sis3sE5jZl,I Don't Believe In Love - Remastered 2003,Operation: Mindcrime (Deluxe Edition),Queensrÿche,1988,263560,55,False,,2024-08-20T15:24:00Z,,,,,,,,,,,,,,
spotify:track:3XclwoQxz4p6Dl7VUf90KW,N.I.B. - 2009 Remaster,Black Sabbath,Black Sabbath,1970-02-13,366173,69,False,,2024-08-20T15:23:58Z,,,,,,,,,,,,,,
spotify:track:3ix6K4wZY29bCujrSznwFZ,Let's Dance - 2018 Remaster,Let's Dance (2018 Remaster),David Bowie,1983-04-14,457675,73,False,,2024-08-20T15:23:46Z,,,,,,,,,,,,,,
spotify:track:3G7tRC24Uh09Hmp1KZ7LQ2,I'm a Believer - 2006 Remaster,More of The Monkees (Deluxe Edition),The Monkees,1967-01-09,167373,71,False,,2024-08-20T15:23:44Z,,,,,,,,,,,,,,
spotify:track:1gzIbdFnGJ226LTl0Cn2SX,White Wedding - Pt. 1,Billy Idol,Billy Idol,1982-01-01,252200,73,False,,2024-08-20T15:23:21Z,,,,,,,,,,,,,,
spotify:track:1JLn8RhQzHz3qDqsChcmBl,I Want to Know What Love Is - 1999 Remaster,Agent Provocateur,Foreigner,1984,304786,85,False,,2024-08-18T02:27:08Z,,,,,,,,,,,,,,
spotify:track:2eDdFHgqNJltzlvlZFVDWd,Over the Hills and Far Away - Remaster,Houses of the Holy (Remaster),Led Zeppelin,1973-03-28,290933,69,False,,2024-08-18T02:26:55Z,,,,,,,,,,,,,,
spotify:track:0nLiqZ6A27jJri2VCalIUs,Nothing Else Matters,Metallica,Metallica,1991-08-12,388266,14,False,,2024-08-18T02:19:32Z,,,,,,,,,,,,,,
spotify:track:5EQzuYfTZt7B2LqlvTF49l,It's All Coming Back to Me Now,Falling into You,Céline Dion,1996-03-11,456866,75,False,,2024-08-18T02:19:26Z,,,,,,,,,,,,,,
spotify:track:29imR7dda5XqwPRFmby7HS,"Baby, I Love You",End of the Century (Expanded 2005 Remaster),Ramones,1980-02-04,224560,59,False,,2024-08-18T02:19:17Z,,,,,,,,,,,,,,
spotify:track:5RKQ5NdjSh2QzD4MaunT91,Don't Stop Believin' (2022 Remaster),Escape (2022 Remaster),Journey,1981-07-17,249600,86,False,,2024-08-18T02:19:10Z,,,,,,,,,,,,,,
spotify:track:5sICkBXVmaCQk5aISGR3x1,Enter Sandman,Metallica,Metallica,1991-08-12,331266,17,False,,2024-08-18T02:18:58Z,,,,,,,,,,,,,,
spotify:track:1Jmqubf9kGkWeYQXQKImL5,People Are Strange,Strange Days,The Doors,1967-09-25,130173,73,False,,2024-08-18T02:18:26Z,,,,,,,,,,,,,,
spotify:track:5lmGgOaixbwKHtpTzjJoqx,Under My Thumb,Aftermath,The Rolling Stones,1966-04-15,221533,65,False,,2024-08-18T02:18:22Z,,,,,,,,,,,,,,
spotify:track:3mRM4NM8iO7UBqrSigCQFH,"Stayin' Alive - From ""Saturday Night Fever"" Soundtrack",Greatest,Bee Gees,1979-01-01,285373,80,False,,2024-08-18T02:14:26Z,,,,,,,,,,,,,,
spotify:track:1Krtfh550kyhfWPcRp6SnD,Overkill,Overkill (Deluxe Edition),Motörhead,1979-03-24,313520,0,False,,2024-08-18T02:12:51Z,,,,,,,,,,,,,,
spotify:track:7ChRGXHb05yIp1Sc43d37Z,Love Gun,Love Gun (Remastered Version),KISS,1977-06-30,198560,0,False,,2024-08-18T02:12:38Z,,,,,,,,,,,,,,
spotify:track:3KhF2YiNpJvGpfiCW45R6D,Runnin' with the Devil - 2015 Remaster,Van Halen (Remastered),Van Halen,1978-02-10,214960,67,False,,2024-08-18T02:12:29Z,,,,,,,,,,,,,,
spotify:track:0BRHnOFm6sjxN1i9LJrUDu,The Anthem,The Young and The Hopeless,Good Charlotte,2002-10-04,175093,74,False,,2024-08-18T02:11:42Z,,,,,,,,,,,,,,
spotify:track:5XMjXjwCkJVmk0AHm7z8IV,Jerk It Out,Love For The Streets,Caesars,2002,195666,71,False,,2024-08-18T02:11:29Z,,,,,,,,,,,,,,
spotify:track:0ikz6tENMONtK6qGkOrU3c,Wake Me Up Before You Go-Go,Make It Big,Wham!,1984-10-23,231333,80,False,,2024-08-18T02:04:21Z,,,,,,,,,,,,,,
spotify:track:3kXoKlD84c6OmIcOLfrfEs,September,September (sped up + slowed),"Earth, Wind & Fire",1978-11-18,216022,83,False,,2024-08-18T02:04:17Z,,,,,,,,,,,,,,
spotify:track:4TIJ7zSBNejpoIPaWpWRKc,Rebel Yell,Rebel Yell,Billy Idol,1983-11-01,288533,77,False,,2024-08-17T18:57:39Z,,,,,,,,,,,,,,
spotify:track:5p3JunprHCxClJjOmcLV8G,Walk On the Wild Side,Transformer,Lou Reed,1972-12-01,255875,71,False,,2024-08-17T18:56:52Z,,,,,,,,,,,,,,
spotify:track:51TG9W3y9qyO8BY5RXKgnZ,Symphony Of Destruction,Countdown To Extinction (Expanded Edition - Remastered),Megadeth,1992-07-14,246733,67,False,,2024-08-17T18:53:03Z,,,,,,,,,,,,,,
spotify:track:2c1ccPqUnFYD8W7LY65bKG,Black Night - 1995 Remaster,Deep Purple in Rock (Anniversary Edition),Deep Purple,1970-06-03,209400,60,False,,2024-08-17T18:51:34Z,,,,,,,,,,,,,,
spotify:track:4iJyoBOLtHqaGxP12qzhQI,Peaches (feat. Daniel Caesar & Giveon),Justice,"Justin Bieber, Daniel Caesar, GIVĒON",2021-03-19,198081,81,True,,2024-08-16T18:05:54Z,,,,,,,,,,,,,,
spotify:track:0k664IuFwVP557Gnx7RhIl,Juice,Cuz I Love You,Lizzo,2019-04-19,195144,66,True,,2024-08-16T18:05:48Z,,,,,,,,,,,,,,
spotify:track:2Oycxb8QbPkpHTo8ZrmG0B,Prisoner (feat. Dua Lipa),Plastic Hearts,"Miley Cyrus, Dua Lipa",2020-11-27,169338,71,False,,2024-08-16T18:05:42Z,,,,,,,,,,,,,,
spotify:track:3PfIrDoz19wz7qK7tYeu62,Don't Start Now,Future Nostalgia,Dua Lipa,2020-03-27,183290,83,False,,2024-08-16T18:05:36Z,,,,,,,,,,,,,,
spotify:track:3KfbEIOC7YIv90FIfNSZpo,In My Life - Remastered 2009,Rubber Soul (Remastered 2009),The Beatles,1965-12-03,146333,78,False,,2024-08-16T18:03:47Z,,,,,,,,,,,,,,
spotify:track:5B5eTk7DF8KVp1zpQoY1XY,The Reason,The Reason (20th Anniversary),Hoobastank,2024-01-12,232800,84,False,,2024-08-16T17:55:54Z,,,,,,,,,,,,,,
spotify:track:1HNE2PX70ztbEl6MLxrpNL,In Too Deep,"All Killer, No Filler",Sum 41,2001-01-01,207093,76,False,,2024-08-16T17:55:43Z,,,,,,,,,,,,,,
spotify:track:6dmueYtoihUhlQZlImBCmm,Creep - 2017 Remaster,Core (Super Deluxe Edition),Stone Temple Pilots,1992-09-29,334386,72,False,,2024-08-16T17:54:32Z,,,,,,,,,,,,,,
spotify:track:1UMdbkqX19OiwfExH7gzYA,Through The Fire And Flames,Inhuman Rampage,DragonForce,2006-09-01,439120,67,False,,2024-08-16T17:54:21Z,,,,,,,,,,,,,,
spotify:track:26fZwf1ImE4aUJ4XaqOkUg,No One Like You,Blackout,Scorpions,1982-04-10,237466,71,False,,2024-08-16T17:52:01Z,,,,,,,,,,,,,,
spotify:track:2WL6GQzPuK9Nrpy9XwNEbz,Something In The Way - Remastered,Nevermind (30th Anniversary Super Deluxe),Nirvana,1991-09-24,232203,46,False,,2024-08-16T17:51:56Z,,,,,,,,,,,,,,
spotify:track:1raaNykBg1bDnWENUiglUA,Break My Heart,Break My Heart,Dua Lipa,2020-03-25,221820,59,False,,2024-08-16T17:51:24Z,,,,,,,,,,,,,,
spotify:track:3w6URtAxoSs2JAw9PvYhbH,Love Removal Machine,Electric,The Cult,1987,257440,0,False,,2024-08-16T17:51:13Z,,,,,,,,,,,,,,
spotify:track:5SZ6zX4rOrEQferfFC2MfP,Walk This Way,Toys In The Attic,Aerosmith,1975-04-08,220400,7,False,,2024-08-16T17:51:08Z,,,,,,,,,,,,,,
spotify:track:2kN05N1AQQplsgFweFAqYb,These Days,Wasting Light,Foo Fighters,2011-04-12,297971,64,False,,2024-08-16T17:50:55Z,,,,,,,,,,,,,,
spotify:track:0ElAcOj8tudMA6X6KZ7SMO,Children of the Grave - 2009 Remaster,Master of Reality,Black Sabbath,1971-07-21,315893,67,False,,2024-08-16T17:40:29Z,,,,,,,,,,,,,,
spotify:track:5NTZM8YYeKM2YsGSffVIge,Loser,Mellow Gold,Beck,1994-03-01,235000,68,False,,2024-08-09T23:15:23Z,,,,,,,,,,,,,,
spotify:track:28heol5hhOGj6KYbJrRteJ,I Don’t Know Why,Evolve,Imagine Dragons,2017-06-23,190120,61,False,,2024-08-09T23:15:14Z,,,,,,,,,,,,,,
spotify:track:0uco0wQkB909zpPlHvu5Cc,Bold as Love,Axis: Bold As Love,Jimi Hendrix,1967-12-01,251013,54,False,,2024-08-09T23:14:57Z,,,,,,,,,,,,,,
spotify:track:4NnWuGQujzWUEg0uZokO5M,Just Like Heaven - Remastered 2006,Kiss Me Kiss Me Kiss Me (Remastered 2006),The Cure,1987-01-01,212013,77,False,,2024-08-09T23:00:58Z,,,,,,,,,,,,,,
spotify:track:1jF5Id0OPFU1Mae8BEUF5u,Youth Gone Wild,Skid Row,Skid Row,1989-01-24,198906,1,False,,2024-08-09T17:35:11Z,,,,,,,,,,,,,,
spotify:track:6xMHglHoafdDFGXS6qfwSH,Hot Blooded,Double Vision (Expanded),Foreigner,1978,268693,66,False,,2024-08-09T17:35:08Z,,,,,,,,,,,,,,
spotify:track:7AtwQRLPdttsxcLM5tPL0t,Still of the Night - 2018 Remaster,Whitesnake (2018 Remaster),Whitesnake,1987,397768,63,False,,2024-08-09T17:26:54Z,,,,,,,,,,,,,,
spotify:track:1Z6lKdYhwp8WYoBqGCKxlM,Unskinny Bop,Flesh & Blood,Poison,1990,228066,61,False,,2024-08-09T17:26:53Z,,,,,,,,,,,,,,
spotify:track:37gG4GPeTRPKKdXYx3zTRC,Song For The Dead,Songs For The Deaf,Queens of the Stone Age,2002-01-01,352453,64,True,,2024-08-06T19:23:42Z,,,,,,,,,,,,,,
spotify:track:53jhILFzXhKPHAfsLoLUwA,Just Got Paid,Rio Grande Mud,ZZ Top,1972-04-04,267480,58,False,,2024-07-28T20:35:49Z,,,,,,,,,,,,,,
spotify:track:7L3b6iaVhDVjfo52Hbvh9Z,Edge of Seventeen - 2016 Remaster,Bella Donna (2016 Remastered),Stevie Nicks,1981-07-27,329413,76,False,,2024-07-26T14:33:35Z,,,,,,,,,,,,,,
spotify:track:5piJiL6aRhvrKBa9YuEfS9,Peace Frog,Morrison Hotel,The Doors,1970-02-09,170132,66,False,,2024-07-13T17:00:11Z,,,,,,,,,,,,,,
spotify:track:2f0P7iELCvAlV8j6Z3rGDE,Stranglehold,Ted Nugent,Ted Nugent,1975,503066,64,False,,2024-07-13T16:59:37Z,,,,,,,,,,,,,,
spotify:track:4Q9WS9ARvL7rkokSbnhM96,Detroit Rock City,Double Platinum,KISS,1978-04-02,215933,70,False,,2024-07-13T16:55:57Z,,,,,,,,,,,,,,
spotify:track:6lFZbCc7pn6Lme1NP7qQqQ,You Can't Always Get What You Want,Let It Bleed,The Rolling Stones,1969-12-05,448720,69,False,,2024-07-13T16:55:44Z,,,,,,,,,,,,,,
spotify:track:0cJPLFrlV7TTCyPLupHzcH,Won't Get Fooled Again - Original Album Version,Who's Next (Deluxe Edition),The Who,1971-08-14,511400,65,False,,2024-07-13T16:41:43Z,,,,,,,,,,,,,,
spotify:track:55WrYzR1SHfXeeU6DJbk3Y,Tush (2006 Remaster),Fandango! (Expanded 2006 Remaster),ZZ Top,1975-04-18,133973,67,False,,2024-07-13T16:32:04Z,,,,,,,,,,,,,,
spotify:track:1hIQPCM3oWXrpnXmgTDaKG,Can't You Hear Me Knocking - 2009 Mix,Sticky Fingers (Remastered),The Rolling Stones,1971-04-23,436000,65,False,,2024-07-13T16:32:02Z,,,,,,,,,,,,,,
spotify:track:11DjZQEZ69EXLo77HVj6yW,Green River,Green River (Expanded Edition),Creedence Clearwater Revival,1969-08-03,154120,74,False,,2024-07-13T16:31:58Z,,,,,,,,,,,,,,
spotify:track:1J5XEPamp7iQaCU0aFuMnd,Long Cool Woman (In a Black Dress) - 1999 Remaster,Distant Light (Expanded Edition),The Hollies,1971-10-01,199200,80,False,,2024-07-13T16:31:53Z,,,,,,,,,,,,,,
spotify:track:05f8Hg3RSfiPSCBQOtxl3i,When the Levee Breaks - Remaster,Led Zeppelin IV (Deluxe Edition),Led Zeppelin,1971-11-08,428851,67,False,,2024-07-13T16:31:44Z,,,,,,,,,,,,,,
spotify:track:4f3RDq9nYPBeR1yMSgnmBm,You've Got Another Thing Coming,Screaming For Vengeance (Expanded Edition),Judas Priest,1982,310080,66,False,,2024-07-13T16:31:40Z,,,,,,,,,,,,,,
spotify:track:77oU2rjC5XbjQfNe3bD6so,Beast Of Burden - Remastered 1994,Some Girls,The Rolling Stones,1978-06-09,265173,76,False,,2024-07-13T16:31:38Z,,,,,,,,,,,,,,
spotify:track:3hJLKtTpgct9Y9wKww0BiR,Miss You - Remastered,Some Girls,The Rolling Stones,1978-06-09,288666,75,False,,2024-07-13T16:31:27Z,,,,,,,,,,,,,,
spotify:track:4WG7Z3bNM3iE4vCYcXsxNx,Cult of Personality (2023 Remaster),Vivid (2023 Remaster),Living Colour,1988-05-02,294532,68,False,,2024-07-13T16:31:24Z,,,,,,,,,,,,,,
spotify:track:5uvosCdMlFdTXhoazkTI5R,Light My Fire,The Doors,The Doors,1967-01-04,429760,71,False,,2024-07-13T16:31:23Z,,,,,,,,,,,,,,
spotify:track:61UuPxxYUvacEH6SHIK3sU,Brown Sugar - Remastered 2009,Sticky Fingers (Remastered),The Rolling Stones,1971-04-23,228666,66,False,,2024-07-13T16:31:18Z,,,,,,,,,,,,,,
spotify:track:1FTSo4v6BOZH9QxKc3MbVM,Song 2 - 2012 Remaster,Blur (Special Edition),Blur,1997-02-10,121160,80,False,,2024-07-09T00:26:05Z,,,,,,,,,,,,,,
spotify:track:63OQupATfueTdZMWTxW03A,Karma Police,OK Computer,Radiohead,1997-05-28,264066,82,False,,2024-07-09T00:22:00Z,,,,,,,,,,,,,,
spotify:track:2AxCeJ6PSsBYiTckM0HLY7,Voodoo Child (Slight Return),Electric Ladyland,Jimi Hendrix,1968-10-25,313373,66,False,,2024-07-09T00:21:50Z,,,,,,,,,,,,,,
spotify:track:31AOj9sFz2gM0O3hMARRBx,Losing My Religion,Out Of Time (25th Anniversary Edition),R.E.M.,1991-03-12,268426,86,False,,2024-07-09T00:17:53Z,,,,,,,,,,,,,,
spotify:track:4KcH1ZRV2W1q7Flq0QqC76,Blitzkrieg Bop - 2016 Remaster,Ramones (40th Anniversary Deluxe Edition; 2016 Remaster),Ramones,1976-04-23,134466,71,False,,2024-07-09T00:15:23Z,,,,,,,,,,,,,,
spotify:track:4QlzkaRHtU8gAdwqjWmO8n,Friday I'm In Love,Wish,The Cure,1992-01-01,215160,79,False,,2024-07-09T00:13:55Z,,,,,,,,,,,,,,
spotify:track:2SHTKB8YYlawTGIuJ2b2ok,About A Girl,Bleach,Nirvana,1989-06-01,168428,77,False,,2024-07-09T00:13:49Z,,,,,,,,,,,,,,
spotify:track:3qLZ866ZfaK0B0R5FIqXLG,She Sells Sanctuary,Love,The Cult,1985-10-18,252533,70,False,,2024-07-09T00:13:40Z,,,,,,,,,,,,,,
spotify:track:0EYOdF5FCkgOJJla8DI2Md,B.Y.O.B.,Mezmerize,System Of A Down,2005-05-17,255466,80,True,,2024-07-09T00:13:20Z,,,,,,,,,,,,,,
spotify:track:1wo3UYTeizJHkwYIuLuBPF,Champagne Supernova - Remastered,(What's The Story) Morning Glory? [Remastered],Oasis,1995-10-02,451320,71,False,,2024-07-09T00:05:37Z,,,,,,,,,,,,,,
spotify:track:0psB5QzGb4653K0uaPgEyh,Suck My Kiss,Blood Sugar Sex Magik (Deluxe Edition),Red Hot Chili Peppers,1991-09-24,217133,65,True,,2024-07-08T23:55:36Z,,,,,,,,,,,,,,
spotify:track:3zpGIFghtnVlwMXWyKW474,Fire In The Sky,Shang-Chi and The Legend of The Ten Rings: The Album,Anderson .Paak,2021-09-03,201786,56,False,,2024-07-06T13:04:28Z,,,,,,,,,,,,,,
spotify:track:63T7DJ1AFDD6Bn8VzG6JE8,"Paint It, Black",Aftermath,The Rolling Stones,1966-04-15,202266,83,False,,2024-06-24T22:37:45Z,,,,,,,,,,,,,,
spotify:track:40riOy7x9W7GXjyGp4pjAv,Hotel California - 2013 Remaster,Hotel California (2013 Remaster),Eagles,1976-12-08,391376,85,False,,2024-06-24T22:31:03Z,,,,,,,,,,,,,,
spotify:track:7Dm3dV3WPNdTgxoNY7YFnc,The Chain - 2004 Remaster,Rumours,Fleetwood Mac,1977-02-04,269813,64,False,,2024-06-24T22:30:28Z,,,,,,,,,,,,,,
spotify:track:2EqlS6tkEnglzr7tkKAAYD,Come Together - Remastered 2009,Abbey Road (Remastered),The Beatles,1969-09-26,259946,78,False,,2024-06-24T22:30:24Z,,,,,,,,,,,,,,
spotify:track:5HNCy40Ni5BZJFw1TKzRsC,Comfortably Numb,The Wall,Pink Floyd,1979-11-30,382280,81,False,,2024-06-24T22:30:22Z,,,,,,,,,,,,,,
spotify:track:5WyuRWUcOOhAic0tj9Pl28,Satellite of Love,Transformer,Lou Reed,1972-12-01,222517,56,False,,2024-06-24T22:26:04Z,,,,,,,,,,,,,,
spotify:track:2MuWTIM3b0YEAskbeeFE1i,Master Of Puppets,Master Of Puppets (Remastered),Metallica,1986-03-03,515386,81,False,,2024-06-24T22:17:09Z,,,,,,,,,,,,,,
spotify:track:6JvEXmRh3l2acBzvqavgT9,Love Spreads,Second Coming,The Stone Roses,1994-12-05,347093,61,False,,2024-06-24T22:17:04Z,,,,,,,,,,,,,,
spotify:track:7pu8AhGUxHZSCWTkQ2eb5M,Bad Reputation,Bad Reputation (Expanded Edition),Joan Jett & the Blackhearts,1981-01-23,169186,69,False,,2024-06-24T22:16:59Z,,,,,,,,,,,,,,
spotify:track:3mqRLlD9j92BBv1ueFhJ1l,Parklife,Blur: The Best Of,Blur,2000-10-23,187040,58,False,,2024-06-24T22:16:40Z,,,,,,,,,,,,,,
spotify:track:5TDZyWDfbQFQJabbPwImVY,Dreams - 2004 Remaster,Rumours,Fleetwood Mac,1977-02-04,257800,65,False,,2024-06-24T22:16:35Z,,,,,,,,,,,,,,
spotify:track:3X6iIrFuQoCshIWBseEKPl,American Woman,5,Lenny Kravitz,1998-05-12,264560,66,False,,2024-06-24T22:16:31Z,,,,,,,,,,,,,,
spotify:track:2UKARCqDrhkYDoVR4FN5Wi,Plug in Baby,Origin of Symmetry,Muse,2001,218000,70,False,,2024-06-24T22:16:25Z,,,,,,,,,,,,,,
spotify:track:05oETzWbd4SI33qK2gbJfR,Rhiannon,Fleetwood Mac,Fleetwood Mac,1975-07-11,252773,79,False,,2024-06-24T22:16:12Z,,,,,,,,,,,,,,
spotify:track:5FZxsHWIvUsmSK1IAvm2pp,Best of You,In Your Honor,Foo Fighters,2005-06-14,255261,76,False,,2024-06-24T22:09:31Z,,,,,,,,,,,,,,
spotify:track:5CeL9C3bsoe4yzYS1Qz8cw,Girls & Boys,Blur: The Best Of,Blur,2000-10-23,259385,71,False,,2024-06-24T22:04:54Z,,,,,,,,,,,,,,
spotify:track:07GvNcU1WdyZJq3XxP0kZa,Go Your Own Way - 2004 Remaster,Rumours,Fleetwood Mac,1977-02-04,223613,82,False,,2024-06-24T22:01:05Z,,,,,,,,,,,,,,
spotify:track:0nOF9ewQlwzVU0qKPR2DTq,Live Forever - Remastered,Definitely Maybe (Remastered),Oasis,1994-08-29,276666,53,False,,2024-06-24T22:01:02Z,,,,,,,,,,,,,,
spotify:track:3C7tm62iWcPuIbZRUp5AZU,Wild Side - 2021- Remaster,"Girls, Girls, Girls (40th Anniversary)",Mötley Crüe,1987-05-15,281666,0,False,,2024-06-24T21:58:23Z,,,,,,,,,,,,,,
spotify:track:2SrVGpjv0mqCR6j9EZPSm2,2 Minutes to Midnight - 2015 Remaster,Powerslave (2015 Remaster),Iron Maiden,1984,363586,66,False,,2024-06-24T21:45:05Z,,,,,,,,,,,,,,
spotify:track:4A065x9kJt955eGVqf813g,Them Bones (2022 Remaster),Dirt (2022 Remaster),Alice In Chains,1992-09-29,149466,73,False,,2024-06-24T21:44:54Z,,,,,,,,,,,,,,
spotify:track:788cNfvhhitTb5T8GORmqj,The Seeker - Original Single A-Side Mix,Who’s Next : Life House (Super Deluxe),The Who,2023-09-15,192493,58,False,,2024-06-22T16:09:28Z,,,,,,,,,,,,,,
spotify:track:5dAxeuDkIkpa6wZpMOuG9i,I Fought the Law,The Cost of Living - EP,The Clash,2013,163240,61,False,,2024-06-22T16:09:24Z,,,,,,,,,,,,,,
spotify:track:0UCg6lnG2MXpuEpf8Pk1MV,Strutter,Kiss,KISS,1974-02-18,190866,62,False,,2024-06-22T16:09:22Z,,,,,,,,,,,,,,
spotify:track:0upLyFR8Rr52ZpMp5esQoq,You Really Got Me - 2015 Remaster,Van Halen (Remastered),Van Halen,1978-02-10,156146,68,False,,2024-06-22T16:05:11Z,,,,,,,,,,,,,,
spotify:track:5EWPGh7jbTNO2wakv8LjUI,Free Bird,Pronounced' Leh-'Nerd 'Skin-'Nerd,Lynyrd Skynyrd,1973-01-01,547106,79,False,,2024-06-22T15:55:56Z,,,,,,,,,,,,,,
spotify:track:3TO7bbrUKrOSPGRTB5MeCz,Time,The Dark Side of the Moon,Pink Floyd,1973-03-01,422853,77,False,,2024-06-22T15:55:53Z,,,,,,,,,,,,,,
spotify:track:4mn2kNTqiGLwaUR8JdhJ1l,House of the Rising Sun,The Singles Plus,The Animals,1987-10-19,269906,80,False,,2024-06-22T15:55:46Z,,,,,,,,,,,,,,
spotify:track:3MODES4TNtygekLl146Dxd,Ramble On - 1990 Remaster,Led Zeppelin II (1994 Remaster),Led Zeppelin,1969-10-22,263333,70,False,,2024-06-22T15:55:36Z,,,,,,,,,,,,,,
spotify:track:0u6JFVn0KHHlidZxNL9gVE,La Grange (2005 Remaster),Tres Hombres (Expanded 2006 Remaster),ZZ Top,1973-07-26,230480,79,False,,2024-06-22T15:51:39Z,,,,,,,,,,,,,,
spotify:track:6UelLqGlWMcVH1E5c4H7lY,Watermelon Sugar,Fine Line,Harry Styles,2019-12-13,173991,84,False,,2024-06-19T02:36:39Z,,,,,,,,,,,,,,
spotify:track:1Ic9pKxGSJGM0LKeqf6lGe,All Apologies,In Utero,Nirvana,1993-09-21,233173,76,False,,2024-06-19T02:36:27Z,,,,,,,,,,,,,,
spotify:track:37ZJ0p5Jm13JPevGcx4SkF,Livin' On A Prayer,Slippery When Wet,Bon Jovi,1986-08-16,249293,81,False,,2024-06-19T02:36:21Z,,,,,,,,,,,,,,
spotify:track:2Xdc6qyaFBJZ8QW1KhpVci,Soul Kitchen,The Doors,The Doors,1967-01-04,213000,67,False,,2024-06-19T02:14:05Z,,,,,,,,,,,,,,
spotify:track:49C6EGQhCUSgyADHYvJ7ez,Living Loving Maid (She's Just a Woman) - Remaster,Led Zeppelin II (Remaster),Led Zeppelin,1969-10-22,159300,55,False,,2024-06-16T18:05:01Z,,,,,,,,,,,,,,
spotify:track:4OMu5a8sFpcRCPCcsoEaov,Babe I'm Gonna Leave You - 1990 Remaster,Led Zeppelin,Led Zeppelin,1969-01-12,401066,66,False,,2024-06-16T17:45:30Z,,,,,,,,,,,,,,
spotify:track:6M5m8gfTj3rhYEPDzLmdL4,Ten Years Gone - Remaster,Physical Graffiti (Deluxe Edition),Led Zeppelin,1975-02-24,394920,59,False,,2024-06-16T17:44:58Z,,,,,,,,,,,,,,
spotify:track:6LbbHFEajG9e4m0G3L47c4,Pinball Wizard,Tommy,The Who,1969-05-23,180943,65,False,,2024-06-16T17:44:46Z,,,,,,,,,,,,,,
spotify:track:5G7uLHtoEW140QOcBpJlfz,What Is and What Should Never Be - 1990 Remaster,Led Zeppelin II (1994 Remaster),Led Zeppelin,1969-10-22,283973,56,False,,2024-06-16T17:36:41Z,,,,,,,,,,,,,,
spotify:track:0LrwgdLsFaWh9VXIjBRe8t,Changes - 2015 Remaster,Hunky Dory (2015 Remaster),David Bowie,1971-12-17,217746,69,False,,2024-06-16T17:36:30Z,,,,,,,,,,,,,,
spotify:track:1n7xFAY4xoPeqRvrkzAtsw,Good Old-Fashioned Lover Boy - Remastered 2011,A Day At The Races (Deluxe Edition 2011 Remaster),Queen,1976-12-10,173173,69,False,,2024-06-11T20:10:26Z,,,,,,,,,,,,,,
spotify:track:14xj58ZexBaEaHARb11Cqs,Lucky,OK Computer,Radiohead,1997-05-28,258813,68,False,,2024-05-30T19:22:21Z,,,,,,,,,,,,,,
spotify:track:0jyikFM0Umv0KlnrOEKtTG,My Iron Lung,The Bends,Radiohead,1995-03-13,276426,68,False,,2024-05-30T19:21:46Z,,,,,,,,,,,,,,
spotify:track:4BVE5tIIpYabZcYCbephNW,Touch Me,The Soft Parade,The Doors,1969-07-21,190253,66,False,,2024-05-30T19:21:29Z,,,,,,,,,,,,,,
spotify:track:7Jh1bpe76CNTCgdgAdBw4Z,"""Heroes"" - 2017 Remaster","""Heroes"" (2017 Remaster)",David Bowie,1977,371413,77,False,,2024-05-30T19:20:14Z,,,,,,,,,,,,,,
spotify:track:5H6Jp0syB5yEPk7SWYdlmk,The Wind Cries Mary,Are You Experienced,Jimi Hendrix,1967-05-12,200733,61,False,,2024-05-30T19:20:11Z,,,,,,,,,,,,,,
spotify:track:4vhVDkSx9RSb2k6mWFMYNI,You're My Best Friend - Remastered 2011,A Night At The Opera (2011 Remaster),Queen,1975-11-21,170786,67,False,,2024-05-30T19:03:42Z,,,,,,,,,,,,,,
spotify:track:3EYOJ48Et32uATr9ZmLnAo,Roxanne,Outlandos D'Amour (Remastered 2003),The Police,1978-11-02,191946,80,False,,2024-05-30T19:03:39Z,,,,,,,,,,,,,,
spotify:track:1ntxpzIUbSsizvuAy6lTYY,Crosstown Traffic,Electric Ladyland,Jimi Hendrix,1968-10-25,146573,59,False,,2024-05-30T19:03:35Z,,,,,,,,,,,,,,
spotify:track:3ZE3wv8V3w2T2f7nOCjV0N,Life on Mars? - 2015 Remaster,Hunky Dory (2015 Remaster),David Bowie,1971-12-17,235986,71,False,,2024-05-30T19:02:36Z,,,,,,,,,,,,,,
spotify:track:44wXefe8WB9Fd6xwtmAwbR,Monkey Wrench,The Colour And The Shape,Foo Fighters,1997-05-20,231480,68,False,,2024-05-23T21:02:04Z,,,,,,,,,,,,,,
spotify:track:1Eolhana7nKHYpcYpdVcT5,Little Wing,Axis: Bold As Love,Jimi Hendrix,1967-12-01,145746,68,False,,2024-05-23T02:49:34Z,,,,,,,,,,,,,,
spotify:track:6pb5BBnIM5IM7R1cqag6rE,Big Me,Foo Fighters,Foo Fighters,1995-07-04,132840,62,False,,2024-05-23T02:49:25Z,,,,,,,,,,,,,,
spotify:track:1G391cbiT3v3Cywg8T7DM1,Scar Tissue,Californication (Deluxe Edition),Red Hot Chili Peppers,1999-06-08,215906,86,False,,2024-05-23T02:49:22Z,,,,,,,,,,,,,,
spotify:track:2EoOZnxNgtmZaD8uUmz2nD,Black Hole Sun,Superunknown (Deluxe Edition),Soundgarden,1994-03-09,318586,82,False,,2024-05-23T02:49:11Z,,,,,,,,,,,,,,
spotify:track:7x8dCjCr0x6x2lXKujYD34,The Pretender,"Echoes, Silence, Patience & Grace",Foo Fighters,2007-09-25,269306,79,False,,2024-05-23T02:49:08Z,,,,,,,,,,,,,,
spotify:track:1SDiiE3v2z89VxC3aVRKHQ,Since I've Been Loving You - Remaster,Led Zeppelin III (Remaster),Led Zeppelin,1970,444148,66,False,,2024-05-23T02:48:58Z,,,,,,,,,,,,,,
spotify:track:7kzKAuUzOITUauHAhoMoxA,Last Nite,Is This It,The Strokes,2001-07-30,193506,74,False,,2024-05-23T02:48:49Z,,,,,,,,,,,,,,
spotify:track:3qT4bUD1MaWpGrTwcvguhb,Black Dog - Remaster,Led Zeppelin IV (Deluxe Edition),Led Zeppelin,1971-11-08,295386,72,False,,2024-05-23T02:48:43Z,,,,,,,,,,,,,,
spotify:track:4dVbhS6OiYvFikshyaQaCN,My Hero,The Colour And The Shape,Foo Fighters,1997-05-20,260026,77,False,,2024-05-23T02:48:39Z,,,,,,,,,,,,,,
spotify:track:4LJhJ6DQS7NwE7UKtvcM52,What's My Age Again?,Enema Of The State,blink-182,1999-06-01,148360,78,True,,2024-05-23T02:48:32Z,,,,,,,,,,,,,,
spotify:track:0bHD1nLe7Nhw55ZGJ92332,Bridge Burning,Wasting Light,Foo Fighters,2011-04-12,285825,56,False,,2024-05-13T19:43:25Z,,,,,,,,,,,,,,
spotify:track:5OcyX5eg7VrJuI833qOCUc,The Payback,The Payback,James Brown,1973-12-01,459893,59,False,,2024-05-02T20:06:00Z,,,,,,,,,,,,,,
spotify:track:6Bne501HS96nEeNq8Gn87R,Get Up I Feel Like Being A Sex Machine - Pt. 1 / Single Version,The 50th Anniversary Collection,James Brown,2003-01-01,170506,54,False,,2024-05-02T19:57:12Z,,,,,,,,,,,,,,
spotify:track:0SssEf0vqdVTYLPjgC187j,"Sail Away Sweet Sister - Live In Las Vegas, Thomas & Mack Center - January 25, 1992",Use Your Illusion (Super Deluxe),Guns N' Roses,2022-11-11,108800,42,False,,2024-05-02T00:47:30Z,,,,,,,,,,,,,,
spotify:track:5pxwBcIYQRr01zL7Ya4SX7,"Voodoo Child (Slight Return) / Civil War - Live In New York, Ritz Theatre - May 16, 1991",Use Your Illusion (Super Deluxe),Guns N' Roses,2022-11-11,529506,44,True,,2024-05-02T00:47:28Z,,,,,,,,,,,,,,
spotify:track:7n7YoJuPdy7NuEISVF1sJK,Move To The City - Live,Appetite For Destruction (Super Deluxe Edition),Guns N' Roses,1987-07-21,214240,44,False,,2024-05-02T00:47:26Z,,,,,,,,,,,,,,
spotify:track:6duHxAfKPYnrvkjVBcBklR,"Wild Horses - Live In Las Vegas, Thomas & Mack Center - January 25, 1992",Use Your Illusion (Super Deluxe),Guns N' Roses,2022-11-11,202000,43,False,,2024-05-02T00:47:25Z,,,,,,,,,,,,,,
spotify:track:0iLV9SuiXvAf7QI1LIHybg,Reckless Life - Live,Appetite For Destruction (Super Deluxe Edition),Guns N' Roses,1987-07-21,201613,44,True,,2024-05-02T00:47:21Z,,,,,,,,,,,,,,
spotify:track:4g9TfQAiEN6lDNRJJsiU9T,Sorry,Chinese Democracy,Guns N' Roses,2008-11-23,374186,50,False,,2024-05-02T00:47:15Z,,,,,,,,,,,,,,
spotify:track:6SUUNSpCeHB0jKEGfmOSYn,Nice Boys - Live,Appetite For Destruction (Super Deluxe Edition),Guns N' Roses,1987-07-21,182586,43,False,,2024-05-02T00:47:14Z,,,,,,,,,,,,,,
spotify:track:7hNhaEqwJCmd4nizXsqtLX,It's Alright - Live In Houston / 1992,Live Era '87-'93,Guns N' Roses,1999-11-23,187333,46,False,,2024-05-02T00:47:12Z,,,,,,,,,,,,,,
spotify:track:0S9eOzGwLHUwmjYvB5jG4x,Shackler's Revenge,Chinese Democracy,Guns N' Roses,2008-11-23,216600,47,False,,2024-05-02T00:47:10Z,,,,,,,,,,,,,,
spotify:track:2PrmCyoClC4ulLJR42z74O,There Was A Time,Chinese Democracy,Guns N' Roses,2008-11-23,400693,51,False,,2024-05-02T00:47:05Z,,,,,,,,,,,,,,
spotify:track:0zoK1L5JxJbyk7T2nw367B,Chinese Democracy,Chinese Democracy,Guns N' Roses,2008-11-23,283213,56,False,,2024-05-02T00:47:01Z,,,,,,,,,,,,,,
spotify:track:693Vu2TytCbonbTu9qQ8M3,One In A Million,G N' R Lies,Guns N' Roses,1988-11-29,368600,51,True,,2024-05-02T00:46:59Z,,,,,,,,,,,,,,
spotify:track:4InpYF6IH5bhuHwG0R0faj,Sympathy For The Devil,Greatest Hits,Guns N' Roses,2020-08-28,455560,58,False,,2024-05-02T00:46:54Z,,,,,,,,,,,,,,
spotify:track:3nW5v0Htr1ySk8czTJIA2V,Better,Chinese Democracy,Guns N' Roses,2008-11-23,297226,59,False,,2024-05-02T00:46:53Z,,,,,,,,,,,,,,
spotify:track:3s03nrUInN3NAVjQtmnS0O,Estranged,Use Your Illusion II,Guns N' Roses,1991-09-18,563893,70,False,,2024-05-02T00:46:51Z,,,,,,,,,,,,,,
spotify:track:2FEWcWHnDmGD6WSqpW4VYu,This I Love,Chinese Democracy,Guns N' Roses,2008-11-23,334373,68,False,,2024-05-02T00:46:43Z,,,,,,,,,,,,,,
spotify:track:0rFWuqFgHAfuzE8uSB9TWR,Live And Let Die,Use Your Illusion I,Guns N' Roses,1991-09-17,182733,73,False,,2024-05-02T00:46:40Z,,,,,,,,,,,,,,
spotify:track:1OEoNpiyqBghuEUaT6Je6U,Patience,Appetite For Destruction (Super Deluxe Edition),Guns N' Roses,1987-07-21,354880,75,True,,2024-05-02T00:46:34Z,,,,,,,,,,,,,,
spotify:track:1Ud6moTC0KyXMq1Oxfien0,Sympathy For The Devil - 50th Anniversary Edition,Beggars Banquet (50th Anniversary Edition),The Rolling Stones,1968-12-06,378146,73,False,,2024-05-02T00:36:09Z,,,,,,,,,,,,,,
spotify:track:11LmqTE2naFULdEP94AUBa,Heart-Shaped Box,In Utero (Deluxe Edition),Nirvana,1993-09-21,281160,82,False,,2024-05-02T00:35:53Z,,,,,,,,,,,,,,
spotify:track:78YJJJH55MSyk7547100sW,The Day I Tried To Live,Superunknown (Deluxe Edition),Soundgarden,1994-03-09,320106,64,False,,2024-05-02T00:35:52Z,,,,,,,,,,,,,,
spotify:track:0bRNszTbTFLNlunAeh7eom,Sharp Dressed Man (2008 Remaster),Eliminator,ZZ Top,1983-03-23,258026,76,False,,2024-05-02T00:35:50Z,,,,,,,,,,,,,,
spotify:track:4ddA4oHvhrGx196qF5ZyQe,Blood Sugar Sex Magik,Blood Sugar Sex Magik (Deluxe Edition),Red Hot Chili Peppers,1991-09-24,271160,57,False,,2024-05-02T00:29:56Z,,,,,,,,,,,,,,
spotify:track:1wlKw9NAWVWpx7OIAyg9EA,Fell On Black Days,Superunknown (Deluxe Edition),Soundgarden,1994-03-09,283026,72,False,,2024-05-02T00:29:53Z,,,,,,,,,,,,,,
spotify:track:67q0QsfLcTa2SqhP2wQbia,Used To Love Her,Appetite For Destruction (Super Deluxe Edition),Guns N' Roses,1987-07-21,192666,63,True,,2024-05-02T00:29:50Z,,,,,,,,,,,,,,
spotify:track:1Se0r96r0gnqg67kJPmESc,Parallel Universe,Californication (Deluxe Edition),Red Hot Chili Peppers,1999-06-08,269360,68,False,,2024-05-02T00:29:47Z,,,,,,,,,,,,,,
spotify:track:3xGJuHvSxFJxxYlHj5BIoT,Young Lust,The Wall,Pink Floyd,1979-11-30,209786,72,False,,2024-05-02T00:29:42Z,,,,,,,,,,,,,,
spotify:track:0aGQHMr7bc23Y9Ts84ffop,Around the World,Californication (Deluxe Edition),Red Hot Chili Peppers,1999-06-08,238733,71,True,,2024-05-02T00:29:39Z,,,,,,,,,,,,,,
spotify:track:7HKez549fwJQDzx3zLjHKC,Start Me Up - Remastered 2009,Tattoo You (2009 Re-Mastered),The Rolling Stones,1981-08-24,213066,77,False,,2024-05-02T00:29:35Z,,,,,,,,,,,,,,
spotify:track:5Rizj5FLb2AyNKu9esjYY6,Rape Me,In Utero (Deluxe Edition),Nirvana,1993-09-21,170000,72,False,,2024-05-02T00:29:32Z,,,,,,,,,,,,,,
spotify:track:0vFOzaXqZHahrZp6enQwQb,Money,The Dark Side of the Moon,Pink Floyd,1973-03-01,380080,76,True,,2024-05-02T00:29:30Z,,,,,,,,,,,,,,
spotify:track:3439OLNIeD3y68kVuoZUO5,"Girls, Girls, Girls","Girls, Girls, Girls (Deluxe Version)",Mötley Crüe,1987-05-15,270533,72,False,,2024-05-02T00:24:50Z,,,,,,,,,,,,,,
spotify:track:4KfSdst7rW39C0sfhArdrz,Barracuda,Little Queen,Heart,1977-05-14,261495,74,False,,2024-05-02T00:24:49Z,,,,,,,,,,,,,,
spotify:track:7CBFRsUz1pz1cS12soVhih,Nightrain,Appetite For Destruction,Guns N' Roses,1987-07-21,268213,69,True,,2024-05-02T00:20:21Z,,,,,,,,,,,,,,
spotify:track:5JJDu0Z5DKe7mR31MGksSg,Come Out and Play,Smash,The Offspring,1994-04-08,197800,74,False,,2024-05-02T00:20:20Z,,,,,,,,,,,,,,
spotify:track:6QewNVIDKdSl8Y3ycuHIei,Even Flow,Ten,Pearl Jam,1991-08-27,292579,81,True,,2024-05-02T00:20:18Z,,,,,,,,,,,,,,
spotify:track:6ToM0uwxtPKo9CMpbPGYvM,Break on Through (To the Other Side),The Doors,The Doors,1967-01-04,145866,71,False,,2024-05-02T00:20:15Z,,,,,,,,,,,,,,
spotify:track:4wsQGsdf8D0Bj26cGdvreB,She,Dookie,Green Day,1994-02-01,134293,66,False,,2024-05-02T00:20:12Z,,,,,,,,,,,,,,
spotify:track:1NQPc9znr56Ci6f02HoLpg,My Michelle,Appetite For Destruction,Guns N' Roses,1987-07-21,219933,62,False,,2024-05-02T00:16:31Z,,,,,,,,,,,,,,
spotify:track:4JiEyzf0Md7KEFFGWDDdCr,Knockin' On Heaven's Door,Use Your Illusion II,Guns N' Roses,1991-09-18,336000,82,False,,2024-05-02T00:15:56Z,,,,,,,,,,,,,,
spotify:track:58YL9Jo1T0wyijCOZWRmyL,It's So Easy,Appetite For Destruction,Guns N' Roses,1987-07-21,202693,65,True,,2024-05-02T00:08:35Z,,,,,,,,,,,,,,
spotify:track:2374M0fQpWi3dLnB54qaLX,Africa,Toto IV,TOTO,1982-04-08,295282,87,False,,2024-05-02T00:08:33Z,,,,,,,,,,,,,,
spotify:track:65G4Ib3w7tgLjUkO5GseN0,Mr. Brownstone,Appetite For Destruction,Guns N' Roses,1987-07-21,228586,67,True,,2024-05-02T00:08:26Z,,,,,,,,,,,,,,
spotify:track:5GorCbAP4aL0EJ16frG2hd,Boulevard of Broken Dreams,Greatest Hits: God's Favorite Band,Green Day,2017-11-17,262333,73,True,,2024-05-02T00:08:20Z,,,,,,,,,,,,,,
spotify:track:5vHLwhxxlGzmClMcxRRFPr,Lithium,Nevermind (Remastered),Nirvana,1991-09-26,257053,75,False,,2024-05-02T00:08:15Z,,,,,,,,,,,,,,
spotify:track:4cIPLtg1avt2Jm3ne9S1zy,Killer Queen - Remastered 2011,Sheer Heart Attack (Deluxe Edition 2011 Remaster),Queen,1974-11-08,179600,75,False,,2024-05-02T00:08:11Z,,,,,,,,,,,,,,
spotify:track:08mG3Y1vljYA6bvDt4Wqkj,Back In Black,Back In Black,AC/DC,1980-07-25,256000,86,False,,2024-05-02T00:08:06Z,,,,,,,,,,,,,,
spotify:track:1QEEqeFIZktqIpPI4jSVSF,More Than a Feeling,Boston,Boston,1976,285133,80,False,,2024-05-02T00:08:04Z,,,,,,,,,,,,,,
spotify:track:2SiXAy7TuUkycRVbbWDEpo,You Shook Me All Night Long,Back In Black,AC/DC,1980-07-25,210328,83,False,,2024-05-02T00:07:55Z,,,,,,,,,,,,,,
spotify:track:35Aj3CGTmWkjGr4bjYmkk5,Dr. Feelgood - 2021- Remaster,Dr. Feelgood (40th Anniversary),Mötley Crüe,1989-09-01,289971,0,False,,2024-05-02T00:03:14Z,,,,,,,,,,,,,,
spotify:track:3gdewACMIVMEWVbyb8O9sY,"Rocket Man (I Think It's Going To Be A Long, Long Time)",Honky Chateau,Elton John,1972-05-19,281613,83,False,,2024-05-02T00:03:11Z,,,,,,,,,,,,,,
spotify:track:2zYzyRzz6pRmhPzyfMEC8s,Highway to Hell,Highway to Hell,AC/DC,1979-07-27,208110,87,False,,2024-05-02T00:03:06Z,,,,,,,,,,,,,,
spotify:track:3BovdzfaX4jb5KFQwoPfAw,Beat It,Thriller,Michael Jackson,1982-11-30,258296,83,False,,2024-05-02T00:03:04Z,,,,,,,,,,,,,,
spotify:track:65HA9FsYyA2xro9RzNlNmy,Kickstart My Heart,Dr. Feelgood,Mötley Crüe,1989-09-01,282653,6,False,,2024-05-02T00:02:54Z,,,,,,,,,,,,,,
spotify:track:0C80GCp0mMuBzLf3EAXqxv,Shoot to Thrill,Back In Black,AC/DC,1980-07-25,318231,76,False,,2024-05-02T00:02:52Z,,,,,,,,,,,,,,
spotify:track:3qebSLgUwaEqbwCM5sj5Kh,Castles Made of Sand,Axis: Bold As Love,Jimi Hendrix,1967-12-01,168920,59,False,,2024-05-02T00:02:43Z,,,,,,,,,,,,,,
spotify:track:58XWGx7KNNkKneHdprcprX,Rock You Like A Hurricane,Love At First Sting,Scorpions,1984-03-27,252493,73,False,,2024-05-02T00:02:42Z,,,,,,,,,,,,,,
spotify:track:0oerlffJSzhRVvtDfLcp3N,Wanted Dead Or Alive,Slippery When Wet,Bon Jovi,1986-08-16,308666,70,False,,2024-05-02T00:02:35Z,,,,,,,,,,,,,,
spotify:track:7nemcVsXVFZF01iqpIIo2Y,It's a Long Way to the Top (If You Wanna Rock 'N' Roll),High Voltage,AC/DC,1976-05-14,302430,74,False,,2024-05-02T00:02:32Z,,,,,,,,,,,,,,
spotify:track:14XWXWv5FoCbFzLksawpEe,Riders on the Storm,L.A. Woman,The Doors,1971-04-19,434720,74,False,,2024-05-02T00:02:30Z,,,,,,,,,,,,,,
spotify:track:6dNJ3lasVLPd0078T9yqlm,Joker And The Thief,Wolfmother,Wolfmother,2005-01-01,279666,62,False,,2024-05-02T00:02:28Z,,,,,,,,,,,,,,
spotify:track:1xsYj84j7hUDDnTTerGWlH,Dream On,Aerosmith,Aerosmith,1973-01-05,267596,84,False,,2024-05-02T00:02:26Z,,,,,,,,,,,,,,
spotify:track:6KTv0Z8BmVqM7DPxbGzpVC,Rock And Roll All Nite,Dressed To Kill,KISS,1975-03-19,168840,62,False,,2024-05-02T00:02:24Z,,,,,,,,,,,,,,
spotify:track:6Vjk8MNXpQpi0F4BefdTyq,Kashmir - Remaster,Physical Graffiti (Deluxe Edition),Led Zeppelin,1975-02-24,517125,72,False,,2024-05-02T00:02:23Z,,,,,,,,,,,,,,
spotify:track:1jMaB19DiVR8OihLSuYFOt,Spoonman,Superunknown (20th Anniversary),Soundgarden,1994-03-09,246920,68,False,,2024-05-02T00:02:20Z,,,,,,,,,,,,,,
spotify:track:4gMgiXfqyzZLMhsksGmbQV,"Another Brick in the Wall, Pt. 2",The Wall,Pink Floyd,1979-11-30,238946,82,False,,2024-05-02T00:02:15Z,,,,,,,,,,,,,,
spotify:track:73TxYZd0lBCVRrHawrAglA,Sweet Emotion,Toys In The Attic,Aerosmith,1975-04-08,274088,75,False,,2024-05-02T00:02:13Z,,,,,,,,,,,,,,
spotify:track:0NWPxcsf5vdjdiFUI8NgkP,Hey Joe,Are You Experienced,Jimi Hendrix,1967-05-12,210160,68,False,,2024-05-02T00:02:12Z,,,,,,,,,,,,,,
spotify:track:5CQ30WqJwcep0pYcV4AMNc,Stairway to Heaven - Remaster,Led Zeppelin IV (Deluxe Edition),Led Zeppelin,1971-11-08,482830,81,False,,2024-05-02T00:02:10Z,,,,,,,,,,,,,,
spotify:track:4gs07VlJST4bdxGbBsXVue,Heartbreak Warfare,Battle Studies,John Mayer,2009-11-13,269720,64,False,,2024-04-23T12:37:09Z,,,,,,,,,,,,,,
spotify:track:5DydMbw2U5Oh1OckJIsniN,All We Ever Do Is Say Goodbye,Battle Studies,John Mayer,2009-11-13,275266,49,False,,2024-04-23T12:37:09Z,,,,,,,,,,,,,,
spotify:track:7hR5toSPEgwFZ78jfHdANM,Half of My Heart,Battle Studies,John Mayer,2009-11-13,250373,64,False,,2024-04-23T12:37:09Z,,,,,,,,,,,,,,
spotify:track:0HLWvLKQWpFdPhgk6ym58n,Who Says,Battle Studies,John Mayer,2009-11-13,175480,59,False,,2024-04-23T12:37:09Z,,,,,,,,,,,,,,
spotify:track:42dbDZX9bsEGqMZWYmnR7J,Perfectly Lonely,Battle Studies,John Mayer,2009-11-13,268093,58,False,,2024-04-23T12:37:09Z,,,,,,,,,,,,,,
spotify:track:6OXt9aSIr4DSxSR3Qjrtgp,Assassin,Battle Studies,John Mayer,2009-11-13,314853,51,False,,2024-04-23T12:37:09Z,,,,,,,,,,,,,,
spotify:track:4WBmkMJyWubRXRLYk8t9SI,Crossroads,Battle Studies,John Mayer,2009-11-13,149386,48,False,,2024-04-23T12:37:09Z,,,,,,,,,,,,,,
spotify:track:1Jc3tGa11ITNgph0yewlqn,War of My Life,Battle Studies,John Mayer,2009-11-13,255120,49,False,,2024-04-23T12:37:09Z,,,,,,,,,,,,,,
spotify:track:5gbxzSqABThINGDb7vIiwe,Edge of Desire,Battle Studies,John Mayer,2009-11-13,332066,63,False,,2024-04-23T12:37:09Z,,,,,,,,,,,,,,
spotify:track:7BgGj9choLPeJJOflkaAhB,Do You Know Me,Battle Studies,John Mayer,2009-11-13,150320,44,False,,2024-04-23T12:37:09Z,,,,,,,,,,,,,,
spotify:track:1wkaoS4jTVXYMUWHKVFZTk,"Friends, Lovers or Nothing",Battle Studies,John Mayer,2009-11-13,359240,47,False,,2024-04-23T12:37:09Z,,,,,,,,,,,,,,
spotify:track:6krYS8KtmNAYyb5uTZiYW4,Dawn FM,Dawn FM,The Weeknd,2022-01-06,96240,55,False,,2024-04-23T12:36:48Z,,,,,,,,,,,,,,
spotify:track:3KyKxJ4P3pVCgaZwaq2rUC,Gasoline,Dawn FM,The Weeknd,2022-01-06,212165,68,False,,2024-04-23T12:36:48Z,,,,,,,,,,,,,,
spotify:track:2Ghp894n1laIf2w98VeAOJ,How Do I Make You Love Me?,Dawn FM,The Weeknd,2022-01-06,214214,67,False,,2024-04-23T12:36:48Z,,,,,,,,,,,,,,
spotify:track:2vgUijXOTRMnWXDtvgMp2b,Take My Breath,Dawn FM,The Weeknd,2022-01-06,339023,72,False,,2024-04-23T12:36:48Z,,,,,,,,,,,,,,
spotify:track:1nH2PkJL1XoUq8oE6tBZoU,Sacrifice,Dawn FM,The Weeknd,2022-01-06,188918,71,True,,2024-04-23T12:36:48Z,,,,,,,,,,,,,,
spotify:track:759ndr57jb0URg4j9YSWml,A Tale By Quincy,Dawn FM,The Weeknd,2022-01-06,96232,54,True,,2024-04-23T12:36:48Z,,,,,,,,,,,,,,
spotify:track:2SLwbpExuoBDZBpjfefCtV,Out of Time,Dawn FM,The Weeknd,2022-01-06,214193,77,False,,2024-04-23T12:36:48Z,,,,,,,,,,,,,,
spotify:track:1NhjYYcYTRywc0di98xHxf,"Here We Go… Again (feat. Tyler, the Creator)",Dawn FM,"The Weeknd, Tyler, The Creator",2022-01-06,209777,61,True,,2024-04-23T12:36:48Z,,,,,,,,,,,,,,
spotify:track:1E5Xu8dur0fAjSP1VpVhAZ,Best Friends,Dawn FM,The Weeknd,2022-01-06,163504,64,False,,2024-04-23T12:36:48Z,,,,,,,,,,,,,,
spotify:track:0mL82sxCRjrs3br407IdJh,Is There Someone Else?,Dawn FM,The Weeknd,2022-01-06,199111,82,False,,2024-04-23T12:36:48Z,,,,,,,,,,,,,,
spotify:track:6zzdyvVWjGrQBraSvuqJPY,Starry Eyes,Dawn FM,The Weeknd,2022-01-06,148000,64,False,,2024-04-23T12:36:48Z,,,,,,,,,,,,,,
spotify:track:3vJcz8exedHCjQ9ed95NqU,Every Angel is Terrifying,Dawn FM,The Weeknd,2022-01-06,167255,53,False,,2024-04-23T12:36:48Z,,,,,,,,,,,,,,
spotify:track:6a4GH1gljLL7VvmO9u5O92,Don’t Break My Heart,Dawn FM,The Weeknd,2022-01-06,205469,62,False,,2024-04-23T12:36:48Z,,,,,,,,,,,,,,
spotify:track:5XbA7TAqsD0fj0dGBrbb0D,I Heard You’re Married (feat. Lil Wayne),Dawn FM,"The Weeknd, Lil Wayne",2022-01-06,263641,60,True,,2024-04-23T12:36:48Z,,,,,,,,,,,,,,
spotify:track:2D4dV2KXDTszzJ3p3cFqhA,Less Than Zero,Dawn FM,The Weeknd,2022-01-06,211814,74,False,,2024-04-23T12:36:48Z,,,,,,,,,,,,,,
spotify:track:1NlK2NtpuUazpziLhnJwEV,Phantom Regret by Jim,Dawn FM,The Weeknd,2022-01-06,179580,53,False,,2024-04-23T12:36:48Z,,,,,,,,,,,,,,
spotify:track:1JIzFhI9Lt5FyslawmHCBi,Five Years - 2012 Remaster,The Rise and Fall of Ziggy Stardust and the Spiders from Mars (2012 Remaster),David Bowie,1972-06-06,283752,61,False,,2024-04-23T12:36:38Z,,,,,,,,,,,,,,
spotify:track:1bo6xzrCrK7ocEirC5rrZk,Soul Love - 2012 Remaster,The Rise and Fall of Ziggy Stardust and the Spiders from Mars (2012 Remaster),David Bowie,1972-06-06,214198,57,False,,2024-04-23T12:36:38Z,,,,,,,,,,,,,,
spotify:track:6mib3N4E8PZHAGQ3xy7bho,Moonage Daydream - 2012 Remaster,The Rise and Fall of Ziggy Stardust and the Spiders from Mars (2012 Remaster),David Bowie,1972-06-06,279693,69,False,,2024-04-23T12:36:38Z,,,,,,,,,,,,,,
spotify:track:0pQskrTITgmCMyr85tb9qq,Starman - 2012 Remaster,The Rise and Fall of Ziggy Stardust and the Spiders from Mars (2012 Remaster),David Bowie,1972-06-06,254293,80,False,,2024-04-23T12:36:38Z,,,,,,,,,,,,,,
spotify:track:0xRUwscEziliaWCsmq7n2w,It Ain't Easy - 2012 Remaster,The Rise and Fall of Ziggy Stardust and the Spiders from Mars (2012 Remaster),David Bowie,1972-06-06,177774,53,False,,2024-04-23T12:36:38Z,,,,,,,,,,,,,,
spotify:track:2ZWKuGuQ087pzwK4vO4E31,Lady Stardust - 2012 Remaster,The Rise and Fall of Ziggy Stardust and the Spiders from Mars (2012 Remaster),David Bowie,1972-06-06,201426,58,False,,2024-04-23T12:36:38Z,,,,,,,,,,,,,,
spotify:track:5WfSHn8qVk1W3GJJQpETC1,Star - 2012 Remaster,The Rise and Fall of Ziggy Stardust and the Spiders from Mars (2012 Remaster),David Bowie,1972-06-06,167550,52,False,,2024-04-23T12:36:38Z,,,,,,,,,,,,,,
spotify:track:1dWoKufYqWrjfxYhFnHyMP,Hang on to Yourself - 2012 Remaster,The Rise and Fall of Ziggy Stardust and the Spiders from Mars (2012 Remaster),David Bowie,1972-06-06,159958,51,False,,2024-04-23T12:36:38Z,,,,,,,,,,,,,,
spotify:track:5IyL3XOaRPpTgxVjRIAxXU,Ziggy Stardust - 2012 Remaster,The Rise and Fall of Ziggy Stardust and the Spiders from Mars (2012 Remaster),David Bowie,1972-06-06,193880,66,False,,2024-04-23T12:36:38Z,,,,,,,,,,,,,,
spotify:track:3YZa4IzxK2UtEKTvdTgsi8,Suffragette City - 2012 Remaster,The Rise and Fall of Ziggy Stardust and the Spiders from Mars (2012 Remaster),David Bowie,1972-06-06,208413,59,False,,2024-04-23T12:36:38Z,,,,,,,,,,,,,,
spotify:track:1k5iH4KDKi56MFvlnrALNV,Rock 'n' Roll Suicide - 2012 Remaster,The Rise and Fall of Ziggy Stardust and the Spiders from Mars (2012 Remaster),David Bowie,1972-06-06,178265,60,False,,2024-04-23T12:36:38Z,,,,,,,,,,,,,,
spotify:track:1LM6t24SjQr2bJHqeGIR4U,Still Feel Like Your Man,The Search for Everything,John Mayer,2017-04-14,234533,58,False,,2024-04-23T12:36:28Z,,,,,,,,,,,,,,
spotify:track:5ddXMXmXZ2FN4iliTG20nO,Emoji of a Wave,The Search for Everything,John Mayer,2017-04-14,239666,53,False,,2024-04-23T12:36:28Z,,,,,,,,,,,,,,
spotify:track:701DK0It9f7iurRnzKvF0y,Helpless,The Search for Everything,John Mayer,2017-04-14,249120,50,False,,2024-04-23T12:36:28Z,,,,,,,,,,,,,,
spotify:track:0oiCeOPwm4zhwfyIpAE37y,Love on the Weekend,The Search for Everything,John Mayer,2017-04-14,212320,68,False,,2024-04-23T12:36:28Z,,,,,,,,,,,,,,
spotify:track:77Y57qRJBvkGCUw9qs0qMg,In the Blood,The Search for Everything,John Mayer,2017-04-14,244773,57,False,,2024-04-23T12:36:28Z,,,,,,,,,,,,,,
spotify:track:6eIygPhGcBFKKcxlGTJlY0,Changing,The Search for Everything,John Mayer,2017-04-14,213080,44,False,,2024-04-23T12:36:28Z,,,,,,,,,,,,,,
spotify:track:1G4s7WkhgmdQvYaGCHjw1G,"Theme from ""The Search for Everything""",The Search for Everything,John Mayer,2017-04-14,114213,42,False,,2024-04-23T12:36:28Z,,,,,,,,,,,,,,
spotify:track:1crSsvtU9wZB15dIQXV2QH,Moving On and Getting Over,The Search for Everything,John Mayer,2017-04-14,265360,53,False,,2024-04-23T12:36:28Z,,,,,,,,,,,,,,
spotify:track:3TQbr3G3U5wlwEJejmqC1F,Never on the Day You Leave,The Search for Everything,John Mayer,2017-04-14,223520,49,False,,2024-04-23T12:36:28Z,,,,,,,,,,,,,,
spotify:track:5KsLlcmWDoHUoJFzRw14wD,Rosie,The Search for Everything,John Mayer,2017-04-14,242746,58,False,,2024-04-23T12:36:28Z,,,,,,,,,,,,,,
spotify:track:0Zrug5Ry3x6x60lohpEU0C,Roll it on Home,The Search for Everything,John Mayer,2017-04-14,204160,47,False,,2024-04-23T12:36:28Z,,,,,,,,,,,,,,
spotify:track:51lPx6ZCSalL2kvSrDUyJc,You're Gonna Live Forever in Me,The Search for Everything,John Mayer,2017-04-14,190013,71,False,,2024-04-23T12:36:28Z,,,,,,,,,,,,,,
spotify:track:6atVS7UZBxoyJkkteM62u5,Clarity,Heavier Things,John Mayer,2003-09-09,271760,56,False,,2024-04-23T12:36:12Z,,,,,,,,,,,,,,
spotify:track:0Jh9EBGN205Yc7JN2zZ2f1,Bigger Than My Body,Heavier Things,John Mayer,2003-09-09,266520,50,False,,2024-04-23T12:36:12Z,,,,,,,,,,,,,,
spotify:track:4ibzxSKw3a6rtIorruN5GO,Something's Missing,Heavier Things,John Mayer,2003-09-09,305613,48,False,,2024-04-23T12:36:12Z,,,,,,,,,,,,,,
spotify:track:7B2SMMslfm3Ocf7ZnTa5dS,New Deep,Heavier Things,John Mayer,2003-09-09,248973,45,False,,2024-04-23T12:36:12Z,,,,,,,,,,,,,,
spotify:track:1wU7z5XE8oa66ZvUlYAKfK,Come Back to Bed,Heavier Things,John Mayer,2003-09-09,325293,47,False,,2024-04-23T12:36:12Z,,,,,,,,,,,,,,
spotify:track:4UoJ14X24nu9YGwE1r0JOy,Home Life,Heavier Things,John Mayer,2003-09-09,253600,42,False,,2024-04-23T12:36:12Z,,,,,,,,,,,,,,
spotify:track:2eMVogxm08LgfgnWpahooV,Split Screen Sadness,Heavier Things,John Mayer,2003-09-09,306320,46,False,,2024-04-23T12:36:12Z,,,,,,,,,,,,,,
spotify:track:5FPnjikbwlDMULCCCa6ZCJ,Daughters,Heavier Things,John Mayer,2003-09-09,239320,66,False,,2024-04-23T12:36:12Z,,,,,,,,,,,,,,
spotify:track:3Ngl8Fn5UtCl2K7UD7EF9e,Only Heart,Heavier Things,John Mayer,2003-09-09,230106,44,False,,2024-04-23T12:36:12Z,,,,,,,,,,,,,,
spotify:track:2Jr39bnXx3WOUmdlI4S00f,Wheel,Heavier Things,John Mayer,2003-09-09,332550,44,False,,2024-04-23T12:36:12Z,,,,,,,,,,,,,,
spotify:track:5imShWWzwqfAJ9gXFpGAQh,Waiting On the World to Change,Continuum,John Mayer,2006-09-11,200666,73,False,,2024-04-23T12:36:01Z,,,,,,,,,,,,,,
spotify:track:7peh6LUcdNPcMdrSH4JPsM,I Don't Trust Myself (With Loving You),Continuum,John Mayer,2006-09-11,292133,57,False,,2024-04-23T12:36:01Z,,,,,,,,,,,,,,
spotify:track:35LDid9nvuYrUyZk5qGD0i,Belief,Continuum,John Mayer,2006-09-11,242360,55,False,,2024-04-23T12:36:01Z,,,,,,,,,,,,,,
spotify:track:3SktMqZmo3M9zbB7oKMIF7,Gravity,Continuum,John Mayer,2006-09-11,245773,74,False,,2024-04-23T12:36:01Z,,,,,,,,,,,,,,
spotify:track:78DwRIo6Vj6wqteyerGetr,The Heart of Life,Continuum,John Mayer,2006-09-11,199080,62,False,,2024-04-23T12:36:01Z,,,,,,,,,,,,,,
spotify:track:1IdTIzkTK6CcpKKgMUGbg7,Vultures,Continuum,John Mayer,2006-09-11,251800,61,False,,2024-04-23T12:36:01Z,,,,,,,,,,,,,,
spotify:track:3E6iea9uEmB7gRru4lyP6h,Stop This Train,Continuum,John Mayer,2006-09-11,285133,63,False,,2024-04-23T12:36:01Z,,,,,,,,,,,,,,
spotify:track:2jdAk8ATWIL3dwT47XpRfu,Slow Dancing in a Burning Room,Continuum,John Mayer,2006-09-11,241946,76,False,,2024-04-23T12:36:01Z,,,,,,,,,,,,,,
spotify:track:50DMG6AvtNzbrxMc62w6ph,Bold as Love,Continuum,John Mayer,2006-09-11,258146,50,False,,2024-04-23T12:36:01Z,,,,,,,,,,,,,,
spotify:track:7keXdrB4mz57u4b8YkCwag,Dreaming with a Broken Heart,Continuum,John Mayer,2006-09-11,247840,56,False,,2024-04-23T12:36:01Z,,,,,,,,,,,,,,
spotify:track:7MRn6wgG0ReDRNYV5wJeGX,In Repair,Continuum,John Mayer,2006-09-11,369826,51,False,,2024-04-23T12:36:01Z,,,,,,,,,,,,,,
spotify:track:0bYDebBlQxsDR4hCgbbpOW,I'm Gonna Find Another You,Continuum,John Mayer,2006-09-11,162920,53,False,,2024-04-23T12:36:01Z,,,,,,,,,,,,,,
spotify:track:1FX9P4lZK3Zr5bgQv20Ukp,All over the Road,Pressure & Time,Rival Sons,2011-06-21,174253,28,False,,2024-04-23T12:35:48Z,,,,,,,,,,,,,,
spotify:track:213xScZvS7AWpdWJbWOEEO,Young Love,Pressure & Time,Rival Sons,2011-06-21,180760,28,False,,2024-04-23T12:35:48Z,,,,,,,,,,,,,,
spotify:track:01qLRZjy5hnWDdqKuM6AJh,Pressure and Time,Pressure & Time,Rival Sons,2011-06-21,196773,51,False,,2024-04-23T12:35:48Z,,,,,,,,,,,,,,
spotify:track:2S45jJ0E0sgSLqZ0qQWuGE,Only One,Pressure & Time,Rival Sons,2011-06-21,191800,30,False,,2024-04-23T12:35:48Z,,,,,,,,,,,,,,
spotify:track:69VbbTM88mKlyWEHNCRQGw,Get Mine,Pressure & Time,Rival Sons,2011-06-21,143946,22,False,,2024-04-23T12:35:48Z,,,,,,,,,,,,,,
spotify:track:6XBa529VJsqyNVLQxWssza,Burn Down Los Angeles,Pressure & Time,Rival Sons,2011-06-21,145013,27,False,,2024-04-23T12:35:48Z,,,,,,,,,,,,,,
spotify:track:0EqDw1aOkJlYw6bPPZPOWL,Save Me,Pressure & Time,Rival Sons,2011-06-21,154146,23,False,,2024-04-23T12:35:48Z,,,,,,,,,,,,,,
spotify:track:4R0OWvsivHBxiJFBTZLOkp,Gypsy Heart,Pressure & Time,Rival Sons,2011-06-21,208960,23,False,,2024-04-23T12:35:48Z,,,,,,,,,,,,,,
spotify:track:7udO5wVwn3HVjcsmGXw23U,White Noise,Pressure & Time,Rival Sons,2011-06-21,182746,19,False,,2024-04-23T12:35:48Z,,,,,,,,,,,,,,
spotify:track:566QH1jjeoy58OMisbG6WP,Face of Light,Pressure & Time,Rival Sons,2011-06-21,268640,31,False,,2024-04-23T12:35:48Z,,,,,,,,,,,,,,
spotify:track:2cunU1QCSLVf1fm9YZyD1I,Keep on Swinging,Head Down,Rival Sons,2012-09-17,239413,0,False,,2024-04-23T12:35:35Z,,,,,,,,,,,,,,
spotify:track:1OMZaby9BuGM8VbOA7cJve,Wild Animal,Head Down,Rival Sons,2012-09-17,207200,0,False,,2024-04-23T12:35:35Z,,,,,,,,,,,,,,
spotify:track:76MPlUa4udPU8c8WVfwlyA,You Want To,Head Down,Rival Sons,2012-09-17,255706,0,False,,2024-04-23T12:35:35Z,,,,,,,,,,,,,,
spotify:track:3JvhJwUszwU94FfypJyKWf,Until the Sun Comes,Head Down,Rival Sons,2012-09-17,178880,0,False,,2024-04-23T12:35:35Z,,,,,,,,,,,,,,
spotify:track:7bUv1e7QOPjxvtpoUftnZY,Run from Revelation,Head Down,Rival Sons,2012-09-17,254160,0,False,,2024-04-23T12:35:35Z,,,,,,,,,,,,,,
spotify:track:4qTmWvo2YwEWVQ1mIJcXyX,Jordan,Head Down,Rival Sons,2012-09-17,378213,0,False,,2024-04-23T12:35:35Z,,,,,,,,,,,,,,
spotify:track:2nUk1qc7Urmyn7kL1R5dFp,All the Way,Head Down,Rival Sons,2012-09-17,310280,0,False,,2024-04-23T12:35:35Z,,,,,,,,,,,,,,
spotify:track:5oXPNJifGd5HbAkaQzcf8R,The Heist,Head Down,Rival Sons,2012-09-17,193720,0,False,,2024-04-23T12:35:35Z,,,,,,,,,,,,,,
spotify:track:2A4bVbFKkmzZclSEO8WL8O,Three Fingers,Head Down,Rival Sons,2012-09-17,197000,0,False,,2024-04-23T12:35:35Z,,,,,,,,,,,,,,
spotify:track:3qm43Mt5G2yg5QehyaMegJ,Nava,Head Down,Rival Sons,2012-09-17,121693,0,False,,2024-04-23T12:35:35Z,,,,,,,,,,,,,,
spotify:track:6Xs9XOikf5jXFU2yVJkNJX,"Manifest Destiny, Pt. 1",Head Down,Rival Sons,2012-09-17,500013,0,False,,2024-04-23T12:35:35Z,,,,,,,,,,,,,,
spotify:track:7muhPa5oMBuQLlTYIUJZeH,"Manifest Destiny, Pt. 2",Head Down,Rival Sons,2012-09-17,264506,0,False,,2024-04-23T12:35:35Z,,,,,,,,,,,,,,
spotify:track:6qX0wJkaxx4Fs0gOKeWG3X,True,Head Down,Rival Sons,2012-09-17,283946,0,False,,2024-04-23T12:35:35Z,,,,,,,,,,,,,,
spotify:track:6vcNWS1QAXFt5kCZArpxV2,Tell Me Something,Before the Fire,Rival Sons,2009-06-09,246026,26,False,,2024-04-23T12:35:21Z,,,,,,,,,,,,,,
spotify:track:40VrvZbZov0xL7pD3hTkiO,Lucky Girl,Before the Fire,Rival Sons,2009-06-09,155586,16,False,,2024-04-23T12:35:21Z,,,,,,,,,,,,,,
spotify:track:6NL8rMMfoTLJacdIB60xuw,Memphis Sun,Before the Fire,Rival Sons,2009-06-09,230240,38,False,,2024-04-23T12:35:21Z,,,,,,,,,,,,,,
spotify:track:2SDlv59L8cpC6fAsuCvuxd,Angel,Before the Fire,Rival Sons,2009-06-09,207733,18,False,,2024-04-23T12:35:21Z,,,,,,,,,,,,,,
spotify:track:5t9GNExoP7Gjnv9vuoRiHd,Pocketful of Stones,Before the Fire,Rival Sons,2009-06-09,176120,16,False,,2024-04-23T12:35:21Z,,,,,,,,,,,,,,
spotify:track:1SzRXDjhzkNuzaLDegM41R,The Man Who Wasn't There,Before the Fire,Rival Sons,2009-06-09,159800,17,False,,2024-04-23T12:35:21Z,,,,,,,,,,,,,,
spotify:track:02EGxWPHkAwtBJGdLNJgs1,Pleasant Return,Before the Fire,Rival Sons,2009-06-09,222026,14,False,,2024-04-23T12:35:21Z,,,,,,,,,,,,,,
spotify:track:6osr48VaP8V0ORfnGivvN2,On My Way,Before the Fire,Rival Sons,2009-06-09,317920,20,False,,2024-04-23T12:35:21Z,,,,,,,,,,,,,,
spotify:track:2vmb5rxPx55h1V47iDSoHV,I Want More,Before the Fire,Rival Sons,2009-06-09,159480,19,False,,2024-04-23T12:35:21Z,,,,,,,,,,,,,,
spotify:track:3Zt6Pf3T6Y5f7wOygNnPOR,Flames Of Lanka,Before the Fire,Rival Sons,2009-06-09,302479,13,False,,2024-04-23T12:35:21Z,,,,,,,,,,,,,,
spotify:track:2wITIibX4PXqjOCcWq0Cpf,Nanda-Nandana,Before the Fire,Rival Sons,2009-06-09,162799,13,False,,2024-04-23T12:35:21Z,,,,,,,,,,,,,,
spotify:track:5fpj84RsT9cOTfWUCxBTXu,Little Monster,Royal Blood,Royal Blood,2014-08-18,212309,58,False,,2024-04-15T18:10:13Z,,,,,,,,,,,,,,
spotify:track:1BY1Vd2Bt6JPOhMvsIwtVv,Dancing With Myself,Vital Idol,Billy Idol,1985,359733,9,False,,2024-04-15T17:59:26Z,,,,,,,,,,,,,,
spotify:track:0PdM2a6oIjqepoEfcJo0RO,Pour Some Sugar On Me - Remastered 2017,Hysteria (Super Deluxe),Def Leppard,1987-08-03,267306,74,False,,2024-04-15T17:59:23Z,,,,,,,,,,,,,,
spotify:track:1jzDzZWeSDBg5fhNc3tczV,Paranoid,Paranoid (2009 Remastered Version),Black Sabbath,1970-09-18,168440,10,False,,2024-04-15T17:59:14Z,,,,,,,,,,,,,,
spotify:track:0MnI39P9Dze0PSUjetb8Va,Black Betty,The Dukes Of Hazzard (Music From The Motion Picture),Ram Jam,2005-07-19,235520,53,False,,2024-04-15T17:59:07Z,,,,,,,,,,,,,,
spotify:track:5z6xHjCZr7a7AIcy8sPBKy,Smooth Criminal,Anthology,Alien Ant Farm,2001-01-01,209266,75,False,,2024-04-15T17:55:19Z,,,,,,,,,,,,,,
spotify:track:0G21yYKMZoHa30cYVi1iA8,Welcome To The Jungle,Appetite For Destruction,Guns N' Roses,1987-07-21,273480,85,True,,2024-04-15T17:55:15Z,,,,,,,,,,,,,,
spotify:track:5NoQvINZLBV1wMYPdNmReL,I Wanna Be Sedated,Road to Ruin (40th Anniversary Deluxe Edition),Ramones,1978,149786,67,False,,2024-04-15T17:55:12Z,,,,,,,,,,,,,,
spotify:track:5A1FmxbYVRZKy4nc16MAue,Sex on Fire,Only By The Night,Kings of Leon,2008-09-23,203346,71,False,,2024-04-15T17:55:06Z,,,,,,,,,,,,,,
spotify:track:3dPQuX8Gs42Y7b454ybpMR,Seven Nation Army,Elephant,The White Stripes,2003-04-01,232106,84,False,,2024-04-15T17:54:56Z,,,,,,,,,,,,,,
spotify:track:39shmbIHICJ2Wxnk1fPSdz,Should I Stay or Should I Go - Remastered,Combat Rock (Remastered),The Clash,1982,188987,84,False,,2024-04-15T17:54:55Z,,,,,,,,,,,,,,
spotify:track:6y20BV5L33R8YXM0YuI38N,No One Knows,Songs For The Deaf,Queens of the Stone Age,2002-01-01,278746,74,False,,2024-04-15T17:54:47Z,,,,,,,,,,,,,,
spotify:track:1sn6iOK93jnp0Hn5BnNOXy,Best of You,Greatest Hits,Foo Fighters,2009-11-03,254973,54,False,,2024-04-15T17:54:43Z,,,,,,,,,,,,,,
spotify:track:3GfOAdcoc3X5GPiiXmpBjK,Song 2,Blur: The Best Of,Blur,2000-10-23,121880,69,False,,2024-04-15T17:54:39Z,,,,,,,,,,,,,,
spotify:track:4VqPOruhp5EdPBeR92t6lQ,Uprising,The Resistance,Muse,2009-09-10,304840,79,False,,2024-04-15T17:54:26Z,,,,,,,,,,,,,,
spotify:track:4KacUpvbA3Mfo05gttTjhN,Fat Lip,"All Killer, No Filler",Sum 41,2001-01-01,178266,73,True,,2024-04-15T17:54:22Z,,,,,,,,,,,,,,
spotify:track:0Puj4YlTm6xNzDDADXHMI9,Sabotage,Ill Communication,Beastie Boys,1994-05-23,178440,74,True,,2024-04-15T17:50:33Z,,,,,,,,,,,,,,
spotify:track:0tZ3mElWcr74OOhKEiNz1x,Bulls On Parade,Evil Empire,Rage Against The Machine,1996-04-16,229466,74,True,,2024-04-15T17:50:31Z,,,,,,,,,,,,,,
spotify:track:6eN1f9KNmiWEhpE2RhQqB5,Paradise City,Appetite For Destruction,Guns N' Roses,1987-07-21,405600,83,False,,2024-04-15T17:50:30Z,,,,,,,,,,,,,,
spotify:track:15N6WCzP6BxWlUX80mQNqQ,Rollin' (Air Raid Vehicle),Greatest Hitz,Limp Bizkit,2005-01-01,213880,34,True,,2024-04-15T17:50:27Z,,,,,,,,,,,,,,
spotify:track:0rdWkO7ncrh1lrJGDmLq9L,Gamesofluck,Gamesofluck,Parcels,2016-10-28,348093,72,False,,2024-04-11T23:13:44Z,,,,,,,,,,,,,,
spotify:track:5p6xhgQCwzX0G9PadMU9GA,Play The Game - Remastered 2011,The Game (2011 Remaster),Queen,1980-06-27,212533,57,False,,2024-04-09T03:37:56Z,,,,,,,,,,,,,,
spotify:track:3EGlnkJGcwz73rT0oE0X1X,Friends Will Be Friends - Remastered 2011,A Kind Of Magic (2011 Remaster),Queen,1986-06-02,246906,63,False,,2024-04-09T03:37:47Z,,,,,,,,,,,,,,
spotify:track:5CTAcf8aS0a0sIsDwQRF9C,Bicycle Race - Remastered 2011,Jazz (2011 Remaster),Queen,1978-11-10,180813,60,False,,2024-04-09T03:34:46Z,,,,,,,,,,,,,,
spotify:track:1gBNoqhVLbIMuBQmXKmyLj,I Want It All - Single Version,The Miracle (Collector's Edition),Queen,2022-11-18,241586,68,False,,2024-04-09T03:34:38Z,,,,,,,,,,,,,,
spotify:track:6IAVxNFi1W88UhDeyvOsdo,Fat Bottomed Girls - 2011 Remaster,Jazz (2011 Remaster),Queen,1978-11-10,255600,66,False,,2024-04-09T03:34:31Z,,,,,,,,,,,,,,
spotify:track:5n6RDaGFSN88oRWuGtYAIN,The Show Must Go On - Remastered 2011,Innuendo (2011 Remaster),Queen,1991-02-05,277826,73,False,,2024-04-09T03:34:28Z,,,,,,,,,,,,,,
spotify:track:1lCRw5FEZ1gPDNPzy1K4zW,We Are The Champions - Remastered 2011,News Of The World (2011 Remaster),Queen,1977-10-28,179200,75,False,,2024-04-09T03:24:37Z,,,,,,,,,,,,,,
spotify:track:6VoiY3rukFPoqzP4AoGPU8,The Invisible Man - Remastered 2011,The Miracle (2011 Remaster),Queen,1989-05-22,237680,54,False,,2024-04-09T03:24:28Z,,,,,,,,,,,,,,
spotify:track:3INsYP1Y8GG4qJvBsKCdXC,Don't Stop Me Now - ...Revisited,Bohemian Rhapsody (The Original Soundtrack),Queen,2018-10-19,217824,67,False,,2024-04-08T17:00:48Z,,,,,,,,,,,,,,
spotify:track:5RYLa5P4qweEAKq5U1gdcK,A Kind Of Magic - Remastered 2011,A Kind Of Magic (2011 Remaster),Queen,1986-06-02,264253,72,False,,2024-04-08T16:22:19Z,,,,,,,,,,,,,,
spotify:track:1nQRg9q9uwALGzouOX5OyQ,Radio Ga Ga - Remastered 2011,The Works (2011 Remaster),Queen,1984-02-27,348226,76,False,,2024-04-08T16:17:39Z,,,,,,,,,,,,,,
spotify:track:2AkmdLbVKS1steeZdy8H1l,I Want To Break Free - Single Remix,The Works (Deluxe Edition 2011 Remaster),Queen,1984-02-27,258013,74,False,,2024-04-08T16:17:36Z,,,,,,,,,,,,,,
spotify:track:4u7EnebtmKWzUH433cf5Qv,Bohemian Rhapsody - Remastered 2011,A Night At The Opera (2011 Remaster),Queen,1975-11-21,354320,82,False,,2024-04-06T23:06:45Z,,,,,,,,,,,,,,
spotify:track:474uVhyGgK5MtY9gMcDgGl,It's Called: Freefall,"How to: Friend, Love, Freefall",Rainbow Kitten Surprise,2018-04-06,152293,80,True,,2024-03-29T00:34:55Z,,,,,,,,,,,,,,
spotify:track:1BxfuPKGuaTgP7aM0Bbdwr,Cruel Summer,Lover,Taylor Swift,2019-08-23,178426,88,False,,2024-03-29T00:28:44Z,,,,,,,,,,,,,,
spotify:track:3CRDbSIZ4r5MsZ0YwxuEkn,Stressed Out,Blurryface,Twenty One Pilots,2015-05-15,202333,87,False,,2024-03-29T00:19:46Z,,,,,,,,,,,,,,
spotify:track:4o6BgsqLIBViaGVbx5rbRk,You Make My Dreams (Come True),Voices,Daryl Hall & John Oates,1980,190626,80,False,,2024-03-28T23:49:41Z,,,,,,,,,,,,,,
spotify:track:4e9eGQYsOiBcftrWXwsVco,Aerials,Toxicity,System Of A Down,2001-09-04,235053,84,False,,2024-03-27T15:37:02Z,,,,,,,,,,,,,,
spotify:track:5T8EDUDqKcs6OSOwEsfqG7,Don't Stop Me Now - Remastered 2011,Jazz (2011 Remaster),Queen,1978-11-10,209413,84,False,,2024-03-27T15:28:01Z,,,,,,,,,,,,,,
spotify:track:2Z8WuEywRWYTKe1NybPQEW,Ride,Blurryface,Twenty One Pilots,2015-05-15,214506,85,False,,2024-03-27T15:27:58Z,,,,,,,,,,,,,,
spotify:track:7aQjPecQdIuNd1sz3KCDhD,Lovefool,First Band On The Moon (Remastered),The Cardigans,1996-01-01,193953,83,False,,2024-03-27T15:27:55Z,,,,,,,,,,,,,,
spotify:track:2AT8iROs4FQueDv2c8q2KE,R U Mine?,AM,Arctic Monkeys,2013-09-09,201726,82,False,,2024-03-27T15:27:48Z,,,,,,,,,,,,,,
spotify:track:1c8gk2PeTE04A1pIDH9YMk,Rolling in the Deep,21,Adele,2011-01-24,228093,79,False,,2024-03-27T15:19:22Z,,,,,,,,,,,,,,
spotify:track:4Dvkj6JhhA12EX05fT7y2e,As It Was,Harry's House,Harry Styles,2022-05-20,167303,89,False,,2024-03-27T15:16:24Z,,,,,,,,,,,,,,
spotify:track:7FAFkQQZFeNwOFzTrSDFIh,The Spins,K.I.D.S. (Deluxe),"Mac Miller, Empire Of The Sun",2010-08-13,195873,73,True,,2024-03-27T15:16:18Z,,,,,,,,,,,,,,
spotify:track:1vxw6aYJls2oq3gW0DujAo,Crazy,St. Elsewhere,"Gnarls Barkley, CeeLo Green, Danger Mouse",2007-12-01,177933,82,False,,2024-03-27T15:16:13Z,,,,,,,,,,,,,,
spotify:track:6Z8R6UsFuGXGtiIxiD8ISb,Safe And Sound,In A Tidal Wave Of Mystery (Deluxe Edition),Capital Cities,2013,192789,13,False,,2024-03-27T15:16:02Z,,,,,,,,,,,,,,
spotify:track:3w3y8KPTfNeOKPiqUTakBh,Locked out of Heaven,Unorthodox Jukebox,Bruno Mars,2012-12-07,233478,89,False,,2024-03-27T15:15:57Z,,,,,,,,,,,,,,
spotify:track:086myS9r57YsLbJpU0TgK9,Why'd You Only Call Me When You're High?,AM,Arctic Monkeys,2013-09-09,161123,86,False,,2024-03-27T15:15:49Z,,,,,,,,,,,,,,
spotify:track:1QFh8OH1e78dGd3VyJZCAC,Boys Don't Cry,Three Imaginary Boys,The Cure,1979-05-11,155973,81,False,,2024-03-27T15:15:43Z,,,,,,,,,,,,,,
spotify:track:3dYD57lRAUcMHufyqn9GcI,Take Me To Church,Hozier,Hozier,2014-09-19,241688,84,False,,2024-03-27T15:15:41Z,,,,,,,,,,,,,,
spotify:track:2fuCquhmrzHpu5xcA1ci9x,Under Pressure - Remastered 2011,Hot Space (2011 Remaster),"Queen, David Bowie",1982-05-03,248440,82,False,,2024-03-27T03:29:21Z,,,,,,,,,,,,,,
spotify:track:4aVuWgvD0X63hcOCnZtNFA,Hold the Line,Toto,TOTO,1978-10-10,235552,84,False,,2024-03-27T03:29:19Z,,,,,,,,,,,,,,
spotify:track:7j74lucZ59vqN67Ipe2ZcY,Maneater,H2O,Daryl Hall & John Oates,1982-10-04,273173,84,False,,2024-03-27T03:29:15Z,,,,,,,,,,,,,,
spotify:track:4BP3uh0hFLFRb5cjsgLqDh,Fortunate Son,Willy And The Poor Boys (Expanded Edition),Creedence Clearwater Revival,1969-11-02,140773,83,False,,2024-03-27T03:29:10Z,,,,,,,,,,,,,,
spotify:track:4DMKwE2E2iYDKY01C335Uw,Carry on Wayward Son,Leftoverture (Expanded Edition),Kansas,1976,323000,77,False,,2024-03-27T03:16:33Z,,,,,,,,,,,,,,
spotify:track:0QwZfbw26QeUoIy82Z2jYp,Good Times Bad Times - 1993 Remaster,Led Zeppelin,Led Zeppelin,1969-01-12,166266,68,False,,2024-03-27T03:16:25Z,,,,,,,,,,,,,,
spotify:track:0cKk8BKEi7zXbdrYdyqBP5,Behind Blue Eyes,Who's Next (Deluxe Edition),The Who,1971-08-14,221426,70,False,,2024-03-27T03:16:20Z,,,,,,,,,,,,,,
spotify:track:3YOOWcLwujMc07Zloku0HA,Don't You (Forget About Me) - Remastered 2001,ドライブが楽しくなる洋楽ヒッツ！80年代 ROCK,Simple Minds,2023-06-27,262092,56,False,,2024-03-27T03:16:19Z,,,,,,,,,,,,,,
spotify:track:20OFwXhEXf12DzwXmaV7fj,Bad Moon Rising,Green River (Expanded Edition),Creedence Clearwater Revival,1969-08-03,141600,79,False,,2024-03-27T03:16:16Z,,,,,,,,,,,,,,
spotify:track:5jzma6gCzYtKB1DbEwFZKH,London Calling - Remastered,London Calling (Remastered),The Clash,1979,199703,71,False,,2024-03-27T03:16:15Z,,,,,,,,,,,,,,
spotify:track:6H3kDe7CGoWYBabAeVWGiD,Gimme Shelter,Let It Bleed,The Rolling Stones,1969-12-05,270773,77,False,,2024-03-27T03:16:14Z,,,,,,,,,,,,,,
spotify:track:2aoo2jlRnM3A0NyLQqMN2f,All Along the Watchtower,Electric Ladyland,Jimi Hendrix,1968-10-25,240800,75,False,,2024-03-27T03:16:12Z,,,,,,,,,,,,,,
spotify:track:3Jnxngdff0lVu2rza1GVx6,Paranoid - 2009 Remaster,Paranoid,Black Sabbath,1970-09-18,167720,81,False,,2024-03-27T03:16:11Z,,,,,,,,,,,,,,
spotify:track:0v1XpBHnsbkCn7iJ9Ucr1l,It's My Life,Crush,Bon Jovi,2000-01-01,224493,83,False,,2024-03-27T03:16:10Z,,,,,,,,,,,,,,
spotify:track:4pbJqGIASGPr0ZpGpnWkDn,We Will Rock You - Remastered 2011,News Of The World (2011 Remaster),Queen,1977-10-28,122066,78,False,,2024-03-27T03:16:08Z,,,,,,,,,,,,,,
spotify:track:07q0QVgO56EorrSGHC48y3,I Was Made For Lovin' You,Dynasty,KISS,1979-03-23,271240,85,False,,2024-03-27T03:16:05Z,,,,,,,,,,,,,,
spotify:track:5zH710lFSLtkHbMkslLDjR,Crazy On You,Dreamboat Annie,Heart,1975,293440,70,False,,2024-03-27T03:15:55Z,,,,,,,,,,,,,,
spotify:track:57bgtoPSgt236HzfBOd8kj,Thunderstruck,The Razors Edge,AC/DC,1990-09-24,292333,87,False,,2024-03-27T03:15:53Z,,,,,,,,,,,,,,
spotify:track:0ofHAoxe9vBkTCp2UQIavz,Dreams - 2004 Remaster,Rumours (Super Deluxe),Fleetwood Mac,1977-02-04,257800,90,False,,2024-03-27T03:15:52Z,,,,,,,,,,,,,,
spotify:track:5vdp5UmvTsnMEMESIF2Ym7,Another One Bites The Dust - Remastered 2011,The Game (2011 Remaster),Queen,1980-06-27,214653,82,False,,2024-03-27T03:15:49Z,,,,,,,,,,,,,,
spotify:track:2LawezPeJhN4AWuSB0GtAU,Have You Ever Seen The Rain,Pendulum (Expanded Edition),Creedence Clearwater Revival,1970-12-07,160133,86,False,,2024-03-27T03:15:46Z,,,,,,,,,,,,,,
spotify:track:0wJoRiX5K5BxlqZTolB2LD,Purple Haze,Are You Experienced,Jimi Hendrix,1967-05-12,170813,68,False,,2024-03-27T03:15:44Z,,,,,,,,,,,,,,
spotify:track:4ByEFOBuLXpCqvO1kw8Wdm,(I Just) Died In Your Arms,Broadcast,Cutting Crew,1986-01-01,280400,83,False,,2024-03-27T03:15:39Z,,,,,,,,,,,,,,
spotify:track:78lgmZwycJ3nzsdgmPPGNx,Immigrant Song - Remaster,Led Zeppelin III (Remaster),Led Zeppelin,1970,146250,79,False,,2024-03-27T03:15:36Z,,,,,,,,,,,,,,
spotify:track:5e9TFTbltYBg2xThimr0rU,The Chain - 2004 Remaster,Rumours (Super Deluxe),Fleetwood Mac,1977-02-04,270213,88,False,,2024-03-27T03:15:34Z,,,,,,,,,,,,,,
spotify:track:6TYQRlRci6AkVrN9a5C7ne,War Pigs - 2009 Remaster,Paranoid,Black Sabbath,1970-09-18,475000,72,False,,2024-03-27T03:15:34Z,,,,,,,,,,,,,,
spotify:track:4rDbp1vnvEhieiccprPMdI,Somebody To Love - Remastered 2011,A Day At The Races (Deluxe Edition 2011 Remaster),Queen,1976-12-10,296480,76,False,,2024-03-27T03:15:32Z,,,,,,,,,,,,,,
spotify:track:0rmGAIH9LNJewFw7nKzZnc,You Give Love A Bad Name,Slippery When Wet,Bon Jovi,1986-08-16,222706,77,False,,2024-03-27T03:15:30Z,,,,,,,,,,,,,,
spotify:track:1qDrWA6lyx8cLECdZE7TV7,Somebody That I Used To Know,Making Mirrors,"Gotye, Kimbra",2011-01-01,244884,82,False,,2024-03-22T03:55:37Z,,,,,,,,,,,,,,
spotify:track:6nTiIhLmQ3FWhvrGafw2zj,American Idiot,American Idiot,Green Day,2004-09-21,176346,82,True,,2024-03-22T03:55:30Z,,,,,,,,,,,,,,
spotify:track:305WCRhhS10XUcH6AEwZk6,Are You Gonna Be My Girl,Get Born,Jet,2003,213800,11,False,,2024-03-22T03:52:23Z,,,,,,,,,,,,,,
spotify:track:57iDDD9N9tTWe75x6qhStw,Bitter Sweet Symphony - Remastered 2016,Urban Hymns (Remastered 2016),The Verve,1997-09-29,357266,85,False,,2024-03-22T03:52:17Z,,,,,,,,,,,,,,
spotify:track:3ovjw5HZZv43SxTwApooCM,Wind Of Change,Crazy World,Scorpions,1990-01-01,312360,83,False,,2024-03-22T03:52:14Z,,,,,,,,,,,,,,
spotify:track:3AJwUDP919kvQ9QcozQPxg,Yellow,Parachutes,Coldplay,2000-07-10,266773,91,False,,2024-03-22T03:51:31Z,,,,,,,,,,,,,,
spotify:track:1Dr1fXbc2IxaK1Mu8P8Khz,When I Come Around,Dookie,Green Day,1994-02-01,178000,77,False,,2024-03-22T03:51:25Z,,,,,,,,,,,,,,
spotify:track:67vYdAAM3oGsEImCRfbtsF,Times Like These,One By One (Expanded Edition),Foo Fighters,2002-10-22,265560,70,False,,2024-03-22T03:51:19Z,,,,,,,,,,,,,,
spotify:track:4EchqUKQ3qAQuRNKmeIpnf,The Kids Aren't Alright,Americana,The Offspring,1998-11-16,180160,83,False,,2024-03-22T03:51:15Z,,,,,,,,,,,,,,
spotify:track:5vfjUAhefN7IjHbTvVCT4Z,Holiday,Holiday,Green Day,2005-03-30,233026,70,False,,2024-03-22T03:51:07Z,,,,,,,,,,,,,,
spotify:track:20I8RduZC2PWMWTDCZuuAN,Take Me Out,Franz Ferdinand,Franz Ferdinand,2004-02-16,237026,84,False,,2024-03-22T03:50:58Z,,,,,,,,,,,,,,
spotify:track:3zwmW1gM4E8FlHXV5nE16u,Be Yourself,Out of Exile,Audioslave,2005-01-01,278973,74,False,,2024-03-22T03:50:52Z,,,,,,,,,,,,,,
spotify:track:0BCPKOYdS2jbQ8iyB56Zns,Clocks,A Rush of Blood to the Head,Coldplay,2002-08-27,307879,86,False,,2024-03-22T03:50:44Z,,,,,,,,,,,,,,
spotify:track:6urCAbunOQI4bLhmGpX7iS,Don't Speak,Tragic Kingdom,No Doubt,1995-10-10,263560,81,False,,2024-03-22T03:46:53Z,,,,,,,,,,,,,,
spotify:track:2avKuMN2QXkaG9vvHa2JLt,Take A Look Around,Chocolate Starfish And The Hot Dog Flavored Water,Limp Bizkit,2000-10-17,321040,81,False,,2024-03-22T03:46:48Z,,,,,,,,,,,,,,
spotify:track:4CeeEOM32jQcH3eN9Q2dGj,Smells Like Teen Spirit,Nevermind (Remastered),Nirvana,1991-09-26,301920,86,False,,2024-03-22T03:46:45Z,,,,,,,,,,,,,,
spotify:track:5OQsiBsky2k2kDKy2bX2eT,Learn to Fly,There Is Nothing Left To Lose,Foo Fighters,1999-11-02,235293,76,False,,2024-03-22T03:46:35Z,,,,,,,,,,,,,,
spotify:track:48UPSzbZjgc449aqz8bxox,Californication,Californication (Deluxe Edition),Red Hot Chili Peppers,1999-06-08,329733,86,False,,2024-03-22T03:46:32Z,,,,,,,,,,,,,,
spotify:track:2gSVKxPDww9Eep5rdvtdem,My Way,Chocolate Starfish And The Hot Dog Flavored Water,Limp Bizkit,2000-10-17,272973,80,True,,2024-03-22T03:46:29Z,,,,,,,,,,,,,,
spotify:track:1sTsuZTdANkiFd7T34H3nb,Human,Day & Age (Bonus Tracks),The Killers,2008-11-18,245373,77,False,,2024-03-22T03:46:14Z,,,,,,,,,,,,,,
spotify:track:6qLEOZvf5gI7kWE63JE7p3,Interstate Love Song - 2019 Remaster,Purple (2019 Remaster),Stone Temple Pilots,1994-06-07,194853,77,False,,2024-03-22T03:46:08Z,,,,,,,,,,,,,,
spotify:track:1JfNuvdAIqI3ggkzXuBvPp,Always,blink-182,blink-182,2003-01-01,251893,64,False,,2024-03-22T03:45:59Z,,,,,,,,,,,,,,
spotify:track:18lR4BzEs7e3qzc0KVkTpU,What I've Done,Minutes to Midnight,Linkin Park,2007-05-14,205226,86,False,,2024-03-22T03:45:48Z,,,,,,,,,,,,,,
spotify:track:2nLtzopw4rPReszdYBJU6h,Numb,Meteora,Linkin Park,2003-03-25,187520,89,False,,2024-03-22T03:45:41Z,,,,,,,,,,,,,,
spotify:track:5qaEfEh1AtSdrdrByCP7qR,Demons,Night Visions,Imagine Dragons,2012-09-04,177506,84,False,,2024-03-22T03:45:37Z,,,,,,,,,,,,,,
spotify:track:0ntQJM78wzOLVeCUAW7Y45,Sex on Fire,Only By The Night,Kings of Leon,2008-09-23,203346,85,False,,2024-03-22T03:45:31Z,,,,,,,,,,,,,,
spotify:track:3YuaBvuZqcwN3CEAyyoaei,Like a Stone,Audioslave,Audioslave,2002-11-17,293960,81,False,,2024-03-22T03:45:28Z,,,,,,,,,,,,,,
spotify:track:1f2V8U1BiWaC9aJWmpOARe,By the Way,By the Way (Deluxe Edition),Red Hot Chili Peppers,2002-07-09,216933,80,False,,2024-03-22T03:45:24Z,,,,,,,,,,,,,,
spotify:track:1oTo3ijRbaDAtrjJrGAPSw,I Miss You,blink-182,blink-182,2003-01-01,227240,79,False,,2024-03-22T03:44:53Z,,,,,,,,,,,,,,
spotify:track:1OutzYv6YiN93lrT3pJsWR,It's My Life,It's My Life,No Doubt,2003-01-01,226053,65,False,,2024-03-22T03:44:41Z,,,,,,,,,,,,,,
spotify:track:3ZOEytgrvLwQaqXreDs2Jx,Can't Stop,By the Way (Deluxe Edition),Red Hot Chili Peppers,2002-07-09,269000,87,False,,2024-03-22T03:44:34Z,,,,,,,,,,,,,,
spotify:track:1SKPmfSYaPsETbRHaiA18G,Somewhere Only We Know,Hopes And Fears,Keane,2004-05-10,237146,88,False,,2024-03-22T03:40:31Z,,,,,,,,,,,,,,
spotify:track:2m1hi0nfMR9vdGC8UcrnwU,All The Small Things,Enema Of The State,blink-182,1999-06-01,167066,82,False,,2024-03-22T03:40:22Z,,,,,,,,,,,,,,
spotify:track:2nvC4i2aMo4CzRjRflysah,In My Place,A Rush of Blood to the Head,Coldplay,2002-08-27,226680,77,False,,2024-03-22T03:33:08Z,,,,,,,,,,,,,,
spotify:track:3YD9EehnGOf88rGSZFrnHg,Stay Together For The Kids,Take Off Your Pants And Jacket,blink-182,2001,239333,68,False,,2024-03-22T03:29:08Z,,,,,,,,,,,,,,
spotify:track:0jqK7sGTLsHPkQrrcrGuKD,Still Waiting,Does This Look Infected?,Sum 41,2002-01-01,158733,72,True,,2024-03-22T03:29:06Z,,,,,,,,,,,,,,
spotify:track:70LcF31zb1H0PyJoS1Sx1r,Creep,Pablo Honey,Radiohead,1993-02-22,238640,92,True,,2024-03-22T03:28:59Z,,,,,,,,,,,,,,
spotify:track:7snQQk1zcKl8gZ92AnueZW,Sweet Child O' Mine,Appetite For Destruction,Guns N' Roses,1987-07-21,356066,88,False,,2024-03-22T03:28:50Z,,,,,,,,,,,,,,
spotify:track:2a1iMaoWQ5MnvLFBDv4qkf,High and Dry,The Bends,Radiohead,1995-03-13,257480,80,False,,2024-03-10T02:32:50Z,,,,,,,,,,,,,,
spotify:track:57Xjny5yNzAcsxnusKmAfA,Reptilia,Room On Fire,The Strokes,2003-10-28,219826,76,False,,2024-03-10T02:32:46Z,,,,,,,,,,,,,,
spotify:track:4gHnSNHs8RyVukKoWdS99f,Something In The Way,Nevermind (Remastered),Nirvana,1991-09-26,232146,73,False,,2024-03-10T02:32:37Z,,,,,,,,,,,,,,
spotify:track:56NkIxSZZiMpFP5ZNSxtnT,Someday,Is This It,The Strokes,2001-07-30,183573,73,False,,2024-03-10T02:32:31Z,,,,,,,,,,,,,,
spotify:track:0BxE4FqsDD1Ot4YuBXwAPp,505,Favourite Worst Nightmare,Arctic Monkeys,2007-04-22,253586,87,False,,2024-03-10T02:32:20Z,,,,,,,,,,,,,,
spotify:track:2RsAajgo0g7bMCHxwH3Sk0,Come As You Are,Nevermind (Remastered),Nirvana,1991-09-26,218920,84,False,,2024-03-10T02:32:19Z,,,,,,,,,,,,,,
spotify:track:2x8evxqUlF0eRabbW2JBJd,Fluorescent Adolescent,Favourite Worst Nightmare,Arctic Monkeys,2007-04-22,183893,78,False,,2024-03-10T02:32:05Z,,,,,,,,,,,,,,
spotify:track:0NdTUS4UiNYCNn5FgVqKQY,Snap Out Of It,AM,Arctic Monkeys,2013-09-09,193030,80,False,,2024-03-10T02:31:27Z,,,,,,,,,,,,,,
spotify:track:4x5WbFaTTCexxBKbUyfBcG,Four to the Floor,Silence Is Easy,Starsailor,2003-09-15,233840,53,False,,2024-02-14T22:45:44Z,,,,,,,,,,,,,,
spotify:track:656EavsQcMWPSpTZMVebkb,In the Crossfire,On The Outside,Starsailor,2005-10-17,198653,41,False,,2024-02-14T22:34:26Z,,,,,,,,,,,,,,
spotify:track:2lboG3DvPdUeJgUHL36Vud,Stan Qualen,Stan Qualen,The Southern River Band,2023-09-21,371311,0,False,,2024-01-31T23:49:02Z,,,,,,,,,,,,,,
spotify:track:10zSgbysU2KyVTrcRmtu62,Por Mil Noches,Libertad,Airbag,2013-11-27,283884,4,False,,2024-01-09T02:49:30Z,,,,,,,,,,,,,,
spotify:track:3qiyyUfYe7CRYLucrPmulD,Baba O'Riley,Who's Next (Deluxe Edition),The Who,1971-08-14,300400,75,False,,2024-01-02T20:29:29Z,,,,,,,,,,,,,,
spotify:track:0yac0FPhLRH9i9lOng3f81,Everybody's Changing,Hopes And Fears,Keane,2004-05-10,215880,79,False,,2024-01-02T20:29:18Z,,,,,,,,,,,,,,
spotify:track:5VGlqQANWDKJFl0MBG3sg2,Use Somebody,Only By The Night,Kings of Leon,2008-09-23,230760,81,False,,2023-12-31T22:18:17Z,,,,,,,,,,,,,,
spotify:track:6L89mwZXSOwYl76YXfX13s,Basket Case,Dookie,Green Day,1994-02-01,181533,83,False,,2023-12-31T21:20:06Z,,,,,,,,,,,,,,
spotify:track:2aibwv5hGXSgw7Yru8IYTO,Snow (Hey Oh),Stadium Arcadium,Red Hot Chili Peppers,2006-05-09,334666,82,False,,2023-12-31T21:19:53Z,,,,,,,,,,,,,,
spotify:track:5FVd6KXrgO9B3JPmC8OPst,Do I Wanna Know?,AM,Arctic Monkeys,2013-09-09,272394,88,False,,2023-12-31T21:19:52Z,,,,,,,,,,,,,,
spotify:track:003vvx7Niy0yvhvHt4a68B,Mr. Brightside,Hot Fuss,The Killers,2004,222973,90,False,,2023-12-30T21:15:57Z,,,,,,,,,,,,,,
spotify:track:3FtYbEfBqAlGO46NUDQSAt,Electric Feel,Oracular Spectacular,MGMT,2007-12-14,229640,79,False,,2023-12-30T21:15:39Z,,,,,,,,,,,,,,
spotify:track:78Gzxi27GuNHTfkn2BylG4,What Ever Happened?,Room On Fire,The Strokes,2003-10-28,169506,62,False,,2023-12-30T21:15:36Z,,,,,,,,,,,,,,
spotify:track:5cY8y2XgOfkAh4kSWLFKkz,I Write Sins Not Tragedies,A Fever You Can't Sweat Out,Panic! At The Disco,2005-09-27,185586,72,True,,2023-12-30T21:12:22Z,,,,,,,,,,,,,,
spotify:track:10Nmj3JCNoMeBQ87uw5j8k,Dani California,Stadium Arcadium,Red Hot Chili Peppers,2006-05-09,282160,80,False,,2023-12-30T21:12:19Z,,,,,,,,,,,,,,
spotify:track:1yjY7rpaAQvKwpdUliHx0d,Still into You,Paramore,Paramore,2013-04-05,216013,83,False,,2023-12-30T21:12:14Z,,,,,,,,,,,,,,
spotify:track:3DQVgcqaP3iSMbaKsd57l5,I Bet You Look Good On The Dancefloor,"Whatever People Say I Am, That's What I'm Not",Arctic Monkeys,2006-01-29,173680,73,False,,2023-12-30T20:41:33Z,,,,,,,,,,,,,,
spotify:track:7EZC6E7UjZe63f1jRmkWxt,Zombie,No Need To Argue (The Complete Sessions 1994-1995),The Cranberries,1994-10-03,306440,41,False,,2023-12-30T20:41:31Z,,,,,,,,,,,,,,
spotify:track:76Je5Wklky23mVoxiRszcN,Walk,Wasting Light,Foo Fighters,2011-04-12,257376,69,False,,2023-12-30T20:41:30Z,,,,,,,,,,,,,,
spotify:track:456WNXWhDwYOSf5SpTuqxd,Dog Days Are Over,Lungs (Deluxe Version),Florence + The Machine,2009,252818,81,False,,2023-12-30T20:41:27Z,,,,,,,,,,,,,,
spotify:track:4fPBB44eDH71YohayI4eKV,You Only Live Once,First Impressions Of Earth,The Strokes,2006-01-03,189226,71,False,,2023-12-30T20:41:26Z,,,,,,,,,,,,,,
spotify:track:244AvzGQ4Ksa5637JQu5Gy,You've Got The Love,Lungs (Deluxe Version),Florence + The Machine,2009,168666,77,False,,2023-12-30T20:30:41Z,,,,,,,,,,,,,,
spotify:track:64BbK9SFKH2jk86U3dGj2P,Otherside,Californication (Deluxe Edition),Red Hot Chili Peppers,1999-06-08,255373,85,False,,2023-12-30T20:22:05Z,,,,,,,,,,,,,,
spotify:track:3d9DChrdc6BOeFsbrZ3Is0,Under the Bridge,Blood Sugar Sex Magik (Deluxe Edition),Red Hot Chili Peppers,1991-09-24,264306,85,False,,2023-12-30T20:14:14Z,,,,,,,,,,,,,,
spotify:track:6mVD1SfTvlFAPVi7txFL5H,Machu Picchu,Angles,The Strokes,2011-03-21,209626,63,False,,2023-12-30T20:14:11Z,,,,,,,,,,,,,,
spotify:track:5vollujufHY0jMZxx77VWr,All These Things That I've Done,Hot Fuss,The Killers,2004,301866,74,False,,2023-12-30T20:09:06Z,,,,,,,,,,,,,,
spotify:track:0uppYCG86ajpV2hSR3dJJ0,Give It Away,Blood Sugar Sex Magik (Deluxe Edition),Red Hot Chili Peppers,1991-09-24,282906,74,False,,2023-12-30T20:08:57Z,,,,,,,,,,,,,,
spotify:track:5kxVyCgEUND7E2QKG7JmoF,Teddy Picker,Favourite Worst Nightmare,Arctic Monkeys,2007-04-22,165000,69,True,,2023-12-30T20:08:56Z,,,,,,,,,,,,,,
spotify:track:3Zwu2K0Qa5sT6teCCHPShP,Thnks fr th Mmrs,Infinity On High,Fall Out Boy,2007-01-01,203506,80,False,,2023-12-30T20:08:36Z,,,,,,,,,,,,,,
spotify:track:7clUVcSOtkNWa58Gw5RfD4,Speed of Sound,X&Y,Coldplay,2005-06-07,287906,74,False,,2023-12-30T20:08:30Z,,,,,,,,,,,,,,
spotify:track:3mYCd23hPxJW5okSvMoy3x,Heart In a Cage,First Impressions Of Earth,The Strokes,2006-01-03,206173,63,True,,2023-12-28T17:33:57Z,,,,,,,,,,,,,,
spotify:track:7nzsY8vlnKdvGOEE0rjAXZ,Arabella,AM,Arctic Monkeys,2013-09-09,207356,76,False,,2023-12-28T17:33:52Z,,,,,,,,,,,,,,
spotify:track:1j8z4TTjJ1YOdoFEDwJTQa,Ain't It Fun,Paramore,Paramore,2013-04-05,296520,78,False,,2023-12-28T16:39:28Z,,,,,,,,,,,,,,
spotify:track:2zzLRQ78kKfPTx8FJQCdC2,When The Sun Goes Down,"Whatever People Say I Am, That's What I'm Not",Arctic Monkeys,2006-01-29,202133,73,True,,2023-12-28T16:39:13Z,,,,,,,,,,,,,,
spotify:track:56KqaFSGTb7ifpt16t5Y1N,Rock the Casbah - Remastered,Combat Rock (Remastered),The Clash,1982,222437,75,False,,2023-12-28T16:38:53Z,,,,,,,,,,,,,,
spotify:track:6tsojOQ5wHaIjKqIryLZK6,All My Life,One By One (Expanded Edition),Foo Fighters,2002-10-22,263440,73,False,,2023-12-28T16:34:26Z,,,,,,,,,,,,,,
spotify:track:2mDYYGaGd9uXKkK2YhDA3i,Brooklyn Bridge To Chorus,The New Abnormal,The Strokes,2020-04-10,235946,65,False,,2023-12-21T17:12:31Z,,,,,,,,,,,,,,
spotify:track:70wYA8oYHoMzhRRkARoMhU,When You Were Young,Sam's Town,The Killers,2006-09-27,220426,79,False,,2023-12-21T16:53:58Z,,,,,,,,,,,,,,
spotify:track:4iG2gAwKXsOcijVaVXzRPW,Time to Pretend,Oracular Spectacular,MGMT,2007-12-14,261000,76,True,,2023-12-21T16:53:39Z,,,,,,,,,,,,,,
spotify:track:49Hkgl03InFFqBklOQxunt,Half Mast,Walking On A Dream (10th Anniversary Edition),Empire Of The Sun,2008-10-03,234360,72,False,,2023-12-13T19:34:46Z,,,,,,,,,,,,,,
spotify:track:7bfocP7GYoLOutUYpTI8tx,Welcome To Japan,Comedown Machine,The Strokes,2013-03-25,230826,64,False,,2023-12-11T12:36:44Z,,,,,,,,,,,,,,
spotify:track:4dyx5SzxPPaD8xQIid5Wjj,Young Folks,Writer's Block,Peter Bjorn and John,2006-01-01,276693,78,False,,2023-10-28T15:43:46Z,,,,,,,,,,,,,,
spotify:track:3BIzHNxAQbRTY4LCp1oMR1,Tesselation,Skiptracing,Mild High Club,2016-08-26,152824,54,False,,2023-10-28T15:43:18Z,,,,,,,,,,,,,,
spotify:track:6qZjm61s6u8Ead9sWxCDro,Elephant,Lonerism,Tame Impala,2012-01-01,211226,73,False,,2023-10-28T15:40:54Z,,,,,,,,,,,,,,
spotify:track:2fyIS6GXMgUcSv4oejx63f,Mardy Bum,"Whatever People Say I Am, That's What I'm Not",Arctic Monkeys,2006-01-29,175440,73,False,,2023-10-28T15:40:47Z,,,,,,,,,,,,,,
spotify:track:6AAYNz8jXvVlgG9IpYi42Z,Hunnybee,Sex & Food,Unknown Mortal Orchestra,2018-04-06,268333,60,False,,2023-10-11T17:45:22Z,,,,,,,,,,,,,,
spotify:track:4T6FWA703h6H7zk1FoSARw,New Light,Sob Rock,John Mayer,2021-07-16,217426,77,False,,2023-07-31T20:12:04Z,,,,,,,,,,,,,,
spotify:track:3yfqSUWxFvZELEM4PmlwIR,The Real Slim Shady,The Marshall Mathers LP,Eminem,2000-05-23,284200,86,True,,2023-07-29T21:30:42Z,,,,,,,,,,,,,,
spotify:track:1N0HmlJP6dRLXGE71Kgc8m,Long As I Can See the Light - Live at Juke Joint Studio,Great Western Valkyrie (10th Anniversary Edition),Rival Sons,2015-10-16,212560,38,False,,2023-07-20T21:19:25Z,,,,,,,,,,,,,,
spotify:track:2PHMNg5e3xMGR0oTLmdj0U,Anotherclock,Anotherclock,Parcels,2016-06-24,240317,63,True,,2023-06-27T19:47:37Z,,,,,,,,,,,,,,
spotify:track:0snQkGI5qnAmohLE7jTsTn,Toxicity,Toxicity,System Of A Down,2001-09-04,218933,85,False,,2023-06-20T22:52:29Z,,,,,,,,,,,,,,
spotify:track:27CgDxfu01fKsQCzn2UFVR,Older,Older,Parcels,2016-11-25,207192,55,False,,2023-06-14T17:30:25Z,,,,,,,,,,,,,,
spotify:track:5r5cp9IpziiIsR6b93vcnQ,Walking On A Dream,Walking On A Dream (10th Anniversary Edition),Empire Of The Sun,2008-10-03,198440,86,False,,2023-06-12T23:03:26Z,,,,,,,,,,,,,,
spotify:track:2KHRENHQzTIQ001nlP9Gdc,Contact,Random Access Memories,Daft Punk,2013-05-20,383626,59,False,,2023-05-27T01:35:48Z,,,,,,,,,,,,,,
spotify:track:36c4JohayB9qd64eidQMBi,Doin' it Right (feat. Panda Bear),Random Access Memories,"Daft Punk, Panda Bear",2013-05-20,251293,63,False,,2023-05-27T01:35:46Z,,,,,,,,,,,,,,
spotify:track:0IedgQjjJ8Ad4B3UDQ5Lyn,Fragments of Time (feat. Todd Edwards),Random Access Memories,"Daft Punk, Todd Edwards",2013-05-20,279773,62,False,,2023-05-27T01:35:45Z,,,,,,,,,,,,,,
spotify:track:79koEJRtKOOGJ0VSAF3FMk,Motherboard,Random Access Memories,Daft Punk,2013-05-20,341653,55,False,,2023-05-27T01:35:44Z,,,,,,,,,,,,,,
spotify:track:7oaEjLP2dTJLJsITbAxTOz,Touch (feat. Paul Williams),Random Access Memories,"Daft Punk, Paul Williams",2013-05-20,498960,63,False,,2023-05-27T01:35:42Z,,,,,,,,,,,,,,
spotify:track:69kOkLUCkxIZYexIgSG8rq,Get Lucky (feat. Pharrell Williams and Nile Rodgers),Random Access Memories,"Daft Punk, Pharrell Williams, Nile Rodgers",2013-05-20,369626,77,False,,2023-05-27T01:35:42Z,,,,,,,,,,,,,,
spotify:track:5CMjjywI0eZMixPeqNd75R,Lose Yourself to Dance (feat. Pharrell Williams),Random Access Memories,"Daft Punk, Pharrell Williams",2013-05-20,353893,72,False,,2023-05-27T01:35:40Z,,,,,,,,,,,,,,
spotify:track:2cGxRwrMyEAp8dEbuZaVv6,Instant Crush (feat. Julian Casablancas),Random Access Memories,"Daft Punk, Julian Casablancas",2013-05-20,337560,79,False,,2023-05-27T01:35:39Z,,,,,,,,,,,,,,
spotify:track:7Bxv0WL7UC6WwQpk9TzdMJ,Within,Random Access Memories,Daft Punk,2013-05-20,228506,59,False,,2023-05-27T01:35:38Z,,,,,,,,,,,,,,
spotify:track:0oks4FnzhNp5QPTZtoet7c,Giorgio by Moroder,Random Access Memories,Daft Punk,2013-05-20,544626,66,False,,2023-05-27T01:35:33Z,,,,,,,,,,,,,,
spotify:track:3ctALmweZBapfBdFiIVpji,The Game of Love,Random Access Memories,Daft Punk,2013-05-20,322146,59,False,,2023-05-27T01:35:32Z,,,,,,,,,,,,,,
spotify:track:0dEIca2nhcxDUV8C5QkPYb,Give Life Back to Music,Random Access Memories,Daft Punk,2013-05-20,275386,66,False,,2023-05-27T01:35:31Z,,,,,,,,,,,,,,
spotify:track:6zfczP87XO2SxWlQtnjFNa,The Look,The English Riviera,Metronomy,2011-04-11,277653,71,False,,2023-05-25T02:52:33Z,,,,,,,,,,,,,,
spotify:track:1qtiESAzfGMw3YqJvI97ki,Lightenup,Parcels,Parcels,2018-10-12,237227,70,False,,2023-05-18T19:46:01Z,,,,,,,,,,,,,,
spotify:track:0hhXziDUO0wNYPsstDQWN6,Overnight,Overnight,Parcels,2017-06-21,219604,71,False,,2023-05-17T17:48:19Z,,,,,,,,,,,,,,
spotify:track:6PwjJ58I4t7Mae9xfZ9l9v,Somebody Told Me,Hot Fuss,The Killers,2004,197200,83,False,,2023-05-16T16:10:12Z,,,,,,,,,,,,,,
spotify:track:7rQ3Gz0M6eMUCOQf4fs0qq,Tompkins Square Park,Wilder Mind,Mumford & Sons,2015-05-01,312626,62,False,,2023-05-16T16:10:05Z,,,,,,,,,,,,,,
spotify:track:5dTHtzHFPyi8TlTtzoz1J9,Helena,Three Cheers for Sweet Revenge,My Chemical Romance,2004-06-08,204733,80,False,,2023-05-16T16:10:01Z,,,,,,,,,,,,,,
spotify:track:2DlHlPMa4M17kufBvI2lEN,Chop Suey!,Toxicity,System Of A Down,2001-09-04,210240,86,False,,2023-05-16T16:09:53Z,,,,,,,,,,,,,,
spotify:track:1yKAqZoi8xWGLCf5vajroL,The Ghost of You,Three Cheers for Sweet Revenge,My Chemical Romance,2004-06-08,194253,75,False,,2023-05-16T16:09:47Z,,,,,,,,,,,,,,
spotify:track:7CH99b2i1TXS5P8UUyWtnM,Them Changes,Drunk,Thundercat,2017-02-24,188453,70,False,,2023-05-11T19:21:59Z,,,,,,,,,,,,,,
spotify:track:6wNUBZNWFxdUGof6vkaykE,One For The Road,AM,Arctic Monkeys,2013-09-09,206051,69,False,,2023-04-25T00:31:51Z,,,,,,,,,,,,,,
spotify:track:2vQQfWTanvD99OeHLAoyhW,From The Ritz To The Rubble,"Whatever People Say I Am, That's What I'm Not",Arctic Monkeys,2006-01-29,193426,68,False,,2023-04-24T19:39:51Z,,,,,,,,,,,,,,
spotify:track:5UWwZ5lm5PKu6eKsHAGxOk,Everlong,The Colour And The Shape,Foo Fighters,1997-05-20,250546,85,False,,2023-04-02T01:31:31Z,,,,,,,,,,,,,,
spotify:track:2TAQ9YGehOKWDqDak5DuXc,Plush,Thank You,Stone Temple Pilots,2003-11-10,310400,59,False,,2023-04-02T01:31:26Z,,,,,,,,,,,,,,
spotify:track:59WN2psjkt1tyaxjspN8fp,Killing In The Name,Rage Against The Machine - XX (20th Anniversary Special Edition),Rage Against The Machine,1992,313573,81,True,,2023-04-02T01:31:23Z,,,,,,,,,,,,,,
spotify:track:0sTlGEld0h8kIPZaKDYUf4,Notion,Notion,The Rare Occasions,2021-12-02,195120,84,False,,2023-03-25T06:17:28Z,,,,,,,,,,,,,,
spotify:track:3qdDjz9kOvquEFbvXBYOMQ,Tomorrow Comes Today,Gorillaz,Gorillaz,2001,193600,58,False,,2023-03-24T20:24:19Z,,,,,,,,,,,,,,
spotify:track:7kF1iPJTj3VFJX9XokQ80F,Slither,Contraband,Velvet Revolver,2004,248306,62,False,,2023-03-14T16:33:04Z,,,,,,,,,,,,,,
spotify:track:3xKsf9qdS1CyvXSMEid6g8,Pink + White,Blonde,Frank Ocean,2016-08-20,184516,87,False,,2023-03-12T00:24:05Z,,,,,,,,,,,,,,
spotify:track:3OeHPk27py8JaMUqIebznh,Around The Sun,Low Season,"Poolside, Amo Amo",2020-02-07,234493,58,False,,2023-03-11T23:31:13Z,,,,,,,,,,,,,,
spotify:track:66tkDkPsznE5zIHNt4QkXB,Tieduprightnow,Tieduprightnow,Parcels,2018-04-27,249956,75,False,,2023-03-11T23:07:46Z,,,,,,,,,,,,,,
spotify:track:0EvZksFiDpboeG4UVaIvJa,Theworstthing,Day/Night,Parcels,2021-11-05,183906,55,False,,2023-03-11T23:03:20Z,,,,,,,,,,,,,,
spotify:track:7kyiHjkFdmHcYcIJtFAdaF,Yam Yam,Yam Yam,No Vacation,2017-05-12,216038,0,False,,2023-02-19T23:54:37Z,,,,,,,,,,,,,,
spotify:track:1NeLwFETswx8Fzxl2AFl91,Something About Us,Discovery,Daft Punk,2001-03-12,232666,74,False,,2023-02-19T23:43:07Z,,,,,,,,,,,,,,
spotify:track:2Vi8BQIM9vCQkkrvf3VPjI,Money,14 Steps To A Better You,Lime Cordiale,2020-07-10,238180,58,True,,2023-01-20T21:35:46Z,,,,,,,,,,,,,,
spotify:track:2yliHB2Z5Ik3PGSwO6dlab,Consoler of the Lonely,Consolers of the Lonely,The Raconteurs,2008-03-25,205586,51,False,,2022-12-21T23:59:50Z,,,,,,,,,,,,,,
spotify:track:5oEgPvhTZ4CFjeuuLfmMsI,Above The Law,Hell: The Sequel (Deluxe),Bad Meets Evil,2011-01-01,209613,61,True,,2022-12-09T14:34:08Z,,,,,,,,,,,,,,
spotify:track:7lQ8MOhq6IN2w8EYcFNSUk,Without Me,The Eminem Show,Eminem,2002-05-26,290320,89,True,,2022-12-07T01:23:47Z,,,,,,,,,,,,,,
spotify:track:6Qn5zhYkTa37e91HC1D7lb,Whatever It Takes,Evolve,Imagine Dragons,2017-06-23,201240,83,False,,2022-12-07T01:07:08Z,,,,,,,,,,,,,,
spotify:track:6i0V12jOa3mr6uu4WYhUBr,Heathens,Heathens,Twenty One Pilots,2016-06-16,195920,84,False,,2022-12-07T01:06:09Z,,,,,,,,,,,,,,
spotify:track:3K4HG9evC7dg3N0R9cYqk4,One Step Closer,Hybrid Theory (Bonus Edition),Linkin Park,2000-10-24,157333,83,False,,2022-12-07T01:03:46Z,,,,,,,,,,,,,,
spotify:track:62yJjFtgkhUrXktIoSjgP2,Radioactive,Night Visions,Imagine Dragons,2012-09-04,186813,81,False,,2022-12-07T01:03:37Z,,,,,,,,,,,,,,
spotify:track:1v7L65Lzy0j0vdpRjJewt1,Lose Yourself,Just Lose It,Eminem,2004-01-01,322226,81,True,,2022-12-07T01:03:26Z,,,,,,,,,,,,,,
spotify:track:75IN3CtuZwTHTnZvYM4qnJ,My Name Is,The Slim Shady LP,Eminem,1999-02-23,268400,74,True,,2022-12-07T00:58:30Z,,,,,,,,,,,,,,
spotify:track:669npuMwVlYFReOpYFYxwH,Wild Side,"Girls, Girls, Girls (Deluxe Version)",Mötley Crüe,1987-05-15,281960,1,False,,2022-11-25T21:17:31Z,,,,,,,,,,,,,,
spotify:track:65cQN8pUC0dkKryUhEqJPh,Thank God I'm Not You,Thank God I'm Not You,HIMALAYAS,2017-05-12,194625,55,False,,2022-11-24T23:47:40Z,,,,,,,,,,,,,,
spotify:track:3jjQHULAVn71k40mKwGMiV,Juicebox,First Impressions Of Earth,The Strokes,2006-01-03,194573,59,False,,2022-11-10T23:17:32Z,,,,,,,,,,,,,,
spotify:track:4I3573QbRpER4HPzyFSFJa,Salute Your Solution,Consolers of the Lonely,The Raconteurs,2008-03-25,179973,56,False,,2022-11-10T23:11:58Z,,,,,,,,,,,,,,
spotify:track:58KPPL1AdLHMvR2O2PZejr,Jesus of Suburbia,American Idiot,Green Day,2004-09-21,548253,68,True,,2022-11-10T23:10:09Z,,,,,,,,,,,,,,
spotify:track:0d28khcov6AiegSCpG5TuT,Feel Good Inc.,Demon Days,"Gorillaz, De La Soul",2005-05-23,222640,90,False,,2022-11-10T16:27:46Z,,,,,,,,,,,,,,
spotify:track:1HW8Eci2TSMF9EaVZHnNzj,Baby Drummer,Bad Nerves,Bad Nerves,2020-11-20,140546,0,False,,2022-11-10T16:25:51Z,,,,,,,,,,,,,,
spotify:track:4Z69VxUgbZyMX7uN6Xg0q9,Live Wire,Too Fast For Love (Deluxe Version),Mötley Crüe,1981-11-10,194586,0,False,,2022-11-09T11:28:50Z,,,,,,,,,,,,,,
spotify:track:0TmjXlfLcOq1jUpdiWVTKp,Where There's a Whip There's a Way,Wake Me When It's Over,Faster Pussycat,1989-08-01,404813,35,False,,2022-11-09T01:03:42Z,,,,,,,,,,,,,,
spotify:track:2Q9oQ6jIaz3kY00qehhmzk,Carry On Wayward Son - Single Version,70s 100 Hits,Kansas,2010-03-01,205200,48,False,,2022-11-04T17:07:36Z,,,,,,,,,,,,,,
spotify:track:2dyfo7lqKI7NtSAhUZwnoJ,My Michelle,Appetite For Destruction,Guns N' Roses,1987-07-21,218666,0,False,,2022-10-27T22:23:04Z,,,,,,,,,,,,,,
spotify:track:5e3YOg6fIkP0wD5TyxcHOH,Cult of Personality,Vivid (Expanded Edition),Living Colour,1988,294826,2,False,,2022-10-27T22:07:06Z,,,,,,,,,,,,,,
spotify:track:2ov8L95QD25TLpZAZPYWXL,Mr. Crowley,Blizzard Of Ozz (40th Anniversary Expanded Edition),Ozzy Osbourne,2020-09-18,302647,71,False,,2022-10-21T20:24:43Z,,,,,,,,,,,,,,
spotify:track:0dlTGl67UFWcKupzkxZYOn,You Could Be Mine,Use Your Illusion II,Guns N' Roses,1991-09-18,343640,73,False,,2022-10-21T20:19:57Z,,,,,,,,,,,,,,
spotify:track:7p4vHnYXkxlzvfePJVpcTr,Feels Like Summer,Summer Pack,Childish Gambino,2018-07-11,297404,72,False,,2022-09-08T18:25:56Z,,,,,,,,,,,,,,
spotify:track:74v8vqMR3A1FfxufMugQ7I,Naturally,Permanent Vacation,Lime Cordiale,2017-10-13,170831,53,False,,2022-09-08T18:20:01Z,,,,,,,,,,,,,,
spotify:track:3HlK8txWAdtKMrbsqX40pl,Freaking Out the Neighborhood,2,Mac DeMarco,2012-10-16,173888,77,False,,2022-09-08T17:33:36Z,,,,,,,,,,,,,,
spotify:track:686Al5Fl1wzyp7vwAss0pW,Trainwreck 1979,The Physical World,Death From Above 1979,2014-09-09,226689,0,False,,2022-09-01T20:37:40Z,,,,,,,,,,,,,,
spotify:track:1dyTcli07c77mtQK3ahUZR,Just,The Bends,Radiohead,1995-03-13,234800,76,False,,2022-09-01T01:25:13Z,,,,,,,,,,,,,,
spotify:track:6K4t31amVTZDgR3sKmwUJJ,The Less I Know The Better,Currents,Tame Impala,2015-07-17,216320,89,True,,2022-08-30T01:39:56Z,,,,,,,,,,,,,,
spotify:track:3EG9FJ0ToLfgnc1IG2Z1wz,SWEET / I THOUGHT YOU WANTED TO DANCE (feat. Brent Faiyaz & Fana Hues),CALL ME IF YOU GET LOST,"Tyler, The Creator, Brent Faiyaz, Fana Hues",2021-06-25,588139,74,True,,2022-08-30T01:39:40Z,,,,,,,,,,,,,,
spotify:track:4LRPiXqCikLlN15c3yImP7,As It Was,As It Was,Harry Styles,2022-03-31,167303,13,False,,2022-08-25T04:58:04Z,,,,,,,,,,,,,,
spotify:track:6QHXcb0eFwOKZOZ9bOFmxm,Toxic Pony,Toxic Pony,"ALTÉGO, Britney Spears, Ginuwine",2022-01-21,198041,65,False,,2022-08-20T01:16:01Z,,,,,,,,,,,,,,
spotify:track:4zguEJ2UaLe4zbEIDWqiVP,Hammer To Fall - Remastered 2011,Greatest Hits II (2011 Remaster),Queen,1991-10-28,218320,64,False,,2022-08-06T21:23:40Z,,,,,,,,,,,,,,
spotify:track:1BvpeiApX8qhof8Pmi3YlH,New York Groove,Kiss: Ace Frehley,Ace Frehley,1978-01-01,183693,60,False,,2022-08-06T14:55:37Z,,,,,,,,,,,,,,
spotify:track:2WlOO5UM3eoEQt7Z2z3PU1,Might Be,Venice,Anderson .Paak,2014-10-28,237165,0,True,,2022-07-26T01:20:29Z,,,,,,,,,,,,,,
spotify:track:47vDLYqhLl0CaAiqBfvtZE,You Could Be Mine,Use Your Illusion II,Guns N' Roses,1991-09-18,343640,0,False,,2022-06-28T02:23:03Z,,,,,,,,,,,,,,
spotify:track:7iLeu3HnJt7hkxfrqO55V4,Anything Goes,Appetite For Destruction,Guns N' Roses,1987-07-21,206360,0,False,,2022-06-28T02:23:01Z,,,,,,,,,,,,,,
spotify:track:3YRCqOhFifThpSRFJ1VWFM,November Rain,Use Your Illusion I,Guns N' Roses,1991-09-17,536066,84,False,,2022-06-28T02:23:00Z,,,,,,,,,,,,,,
spotify:track:5DSNnlWoNxgf9ook9d886d,Chinese Democracy,Chinese Democracy,Guns N' Roses,2008-11-23,283213,0,False,,2022-06-28T02:22:59Z,,,,,,,,,,,,,,
spotify:track:5fYToH2nWAzPYmWmOPNyZE,Bad Apples,Use Your Illusion I,Guns N' Roses,1991-09-17,267066,46,True,,2022-06-28T02:22:58Z,,,,,,,,,,,,,,
spotify:track:1Glpi1dFEusoCYqyFSywci,Catcher In The Rye,Chinese Democracy,Guns N' Roses,2008-11-23,352986,0,False,,2022-06-28T02:22:57Z,,,,,,,,,,,,,,
spotify:track:638OrV0KtFGrxvLoAUvxCY,Shotgun Blues,Use Your Illusion II,Guns N' Roses,1991-09-18,203000,0,True,,2022-06-28T02:22:56Z,,,,,,,,,,,,,,
spotify:track:267z5eJwlfiP5FZ3CklTtK,Think About You,Appetite For Destruction,Guns N' Roses,1987-07-21,231600,0,False,,2022-06-28T02:22:54Z,,,,,,,,,,,,,,
spotify:track:78xpu4fCMIjtcrpZmQEcqB,Prostitute,Chinese Democracy,Guns N' Roses,2008-11-23,375773,0,False,,2022-06-28T02:22:53Z,,,,,,,,,,,,,,
spotify:track:5elBPrrIM4dWbGVTluXBPl,Mama Kin - Live Version,G N' R Lies,Guns N' Roses,1988-11-29,235200,48,True,,2022-06-28T02:22:52Z,,,,,,,,,,,,,,
spotify:track:4QwZxcgEIgXvBeWhajlL39,Riad N' The Bedouins,Chinese Democracy,Guns N' Roses,2008-11-23,250173,0,False,,2022-06-28T02:22:51Z,,,,,,,,,,,,,,
spotify:track:5YXvG4PL4Wisyx2ScUxVFF,Right Next Door To Hell,Use Your Illusion I,Guns N' Roses,1991-09-17,182133,52,True,,2022-06-28T02:22:50Z,,,,,,,,,,,,,,
spotify:track:3BMPJPW7F8v2HXwUktQexV,Yesterdays,Use Your Illusion II,Guns N' Roses,1991-09-18,196226,0,False,,2022-06-28T02:22:47Z,,,,,,,,,,,,,,
spotify:track:2uKcU4FPX5eOjmd6RWb9OF,Patience,G N' R Lies,Guns N' Roses,1988-11-29,354400,54,True,,2022-06-28T02:22:46Z,,,,,,,,,,,,,,
spotify:track:6BOpSVtTxkK4zeXTOadUBH,Estranged,Use Your Illusion II,Guns N' Roses,1991-09-18,563893,0,False,,2022-06-28T02:22:44Z,,,,,,,,,,,,,,
spotify:track:5Q41NLTmGbVPozwHKK7bk2,Paradise City,Appetite For Destruction,Guns N' Roses,1987-07-21,406306,4,False,,2022-06-28T02:22:42Z,,,,,,,,,,,,,,
spotify:track:7I2Q7AQqVInZYwOoDHZGOf,Reckless Life - Live,G N' R Lies,Guns N' Roses,1988-11-29,200600,41,True,,2022-06-28T02:22:42Z,,,,,,,,,,,,,,
spotify:track:1AU7nLoyAO170E6V5iZkEM,Down On The Farm,The Spaghetti Incident?,Guns N' Roses,1993-11-23,208506,48,True,,2022-06-28T02:22:40Z,,,,,,,,,,,,,,
spotify:track:0mFZA712n5Wjn1m99fsxFX,Perfect Crime,Use Your Illusion I,Guns N' Roses,1991-09-17,143106,49,True,,2022-06-28T02:19:57Z,,,,,,,,,,,,,,
spotify:track:6vJr5tMpHcbllNGyoaSKza,Welcome To The Jungle - 1986 Sound City Session,Welcome To The Jungle (1986 Sound City Session),Guns N' Roses,2018-06-08,299093,43,False,,2022-06-28T02:19:55Z,,,,,,,,,,,,,,
spotify:track:2alA1gqJ4ONXEYKvuzAhcM,Move To The City - Live,G N' R Lies,Guns N' Roses,1988-11-29,222733,39,False,,2022-06-28T02:19:50Z,,,,,,,,,,,,,,
spotify:track:6O2fGDuLTT67XT6wWbkKHh,Ain't It Fun,The Spaghetti Incident?,Guns N' Roses,1993-11-23,305800,56,True,,2022-06-28T02:19:49Z,,,,,,,,,,,,,,
spotify:track:4MhTFsyqIJnjsOweVcU8ug,Sweet Child O' Mine,Appetite For Destruction,Guns N' Roses,1987-07-21,356400,5,False,,2022-06-28T02:19:47Z,,,,,,,,,,,,,,
spotify:track:1lOuIyCsLqFwQFLFahWCC6,Human Being,The Spaghetti Incident?,Guns N' Roses,1993-11-23,408333,41,False,,2022-06-28T02:19:45Z,,,,,,,,,,,,,,
spotify:track:0eE7uuITRbFPG6NDKmPFUJ,Shackler's Revenge,Chinese Democracy,Guns N' Roses,2008-11-23,216600,0,False,,2022-06-28T02:19:43Z,,,,,,,,,,,,,,
spotify:track:3ALSC15RwPtxecHXgTYFv9,Breakdown,Use Your Illusion II,Guns N' Roses,1991-09-18,424493,0,False,,2022-06-28T02:12:25Z,,,,,,,,,,,,,,
spotify:track:2dsamqceYOKqLNx2Ch6Zhz,Black Leather,The Spaghetti Incident?,Guns N' Roses,1993-11-23,248493,40,False,,2022-06-28T02:08:16Z,,,,,,,,,,,,,,
spotify:track:5j6WdDC183izbbjedKsSAe,Rocket Queen,Appetite For Destruction,Guns N' Roses,1987-07-21,375306,0,False,,2022-06-28T02:05:22Z,,,,,,,,,,,,,,
spotify:track:5hnVfKydey3IoPaBzZTOZ5,There Was A Time,Chinese Democracy,Guns N' Roses,2008-11-23,400693,0,False,,2022-06-28T02:05:15Z,,,,,,,,,,,,,,
spotify:track:4f733yeI0AWVpSpS8N0ZsV,This I Love,Chinese Democracy,Guns N' Roses,2008-11-23,334373,0,False,,2022-06-28T02:02:51Z,,,,,,,,,,,,,,
spotify:track:1Pvmzboyxwp1rOVYqwKIgU,Hard Skool,Hard Skool,Guns N' Roses,2021-09-24,221892,54,False,,2022-06-28T02:02:46Z,,,,,,,,,,,,,,
spotify:track:3YnJJhSe1cZJtOmhW7bYX1,Coma,Use Your Illusion I,Guns N' Roses,1991-09-17,613800,53,True,,2022-06-28T02:02:34Z,,,,,,,,,,,,,,
spotify:track:6pVt7sbKT3G04s9mDU4bN7,Better,Chinese Democracy,Guns N' Roses,2008-11-23,297226,0,False,,2022-06-28T02:00:48Z,,,,,,,,,,,,,,
spotify:track:0GQuzKlkH0otZ01oMFzsSu,You're Crazy,Appetite For Destruction,Guns N' Roses,1987-07-21,197200,0,True,,2022-06-28T02:00:43Z,,,,,,,,,,,,,,
spotify:track:5bGxSfPQfAsC6sBcHT3aZs,Pretty Tied Up (The Perils Of Rock N' Roll Decadence),Use Your Illusion II,Guns N' Roses,1991-09-18,287906,0,False,,2022-06-28T02:00:35Z,,,,,,,,,,,,,,
spotify:track:6IzwetEtVoo1kl4UK67AOV,Nice Boys - Live,G N' R Lies,Guns N' Roses,1988-11-29,183026,39,False,,2022-06-28T02:00:24Z,,,,,,,,,,,,,,
spotify:track:2uduMoxSNLkDBhyLS2JroT,Used To Love Her,G N' R Lies,Guns N' Roses,1988-11-29,191360,50,True,,2022-06-28T02:00:20Z,,,,,,,,,,,,,,
spotify:track:5rpfLrI7nSQAu7RnDWZ2dV,You're Crazy,G N' R Lies,Guns N' Roses,1988-11-29,248840,44,True,,2022-06-28T02:00:16Z,,,,,,,,,,,,,,
spotify:track:00M9yJJMiLwu8obvuNFImu,Street Of Dreams,Chinese Democracy,Guns N' Roses,2008-11-23,286346,0,False,,2022-06-28T01:56:57Z,,,,,,,,,,,,,,
spotify:track:4vtXsXvSYaTfKQ0dJXbJGu,Dust N' Bones,Use Your Illusion I,Guns N' Roses,1991-09-17,298160,57,True,,2022-06-28T01:56:52Z,,,,,,,,,,,,,,
spotify:track:7tdJuL2ZgmKDwIIFDdNanK,Dead Horse,Use Your Illusion I,Guns N' Roses,1991-09-17,257573,55,False,,2022-06-28T01:56:46Z,,,,,,,,,,,,,,
spotify:track:2foNAckCzsyD0HJUbmhTZJ,Raw Power,The Spaghetti Incident?,Guns N' Roses,1993-11-23,191826,39,False,,2022-06-28T01:56:38Z,,,,,,,,,,,,,,
spotify:track:3OC8nDbyCeimpYyNf5IxD7,Scraped,Chinese Democracy,Guns N' Roses,2008-11-23,210386,0,False,,2022-06-28T01:56:30Z,,,,,,,,,,,,,,
spotify:track:1kzXq8BypEKXYLTcStgVPl,I.R.S.,Chinese Democracy,Guns N' Roses,2008-11-23,267920,0,False,,2022-06-28T01:56:21Z,,,,,,,,,,,,,,
spotify:track:2e5Ja3v5arGEqprOaEZBh0,Don't Damn Me,Use Your Illusion I,Guns N' Roses,1991-09-17,318360,50,True,,2022-06-28T01:51:03Z,,,,,,,,,,,,,,
spotify:track:0TQJspJjXWrMGK241GL21I,So Fine,Use Your Illusion II,Guns N' Roses,1991-09-18,246373,0,False,,2022-06-28T01:50:50Z,,,,,,,,,,,,,,
spotify:track:3kSsbFBOdaflBNNJkiG1ja,New Rose,The Spaghetti Incident?,Guns N' Roses,1993-11-23,158360,47,False,,2022-06-28T01:50:44Z,,,,,,,,,,,,,,
spotify:track:7q4Miqc5itaPtd20K2gH4N,ABSUЯD,ABSUЯD,Guns N' Roses,2021-08-06,203138,47,True,,2022-06-28T01:50:40Z,,,,,,,,,,,,,,
spotify:track:32V8SrHZnYzZu7V47L2jgK,Knockin' On Heaven's Door,Use Your Illusion II,Guns N' Roses,1991-09-18,336000,1,False,,2022-06-28T01:48:40Z,,,,,,,,,,,,,,
spotify:track:2bjL9PmPGs02oEjZcBMwuc,Buick Makane / Big Dumb Sex,The Spaghetti Incident?,Guns N' Roses,1993-11-23,159800,38,True,,2022-06-28T01:48:36Z,,,,,,,,,,,,,,
spotify:track:2sVWzrtoEzBJW7eXAcUzrc,Move To The City - 1988 Acoustic Version,Move To The City (1988 Acoustic Version),Guns N' Roses,2018-06-22,206746,38,True,,2022-06-28T01:48:29Z,,,,,,,,,,,,,,
spotify:track:4l1rf1dvAOTAOCf07fM2mi,Madagascar,Chinese Democracy,Guns N' Roses,2008-11-23,337973,0,False,,2022-06-28T01:48:24Z,,,,,,,,,,,,,,
spotify:track:6zVhuqfLLKKL29blllsegO,My Michelle,Appetite For Destruction,Guns N' Roses,1987-07-21,219933,0,False,,2022-06-28T01:44:41Z,,,,,,,,,,,,,,
spotify:track:6Yt3jYsbIvtsWQdRUhsPjP,Get In The Ring,Use Your Illusion II,Guns N' Roses,1991-09-18,341306,0,True,,2022-06-28T01:38:58Z,,,,,,,,,,,,,,
spotify:track:7CUxJpZBHFWlMfsNnLQAJP,Sorry,Chinese Democracy,Guns N' Roses,2008-11-23,374186,0,False,,2022-06-28T01:38:06Z,,,,,,,,,,,,,,
spotify:track:6bmDubIvPCkNiDQeamxF8Q,If The World,Chinese Democracy,Guns N' Roses,2008-11-23,293520,0,False,,2022-06-28T01:36:46Z,,,,,,,,,,,,,,
spotify:track:5rGmkQ5cXbDrFPW8CefvFq,Garden Of Eden,Use Your Illusion I,Guns N' Roses,1991-09-17,160800,49,True,,2022-06-28T01:34:01Z,,,,,,,,,,,,,,
spotify:track:2BIeuwl9LLYBbnEuk1eF3p,You Can't Put Your Arms Around A Memory,The Spaghetti Incident?,Guns N' Roses,1993-11-23,215066,39,True,,2022-06-28T01:33:56Z,,,,,,,,,,,,,,
spotify:track:46AtSShP5IL2Ls3uHpxmt8,Double Talkin' Jive,Use Your Illusion I,Guns N' Roses,1991-09-17,202040,56,True,,2022-06-28T01:30:38Z,,,,,,,,,,,,,,
spotify:track:5sVf9kN90ScddiT3SdT9Qh,Since I Don't Have You,The Spaghetti Incident?,Guns N' Roses,1993-11-23,259906,67,True,,2022-06-28T01:30:30Z,,,,,,,,,,,,,,
spotify:track:4SWJh9qzSv0EJyZ3BZ5Fd3,"I Don't Care About You / Look At Your Game, Girl",The Spaghetti Incident?,Guns N' Roses,1993-11-23,291506,38,True,,2022-06-28T01:30:18Z,,,,,,,,,,,,,,
spotify:track:4PSnQLK4uSmFfuZYEcXNUp,Bad Obsession,Use Your Illusion I,Guns N' Roses,1991-09-17,326666,53,True,,2022-06-28T01:24:48Z,,,,,,,,,,,,,,
spotify:track:0ivarc4umuzp5I3J7lPDJc,Attitude,The Spaghetti Incident?,Guns N' Roses,1993-11-23,87000,47,True,,2022-06-28T01:23:07Z,,,,,,,,,,,,,,
spotify:track:1kq4BX4zZHyr4O5cJGcduh,Hair Of The Dog,The Spaghetti Incident?,Guns N' Roses,1993-11-23,234906,49,False,,2022-06-28T01:22:52Z,,,,,,,,,,,,,,
spotify:track:2N2yrmodOnVF10mKvItC9P,Don't Cry (Original),Use Your Illusion I,Guns N' Roses,1991-09-17,283733,81,False,,2022-06-28T01:18:06Z,,,,,,,,,,,,,,
spotify:track:6WVSnyKQGzs1fosa2I3FMQ,Shibuya (feat. Syd),Free Nationals,"Free Nationals, Syd",2019-12-13,136831,58,False,,2022-06-05T17:50:26Z,,,,,,,,,,,,,,
spotify:track:3AN70xkC9i9fFBpKlukRhY,Winners Circle,Ventura,Anderson .Paak,2019-04-12,209237,48,True,,2022-06-05T17:50:19Z,,,,,,,,,,,,,,
spotify:track:6eYUbXmncekAKMYZcsSkyD,I Stand Alone,Faceless,Godsmack,2003-04-08,246040,59,False,,2022-05-07T20:11:28Z,,,,,,,,,,,,,,
spotify:track:4OV0sRTFrZLXaZZ1sS9hLn,Sirius,Eye In The Sky (Expanded Edition),The Alan Parsons Project,1982,115280,45,False,,2022-04-30T00:20:55Z,,,,,,,,,,,,,,
spotify:track:40rvBMQizxkIqnjPdEWY1v,Down with the Sickness,The Sickness,Disturbed,2000-03-07,279213,78,True,,2022-04-24T01:22:34Z,,,,,,,,,,,,,,
spotify:track:3IV4swNduIRunHREK80owz,Rollin' (Air Raid Vehicle),Chocolate Starfish And The Hot Dog Flavored Water,Limp Bizkit,2000-10-17,213760,84,True,,2022-04-24T01:09:36Z,,,,,,,,,,,,,,
spotify:track:46eHxWRKmtYhUHPDRgclt6,Careless Whisper,Finding Beauty In Negative Spaces (Bonus Track Version),Seether,2007-01-01,296973,69,False,,2022-04-24T01:08:22Z,,,,,,,,,,,,,,
spotify:track:77YKoNCjP5hWqiXMRG2839,Shine,"Hints, Allegations & Things Left Unsaid",Collective Soul,1994-03-22,306040,72,False,,2022-04-19T02:48:27Z,,,,,,,,,,,,,,
spotify:track:5W8YXBz9MTIDyrpYaCg2Ky,Last Resort,Infest,Papa Roach,2000-04-25,199906,83,True,,2022-04-04T15:04:56Z,,,,,,,,,,,,,,
spotify:track:42ZVk59gT4tMlrZmd8Ijxf,Indestructible,Indestructible (Deluxe Edition),Disturbed,2008-04-29,278026,69,False,,2022-04-04T15:04:49Z,,,,,,,,,,,,,,
spotify:track:60a0Rd6pjrkxjPbaKzXjfq,In the End,Hybrid Theory (Bonus Edition),Linkin Park,2000-10-24,216880,90,False,,2022-04-04T14:55:06Z,,,,,,,,,,,,,,
spotify:track:4tvBoSWeIW0bjhKNre5mod,Thunder Kiss '65,La Sexorcisto: Devil Music Volume 1,White Zombie,1992-01-01,234080,66,False,,2022-04-04T14:54:58Z,,,,,,,,,,,,,,
spotify:track:1wsRitfRRtWyEapl0q22o8,Guerrilla Radio,The Battle Of Los Angeles,Rage Against The Machine,1999-11-02,206200,71,True,,2022-04-04T14:54:55Z,,,,,,,,,,,,,,
spotify:track:7CpbhqKUedOIrcvc94p60Y,Bodies,Sinner,Drowning Pool,2001-01-01,201960,79,False,,2022-04-02T23:25:20Z,,,,,,,,,,,,,,
spotify:track:6RJdYpFQwLyNfDc5FbjkgV,Stricken,Ten Thousand Fists,Disturbed,2005-09-19,245226,75,False,,2022-04-02T23:21:53Z,,,,,,,,,,,,,,
spotify:track:1RRlUJMxjp2FmkTExBT2T7,Fkn Around (feat. Megan Thee Stallion),Fkn Around (feat. Megan Thee Stallion),"Phony Ppl, Megan Thee Stallion",2020-01-31,244048,43,True,,2022-03-05T02:55:02Z,,,,,,,,,,,,,,
spotify:track:4ehkZtzPTbjsRULRfQSWYu,Inside Friend (feat. John Mayer),Inside Friend (feat. John Mayer),"Leon Bridges, John Mayer",2020-04-10,175432,54,False,,2022-03-02T22:39:39Z,,,,,,,,,,,,,,
spotify:track:5oZps6mYqU5s7A4WjUZggJ,Lockdown,Lockdown,Anderson .Paak,2020-06-19,212613,48,True,,2022-03-02T22:35:45Z,,,,,,,,,,,,,,
spotify:track:1UrxBDCv9kDRIBUc2oskNR,Gidget (feat. Anderson .Paak & T.Nava),Free Nationals,"Free Nationals, Anderson .Paak, T.Nava",2019-12-13,219243,54,True,,2022-03-02T22:28:16Z,,,,,,,,,,,,,,
spotify:track:5QhBKPqsnX1uY9fZNaAtZg,Stronger,Oops!... I Did It Again,Britney Spears,2000-05-16,203000,68,False,,2021-05-23T19:39:45Z,,,,,,,,,,,,,,
spotify:track:7qEHsqek33rTcFNT9PFqLf,Someone You Loved,Divinely Uninspired To A Hellish Extent,Lewis Capaldi,2019-05-17,182160,87,False,,2020-05-20T03:13:23Z,,,,,,,,,,,,,,
spotify:track:2iIb73Qn02LsZwpW8RJUxh,Friction,Smoke + Mirrors,Imagine Dragons,2014-09-18,201800,52,False,,2018-06-20T20:39:19Z,,,,,,,,,,,,,,
spotify:track:1DYKbBG7YwQFytu2iRvhXt,Hype,Views,Drake,2016-05-13,209413,0,False,,2018-06-20T20:39:06Z,,,,,,,,,,,,,,
spotify:track:3WqvAuxlDjOIr8LEzwQYnY,Pop Style,Views,Drake,2016-05-13,212946,0,False,,2018-06-20T20:38:58Z,,,,,,,,,,,,,,
spotify:track:77hlBnevpj8cbiH7sc0Iro,Wesley's Theory,To Pimp A Butterfly,"Kendrick Lamar, George Clinton, Thundercat",2015-03-16,287360,0,True,,2018-06-20T20:36:43Z,,,,,,,,,,,,,,
spotify:track:2umxjPqGGkrBdxKx0835gC,For Free? - Interlude,To Pimp A Butterfly,Kendrick Lamar,2015-03-16,130893,0,True,,2018-06-20T20:36:43Z,,,,,,,,,,,,,,
spotify:track:1vffte5WTHIik37ePfJdo4,King Kunta,To Pimp A Butterfly,Kendrick Lamar,2015-03-16,234693,1,True,,2018-06-20T20:36:43Z,,,,,,,,,,,,,,
spotify:track:5kqQoLsjAHHxXmVe4oBT83,Institutionalized,To Pimp A Butterfly,"Kendrick Lamar, Bilal, Anna Wise, Snoop Dogg",2015-03-16,271773,0,True,,2018-06-20T20:36:43Z,,,,,,,,,,,,,,
spotify:track:7nv5sYNKHjk55fSJZVg6tk,u,To Pimp A Butterfly,Kendrick Lamar,2015-03-16,268493,0,True,,2018-06-20T20:36:43Z,,,,,,,,,,,,,,
spotify:track:33i0KOPBWURNW3l97a4QPy,Alright,To Pimp A Butterfly,Kendrick Lamar,2015-03-16,219333,0,True,,2018-06-20T20:36:43Z,,,,,,,,,,,,,,
spotify:track:6I8qWAvgjKEOH2dfuYqxKu,For Sale? - Interlude,To Pimp A Butterfly,Kendrick Lamar,2015-03-16,291720,0,True,,2018-06-20T20:36:43Z,,,,,,,,,,,,,,
spotify:track:4c7obYnJE084ZBtxnHIRVt,Momma,To Pimp A Butterfly,Kendrick Lamar,2015-03-16,283120,0,True,,2018-06-20T20:36:43Z,,,,,,,,,,,,,,
spotify:track:4r3ZKk0ShOoVrzrFnyjAWw,Hood Politics,To Pimp A Butterfly,Kendrick Lamar,2015-03-16,292520,0,True,,2018-06-20T20:36:43Z,,,,,,,,,,,,,,
spotify:track:3BNjuJBicYBzcgos3TPlOx,How Much A Dollar Cost,To Pimp A Butterfly,"Kendrick Lamar, James Fauntleroy, Ronald Isley",2015-03-16,261746,0,True,,2018-06-20T20:36:43Z,,,,,,,,,,,,,,
spotify:track:5IVMqYdpCjoyaRkNLYlFqN,Complexion (A Zulu Love),To Pimp A Butterfly,"Kendrick Lamar, Rapsody",2015-03-16,263360,0,True,,2018-06-20T20:36:43Z,,,,,,,,,,,,,,
spotify:track:0mRxPVluGvxD6TitLPcbYt,The Blacker The Berry,To Pimp A Butterfly,Kendrick Lamar,2015-03-16,328826,0,True,,2018-06-20T20:36:43Z,,,,,,,,,,,,,,
spotify:track:46lAAW4MoITmo8D4UAHfMB,You Ain't Gotta Lie (Momma Said),To Pimp A Butterfly,Kendrick Lamar,2015-03-16,241680,0,True,,2018-06-20T20:36:43Z,,,,,,,,,,,,,,
spotify:track:08XAlO8SlW0MWgTDNYkG27,i,To Pimp A Butterfly,Kendrick Lamar,2015-03-16,336013,0,True,,2018-06-20T20:36:43Z,,,,,,,,,,,,,,
spotify:track:1zXys0cNTefboiSz6U4vYO,Mortal Man,To Pimp A Butterfly,Kendrick Lamar,2015-03-16,727106,0,True,,2018-06-20T20:36:43Z,,,,,,,,,,,,,,
spotify:track:3ZFwFe104aquLWAwagKgtg,BLOOD.,DAMN.,Kendrick Lamar,2017-04-14,118066,0,True,,2018-06-20T20:35:48Z,,,,,,,,,,,,,,
spotify:track:4cGeMgLcykDLAazHFpbZbU,DNA.,DAMN.,Kendrick Lamar,2017-04-14,185946,1,True,,2018-06-20T20:35:48Z,,,,,,,,,,,,,,
spotify:track:22uyC54d6XAPRTlc6IchaP,YAH.,DAMN.,Kendrick Lamar,2017-04-14,160293,0,True,,2018-06-20T20:35:48Z,,,,,,,,,,,,,,
spotify:track:6rZssCJPEdQnyeEdNLKsr8,ELEMENT.,DAMN.,Kendrick Lamar,2017-04-14,208733,0,True,,2018-06-20T20:35:48Z,,,,,,,,,,,,,,
spotify:track:7Lb4aeK6E6QjNBIxxHQGek,FEEL.,DAMN.,Kendrick Lamar,2017-04-14,214826,0,True,,2018-06-20T20:35:48Z,,,,,,,,,,,,,,
spotify:track:7zjRBaNkVjk1vZ8JqxQIXO,LOYALTY. FEAT. RIHANNA.,DAMN.,"Kendrick Lamar, Rihanna",2017-04-14,227360,0,True,,2018-06-20T20:35:48Z,,,,,,,,,,,,,,
spotify:track:5AL46kwqlBX7qWP3qUppJe,PRIDE.,DAMN.,Kendrick Lamar,2017-04-14,275253,0,True,,2018-06-20T20:35:48Z,,,,,,,,,,,,,,
spotify:track:7ujx3NYtwO2LkmKGz59mXp,HUMBLE.,DAMN.,Kendrick Lamar,2017-04-14,177000,2,True,,2018-06-20T20:35:48Z,,,,,,,,,,,,,,
spotify:track:5BniTxgyzl4kPkXdiAAiEV,LUST.,DAMN.,Kendrick Lamar,2017-04-14,307880,0,True,,2018-06-20T20:35:48Z,,,,,,,,,,,,,,
spotify:track:5WkPWduQVV8fh7pppm1fqg,LOVE. FEAT. ZACARI.,DAMN.,"Kendrick Lamar, Zacari",2017-04-14,213400,0,True,,2018-06-20T20:35:48Z,,,,,,,,,,,,,,
spotify:track:73HCBO1XCKxNMTZLTFgs8A,XXX. FEAT. U2.,DAMN.,"Kendrick Lamar, U2",2017-04-14,254200,0,True,,2018-06-20T20:35:48Z,,,,,,,,,,,,,,
spotify:track:3SP0MlWYfu7xt1ZfMqBxh9,FEAR.,DAMN.,Kendrick Lamar,2017-04-14,460573,0,True,,2018-06-20T20:35:48Z,,,,,,,,,,,,,,
spotify:track:7ILDKRd8vc3qB749vDvuJd,GOD.,DAMN.,Kendrick Lamar,2017-04-14,248826,0,True,,2018-06-20T20:35:48Z,,,,,,,,,,,,,,
spotify:track:0CA3A2LhGO9cdx6z5EETy2,DUCKWORTH.,DAMN.,Kendrick Lamar,2017-04-14,248613,0,True,,2018-06-20T20:35:48Z,,,,,,,,,,,,,,
spotify:track:7pamxApUs3CE8t7tKmUJ6Z,The Bird,Malibu,Anderson .Paak,2016-01-15,217773,53,True,,2018-06-20T20:35:06Z,,,,,,,,,,,,,,
spotify:track:25GlFJq5QNAXyVgJvCZ4Mf,Heart Don't Stand a Chance,Malibu,Anderson .Paak,2016-01-15,312360,57,True,,2018-06-20T20:35:06Z,,,,,,,,,,,,,,
spotify:track:23T4gelZgImtFxbHjXnYbm,The Waters (feat. BJ the Chicago Kid),Malibu,"Anderson .Paak, BJ The Chicago Kid",2016-01-15,174253,49,True,,2018-06-20T20:35:06Z,,,,,,,,,,,,,,
spotify:track:5G0nSEIT0fGUZY0caM9AnH,The Season | Carry Me,Malibu,Anderson .Paak,2016-01-15,328813,47,True,,2018-06-20T20:35:06Z,,,,,,,,,,,,,,
spotify:track:70SjyVMzhmMeJQD8hOmIBp,Put Me Thru,Malibu,Anderson .Paak,2016-01-15,160760,55,True,,2018-06-20T20:35:06Z,,,,,,,,,,,,,,
spotify:track:1UjyF6okUHhnVxaLV8ojsA,Am I Wrong (feat. ScHoolboy Q),Malibu,"Anderson .Paak, ScHoolboy Q",2016-01-15,253520,56,True,,2018-06-20T20:35:06Z,,,,,,,,,,,,,,
spotify:track:2UYPFtrIIaIQdxLCaFwjFu,Without You (feat. Rapsody),Malibu,"Anderson .Paak, Rapsody",2016-01-15,199346,45,True,,2018-06-20T20:35:06Z,,,,,,,,,,,,,,
spotify:track:5zyySSTcBpXQ8gSbuONRH7,Parking Lot,Malibu,Anderson .Paak,2016-01-15,234333,47,True,,2018-06-20T20:35:06Z,,,,,,,,,,,,,,
spotify:track:2vJIsdYIthbnWgLaLD9yrj,Lite Weight (feat. The Free Nationals United Fellowship Choir),Malibu,"Anderson .Paak, The Free Nationals United Fellowship Choir",2016-01-15,206360,48,True,,2018-06-20T20:35:06Z,,,,,,,,,,,,,,
spotify:track:6Lr9sGM6kARYVDL2dj0lqV,Room in Here (feat. The Game & Sonyae Elise),Malibu,"Anderson .Paak, The Game, Sonyae",2016-01-15,239173,47,True,,2018-06-20T20:35:06Z,,,,,,,,,,,,,,
spotify:track:3qUNcMXZBO5vvhSHLhBpJ9,Water Fall (Interluuube),Malibu,Anderson .Paak,2016-01-15,118053,40,True,,2018-06-20T20:35:06Z,,,,,,,,,,,,,,
spotify:track:1GJr5BQIOvzFEoQlrufunl,Your Prime,Malibu,Anderson .Paak,2016-01-15,237106,41,True,,2018-06-20T20:35:06Z,,,,,,,,,,,,,,
spotify:track:276zciJ7Fg7Jk6Ta6QuLkp,Come Down,Malibu,Anderson .Paak,2016-01-15,169726,64,True,,2018-06-20T20:35:06Z,,,,,,,,,,,,,,
spotify:track:6zyXhzPJg7dCGuC5ToIxqN,Silicon Valley,Malibu,Anderson .Paak,2016-01-15,244840,44,True,,2018-06-20T20:35:06Z,,,,,,,,,,,,,,
spotify:track:1zlclNkERGFrCxznXOgkD3,Celebrate,Malibu,Anderson .Paak,2016-01-15,226186,50,True,,2018-06-20T20:35:06Z,,,,,,,,,,,,,,
spotify:track:2sNhYJ2ggd9BadlTXU3Mah,The Dreamer (feat. Talib Kweli & Timan Family Choir),Malibu,"Anderson .Paak, Talib Kweli, Timan Family Choir",2016-01-15,339973,48,True,,2018-06-20T20:35:06Z,,,,,,,,,,,,,,
spotify:track:5k1j3UnyXvmgIyNWIfycFb,Reckless Life,G N' R Lies,Guns N' Roses,1988-11-29,202693,0,True,,2018-06-17T13:50:32Z,,,,,,,,,,,,,,
spotify:track:1QQl5JSDhRVDU1lThBCAM0,Prostitute,Chinese Democracy,Guns N' Roses,2008-11-23,375773,0,False,,2018-06-17T13:50:17Z,,,,,,,,,,,,,,
spotify:track:2UqzzArv2T0NnHSTIUa13V,Locomotive (Complicity),Use Your Illusion II,Guns N' Roses,1991-09-18,522093,51,False,,2018-06-17T13:49:36Z,,,,,,,,,,,,,,
spotify:track:6dPNKXKxhx3pG0yJ1HjfZf,Perfect Crime,Use Your Illusion I,Guns N' Roses,1991-09-17,143600,0,True,,2018-06-17T13:49:25Z,,,,,,,,,,,,,,
spotify:track:0a3iy2eZQWPnzyg3ZU3NQr,Back Off Bitch,Use Your Illusion I,Guns N' Roses,1991-09-17,303493,0,True,,2018-06-17T13:49:15Z,,,,,,,,,,,,,,
spotify:track:7xki0BmuOllyquWqjhETyr,14 Years,Use Your Illusion II,Guns N' Roses,1991-09-18,261372,59,False,,2018-06-17T13:49:08Z,,,,,,,,,,,,,,
spotify:track:6BHbSBSrBmasgGIErv9KC9,Street Of Dreams,Chinese Democracy,Guns N' Roses,2008-11-23,286346,0,False,,2018-06-17T13:48:56Z,,,,,,,,,,,,,,
spotify:track:2Un4FSarJHnsz9PepQMOP8,There Was A Time,Chinese Democracy,Guns N' Roses,2008-11-23,400693,0,False,,2018-06-17T13:48:51Z,,,,,,,,,,,,,,
spotify:track:1F4qgo6TxXogilcVJOfVaM,Dead Horse,Use Your Illusion I,Guns N' Roses,1991-09-17,257560,0,False,,2018-06-17T13:48:46Z,,,,,,,,,,,,,,
spotify:track:4BZdQn690mETPLKmNDhbGi,Don't Damn Me,Use Your Illusion I,Guns N' Roses,1991-09-17,318866,0,False,,2018-06-17T13:48:39Z,,,,,,,,,,,,,,
spotify:track:70EAF6eBLasXNQq2sCnmOA,You Could Be Mine,Greatest Hits,Guns N' Roses,2004-03-23,343666,0,False,,2018-06-17T13:48:26Z,,,,,,,,,,,,,,
spotify:track:0OgjX682GaRCIdbqerNL6g,Out Ta Get Me,Appetite For Destruction,Guns N' Roses,1987-07-21,260093,0,True,,2018-06-17T13:48:06Z,,,,,,,,,,,,,,
spotify:track:6i4Qi1mJxXjqNIL9HfJhRs,Civil War,Use Your Illusion II,Guns N' Roses,1991-09-18,462093,73,False,,2018-06-17T13:47:56Z,,,,,,,,,,,,,,
spotify:track:4DnEyHNO8MdhFYFrDq73BV,Mr. Brownstone,Appetite For Destruction,Guns N' Roses,1987-07-21,225706,1,True,,2018-06-17T13:47:50Z,,,,,,,,,,,,,,
spotify:track:63HA3dpnOmdDcazJ9sDfrh,It's So Easy,Appetite For Destruction,Guns N' Roses,1987-07-21,201360,1,True,,2018-06-17T13:47:43Z,,,,,,,,,,,,,,
spotify:track:2vNw57KPaYDzkyPxXYUORX,Nightrain,Appetite For Destruction,Guns N' Roses,1987-07-21,266173,2,True,,2018-06-17T13:47:39Z,,,,,,,,,,,,,,
spotify:track:04MNKrAnzrHDUzuXAtNoLr,Live And Let Die,Use Your Illusion I,Guns N' Roses,1991-09-17,183973,0,False,,2018-06-17T13:47:35Z,,,,,,,,,,,,,,
spotify:track:0bVtevEgtDIeRjCJbK3Lmv,Welcome To The Jungle,Appetite For Destruction,Guns N' Roses,1987-07-21,272026,11,True,,2018-06-17T13:47:26Z,,,,,,,,,,,,,,
spotify:track:5tqSUxm3Wpql0dlLMrIAp1,Shadow Of Your Love,Shadow Of Your Love,Guns N' Roses,2018-05-04,185573,49,False,,2018-06-17T13:47:11Z,,,,,,,,,,,,,,
spotify:track:0lP4HYLmvowOKdsQ7CVkuq,The Kill,A Beautiful Lie,Thirty Seconds To Mars,2005-08-16,231533,80,False,,2017-06-19T19:03:34Z,,,,,,,,,,,,,,
spotify:track:1O8d2pWtBclzuY3FctBPVa,Closer,Only By The Night,Kings of Leon,2008-09-23,237480,74,False,,2017-06-16T19:54:34Z,,,,,,,,,,,,,,
spotify:track:2mv6GY70UsHiTCGQZ4JfgC,Fools Gold - Remastered 2009,The Stone Roses,The Stone Roses,1989-05-02,594453,62,False,,2017-04-07T19:10:20Z,,,,,,,,,,,,,,
spotify:track:5FdEl2UUaCaN2cC70TbLbx,Sabotage - Remastered 2009,Ill Communication (Deluxe Edition/Remastered),Beastie Boys,1994-05-23,178293,1,True,,2017-04-07T19:10:04Z,,,,,,,,,,,,,,
